"idx","review_id","review_date","rating","review_text","reviewer_hash","app_version","thumbs_up","developer_reply","reply_date","아이_학습후_성장경험_부족","부모_체계적_금융학습_확인_부족","돈이_학습행동의_동기가_된_경험","돈보상의_아쉬움_또는_부작용","아이의_학습_지속_흥미_이용의욕","부모의_금전적_보상부담","참고_학습효과_긍정_언급","학습흥미_방향","P2_근거강도","대표_페인포인트","근거가_되는_리뷰_원문","분류_이유"
"1","2d984470-590f-49b6-9129-582f2a2ba0a2","2026-08-06","5","돈 쓰기 편햐집니다","eeea45abd668","","0","","","0","0","0","0","0","0","0","","","","","6개 항목 어디에도 해당하지 않음 (기능 요청·오류 신고·단순 만족 표현 등)."
"2","85d47183-c7e5-41c7-949f-9a9067c4ed3f","2026-08-04","3","세븐일레븐 바코드도 만들어 주세요","94341ff27c5a","26.7.5","0","","","0","0","0","0","0","0","0","","","","","6개 항목 어디에도 해당하지 않음 (기능 요청·오류 신고·단순 만족 표현 등)."
"3","ccc65641-6bbb-4dae-a116-b74421fab33b","2026-08-03","5","저도작년부터용돈을지패로가고다는가기로기자남지않아서엄마용돈카트만들어주은가편희점가도카트걸제하고든이가용돈저야할주있어저요모부다7월마지주은돈주이가와정펼이했요","958efd847a7a","26.7.5","0","","","0","0","0","0","0","0","0","","","","","6개 항목 어디에도 해당하지 않음 (기능 요청·오류 신고·단순 만족 표현 등)."
"4","f16c5bce-c270-4fe2-b676-eda545ae1b2f","2026-07-18","3","갠적으로 자꾸 투자하라고 문자쏘는거 귀찮았음...","0df45b87d3d7","26.3.3","0","","","0","0","0","0","0","0","0","","","","","6개 항목 어디에도 해당하지 않음 (기능 요청·오류 신고·단순 만족 표현 등)."
"5","26f6b6b6-e9c0-4423-9cce-5bfde144d30a","2026-07-16","2","퍼핀을 했는데 한문제가 쓰레기 아니면 발자국이였는데 두개다 틀렸다고 해요 고쳐주세요 (개인정보를 지켜라)","284fa5ce8c88","26.7.1","2","","","0","0","0","0","0","0","0","","","","","6개 항목 어디에도 해당하지 않음 (기능 요청·오류 신고·단순 만족 표현 등)."
"6","2a0bef95-83ae-48dc-8b0e-81c1ff50a704","2026-07-15","5","전체적으로 너무 좋습니다! 퀴즈를 풀어서 돈도 벌수 있고, 주식투자 연습/실전 기능 등 너무 좋은 앱입니다!!!!!!","fad44df7206b","","0","","","0","0","1","0","0","0","0","","","돈이_학습행동의_동기가_된_경험","전체적으로 너무 좋습니다! 퀴즈를 풀어서 돈도 벌수 있고, 주식투자 연습/실전 기능 등 너무 좋은 앱입니다!!!!!!","퀴즈·문제풀이와 금전 보상을 연결지어 긍정적으로 서술 — 보상이 학습 행동의 이유로 제시됨."
"7","9511874a-cfce-4ad4-8efa-2fe97e23b544","2026-07-12","5","제가 용돈을 막 썼는데 이 앱은 너무 좋더라고요!! 완전 강력추천합니다! 아쉬운점은 저금통을 여러개만들고싶은데 하나밖에 못만들더라고요ㅜㅜ 그부분은 참고해주셧으면 좋겟공 나머지는 퍼펙트!!♡","8631b11016f3","","2","안녕하세요, 용돈을 계획적으로 사용하는 데 도움이 되었다니 정말 기쁩니다! 앞으로도 유익한 서비스 제공을 위해 더욱 노력하겠습니다. 감사합니다^^","2025-08-19","0","0","0","0","0","0","0","","","","","6개 항목 어디에도 해당하지 않음 (기능 요청·오류 신고·단순 만족 표현 등)."
"8","feb80616-4b19-4121-bf83-49642a413784","2026-07-04","1","뭔 로그인을해야돼서 하려는데 이름알려주는 회원 가입칭만나오고 로그인이 안돼고 본인 아니라고 계속 인증 안하네요.엄마 열받아서지금 욕하고 난립니다. 로그인 창좀 제발 만드세요.","91f3a9dbfa43","26.5.2","1","","","0","0","0","0","0","0","0","","","","","6개 항목 어디에도 해당하지 않음 (기능 요청·오류 신고·단순 만족 표현 등)."
"9","1c000abe-2d4a-4ff8-a445-dd3c4b1ab810","2026-06-24","1","자꾸오류가 뜹니다","fe1e36dfcf66","26.5.2","0","안녕하세요, 어떤 오류가 있는지 1:1 채팅상담창에 남겨주시면 바로 안내드리겠습니다!
[퍼핀 실시간 채팅 상담 링크: firfin.channel.io]","2026-06-30","0","0","0","0","0","0","0","","","","","6개 항목 어디에도 해당하지 않음 (기능 요청·오류 신고·단순 만족 표현 등)."
"10","067cf047-8354-4b4b-9657-dbb0cb0dd554","2026-06-11","5","앱 오류라고 로그인조차 안되는데..지웠다가 다시깔아도 안되네요.아이들앱도 죄다 오류~였지만 메일 한통으로 수정해주시고 연락주셔서 감사해요^^","cdb8cbf2682b","26.5.2","0","","","0","0","0","0","0","0","0","","","","","6개 항목 어디에도 해당하지 않음 (기능 요청·오류 신고·단순 만족 표현 등)."
"11","95c2bc04-687d-4d3d-bb1e-1bd494d5cb76","2026-06-11","3","잘쓰고 있었는데 에러발생하네요..고객센터 문의는 오전만 운영하고..그시간에 문의 못하면 어떻게 쓰라는건지요.빨리 해결해주세요","33f1cc26c52e","26.5.2","0","안녕하세요, 해당 오류는 저녁 8시30분 부터 복구 완료되었습니다. 현재 퍼핀앱 정상 이용이 가능하며 금융 기능에는 이상이 없으니 안심해주셔도 되어요. 이용에 불편을 드려 진심으로 죄송합니다. 자세한 오류 사유에 대해서도 빠르게 공지 게시하도록 하겠습니다. 기다려주셔서 감사드립니다.","2026-06-11","0","0","0","0","0","0","0","","","","","6개 항목 어디에도 해당하지 않음 (기능 요청·오류 신고·단순 만족 표현 등)."
"12","f012b9cf-a694-46d9-88a6-24c6aee12d1c","2026-06-11","3","앱을 잘 쓰고는 있었지만 에러가 안고쳐져요 에러가 떠서 재설정을 하면 고객셈터에 문의하라고 하네요 에러고치기가 너무 어렵습니다","68a2bbf429ac","26.5.2","0","안녕하세요, 해당 오류는 저녁 8시30분 부터 복구 완료되었습니다. 현재 퍼핀앱 정상 이용이 가능하며 금융 기능에는 이상이 없으니 안심해주셔도 되어요. 이용에 불편을 드려 진심으로 죄송합니다. 자세한 오류 사유에 대해서도 빠르게 공지 게시하도록 하겠습니다. 기다려주셔서 감사드립니다.","2026-06-11","0","0","0","0","0","0","0","","","","","6개 항목 어디에도 해당하지 않음 (기능 요청·오류 신고·단순 만족 표현 등)."
"13","15121e03-61bd-4f75-9cb5-52c8bdb7d8a5","2026-06-11","3","오늘 앱에 들어가 비밀번호를 입력하면 ""에러가 발생했습니다. 고객센터로 문의해주세요.""가 계속해서 나오네요. 엄연한 금융앱인데 에러가 너무 많아요. 혹시 안제쯤 고쳐질까요..","504f3db1f7a9","26.5.2","0","안녕하세요, 해당 오류는 저녁 8시30분 부터 복구 완료되었습니다. 현재 퍼핀앱 정상 이용이 가능하며 금융 기능에는 이상이 없으니 안심해주셔도 되어요. 이용에 불편을 드려 진심으로 죄송합니다. 자세한 오류 사유에 대해서도 빠르게 공지 게시하도록 하겠습니다. 기다려주셔서 감사드립니다.","2026-06-11","0","0","0","0","0","0","0","","","","","6개 항목 어디에도 해당하지 않음 (기능 요청·오류 신고·단순 만족 표현 등)."
"14","a93b95aa-c8e6-4868-905c-a31d5065ea6a","2026-06-11","3","오늘 왜 이렇게 접속이 안돼죠? 아까 낮에 아이 용돈주려고 제 계좌에 충전해놨는데 저녁무렵부터 계속에러ㅠ 지금 스터디카페 간다는데 용돈못주고 있어요 핸폰도 껐다켜고 몇번이나 다시해보는데 오늘 왜이러나요","ff6827c48436","26.5.2","0","안녕하세요, 해당 오류는 저녁 8시30분 부터 복구 완료되었습니다. 현재 퍼핀앱 정상 이용이 가능하며 금융 기능에는 이상이 없으니 안심해주셔도 되어요. 이용에 불편을 드려 진심으로 죄송합니다. 자세한 오류 사유에 대해서도 빠르게 공지 게시하도록 하겠습니다. 기다려주셔서 감사드립니다.","2026-06-11","0","0","0","0","0","0","0","","","","","6개 항목 어디에도 해당하지 않음 (기능 요청·오류 신고·단순 만족 표현 등)."
"15","0ab7e6a4-05da-46c9-af11-e85d75c36030","2026-06-11","1","계속 에러라는데요.지웠다깔아도 그러네요","5850b5b8b2c9","26.5.2","0","안녕하세요, 해당 오류는 저녁 8시30분 부터 복구 완료되었습니다. 현재 퍼핀앱 정상 이용이 가능하며 금융 기능에는 이상이 없으니 안심해주셔도 되어요. 이용에 불편을 드려 진심으로 죄송합니다. 자세한 오류 사유에 대해서도 빠르게 공지 게시하도록 하겠습니다. 기다려주셔서 감사드립니다.","2026-06-11","0","0","0","0","0","0","0","","","","","6개 항목 어디에도 해당하지 않음 (기능 요청·오류 신고·단순 만족 표현 등)."
"16","86d72529-a0d0-4704-bfe5-4df0e902e893","2026-06-11","1","퍼핀에러 언제고쳐지나요","8924caf6bbf8","26.5.2","0","안녕하세요, 해당 오류는 저녁 8시30분 부터 복구 완료되었습니다. 현재 퍼핀앱 정상 이용이 가능하며 금융 기능에는 이상이 없으니 안심해주셔도 되어요. 이용에 불편을 드려 진심으로 죄송합니다. 자세한 오류 사유에 대해서도 빠르게 공지 게시하도록 하겠습니다. 기다려주셔서 감사드립니다.","2026-06-11","0","0","0","0","0","0","0","","","","","6개 항목 어디에도 해당하지 않음 (기능 요청·오류 신고·단순 만족 표현 등)."
"17","b5dba02b-121d-4fe9-aaec-f019cc4e1838","2026-06-11","4","에러납니다 고객센터 연락하라는데 아이것도 마찬가지에요","370d76052850","26.5.2","0","안녕하세요, 해당 오류는 저녁 8시30분 부터 복구 완료되었습니다. 현재 퍼핀앱 정상 이용이 가능하며 금융 기능에는 이상이 없으니 안심해주셔도 되어요. 이용에 불편을 드려 진심으로 죄송합니다. 자세한 오류 사유에 대해서도 빠르게 공지 게시하도록 하겠습니다. 기다려주셔서 감사드립니다.","2026-06-11","0","0","0","0","0","0","0","","","","","6개 항목 어디에도 해당하지 않음 (기능 요청·오류 신고·단순 만족 표현 등)."
"18","863e7308-0782-4192-a68a-1b3a20313c16","2026-06-11","4","갑자기에러라고하는데요 뭐죠","de07dc5f9136","26.5.2","0","안녕하세요, 해당 오류는 저녁 8시30분 부터 복구 완료되었습니다. 현재 퍼핀앱 정상 이용이 가능하며 금융 기능에는 이상이 없으니 안심해주셔도 되어요. 이용에 불편을 드려 진심으로 죄송합니다. 자세한 오류 사유에 대해서도 빠르게 공지 게시하도록 하겠습니다. 기다려주셔서 감사드립니다.","2026-06-11","0","0","0","0","0","0","0","","","","","6개 항목 어디에도 해당하지 않음 (기능 요청·오류 신고·단순 만족 표현 등)."
"19","9dd6c2c7-8207-4977-a499-167bd0881b6b","2026-06-11","1","계속에러가발생합니다","5de3c30d366b","26.5.2","1","","","0","0","0","0","0","0","0","","","","","6개 항목 어디에도 해당하지 않음 (기능 요청·오류 신고·단순 만족 표현 등)."
"20","45b219fe-5949-4a96-ba64-9d587162b3f2","2026-06-11","1","와씨 갈수록 나아지는게 없네!!!! 지금 입금하고 잔액봐야하는데 어플 여니까 왜 에러났다며 고객센터에 문의하라고 뜨는거임? 업뎃 다 되어있는데 간간히 어플 볼때마다ㅡㅡ왜 이러는건지 개답답하네진짜","024a7f1e5e51","26.5.2","22","안녕하세요, 해당 오류는 저녁 8시30분 부터 복구 완료되었습니다. 현재 퍼핀앱 정상 이용이 가능하며 금융 기능에는 이상이 없으니 안심해주셔도 되어요. 이용에 불편을 드려 진심으로 죄송합니다. 자세한 오류 사유에 대해서도 빠르게 공지 게시하도록 하겠습니다. 기다려주셔서 감사드립니다.","2026-06-11","0","0","0","0","0","0","0","","","","","6개 항목 어디에도 해당하지 않음 (기능 요청·오류 신고·단순 만족 표현 등)."
"21","ea7bbf16-258d-4a2f-8d23-d38f46adfc53","2026-06-11","3","자꾸 에러가 뜨는데 고객센타 문의 하라는데,고객센타 연락처도 안 보이는데요.ㅜㅜ","4bc4c27da03d","26.5.2","0","안녕하세요, 해당 오류는 저녁 8시30분 부터 복구 완료되었습니다. 현재 퍼핀앱 정상 이용이 가능하며 금융 기능에는 이상이 없으니 안심해주셔도 되어요. 이용에 불편을 드려 진심으로 죄송합니다. 자세한 오류 사유에 대해서도 빠르게 공지 게시하도록 하겠습니다. 기다려주셔서 감사드립니다.","2026-06-11","0","0","0","0","0","0","0","","","","","6개 항목 어디에도 해당하지 않음 (기능 요청·오류 신고·단순 만족 표현 등)."
"22","434ee185-d255-410d-88b5-2821854361fa","2026-06-02","1","솔직히 좀 문제와 에러가 많이 떠서 놀림받은적이 있어가지고 에러를 좀 고쳐줬으면...합니당. 근데 또 좋운점이 경제생활에 도움이되어 좋아용! ♡♡","b655ae32eb2c","26.5.2","2","안녕하세요, 어떤 문제가 있는지 상담 채널에 말씀해주시면 도움을 드릴 수 있어요. 1:1 채팅 상담 주소를 전달드리며 별 점 수정도 살짝쿵 부탁드려 보아요^^ (firfin.channel.io)","2026-06-02","0","0","0","0","0","0","1","","","","솔직히 좀 문제와 에러가 많이 떠서 놀림받은적이 있어가지고 에러를 좀 고쳐줬으면...합니당. 근데 또 좋운점이 경제생활에 도움이되어 좋아용! ♡♡","아이가 경제·금융 지식을 실제로 익혔다는 경험 기반 서술 (핵심 페인포인트에 대한 반증 자료)."
"23","25021967-3da8-45fe-b282-ee7923d55df0","2026-05-30","1","퍼핀 교통카드 레일플러스인데 너무 불편해요! 꼭 편의점이나 나가서 충전해야한다는게 너무 불편하네요! 계좌나 어떻게 안나가고 바로 충전할수 있는 방법 없나요?!!","c618d387ca48","26.5.2","8","안녕하세요, 퍼핀 카드에는 레일플러스 또는 이즐 교통 기능이 탑재되어 있어요. 이즐 교통회사의 겨우 전용앱(이즐충전소앱)을 통해 온라인 충전도 가능합니다. 희망하신다면 카드 교체를 권해드려요. 추가로 궁금한 점이 있으시다면 퍼핀 1:1 고객센터 상담창에 언제든 문의글을 남겨주세요^^ (1:1실시간 채팅상담 주소: firfin.channel.io)","2026-06-01","0","0","0","0","0","0","0","","","","","6개 항목 어디에도 해당하지 않음 (기능 요청·오류 신고·단순 만족 표현 등)."
"24","379add24-6144-4c52-97cb-35b5bb2da355","2026-05-18","1","저기요 제발 이상한 광고 알림 보내지 마세요!!!!! 계속 퍼핀플러스가입하라고 생쇼를 다하는데 도대채 왜 이렇게 하는건가요? 혹시나 광고 알림 보내는거채크했다먄 그거 끄는기능 알려주세요 진짜 영상찍을때 위에 퍼핀얼굴있고 스크린샷찍으먄 있고 항상 (광고) 퍼핀플러스로 매년 9만원이상 이딴거 그만나오게해주새요 그냥 (83,949원남음)이런거만 뜨게 해주세요","da3c1eac3c94","26.3.3","7","안녕하세요, 알림은 설정에서 수정이 가능해요:) 자녀 회원이시라면 퍼핀앱>더보기>설정>알림설정>이벤트 알림을 OFF 해주세요. 감사합니다.","2026-05-19","0","0","0","0","0","0","0","","","","","6개 항목 어디에도 해당하지 않음 (기능 요청·오류 신고·단순 만족 표현 등)."
"25","933a1774-6f6e-4775-98d8-1de3e3168074","2026-05-18","5","너무좋아요","3cd9e2a94a0a","26.3.3","0","","","0","0","0","0","0","0","0","","","","","6개 항목 어디에도 해당하지 않음 (기능 요청·오류 신고·단순 만족 표현 등)."
"26","06e8b8e7-3f17-42f3-ae60-a0b7d25584ba","2026-05-03","3","이거 학생계정 만들때 부모님 않깔고 부모님승인 받는법 있나요?","e11cb4302dbc","","0","","","0","0","0","0","0","0","0","","","","","6개 항목 어디에도 해당하지 않음 (기능 요청·오류 신고·단순 만족 표현 등)."
"27","9617c358-1b27-4e7b-9a78-ee3b6fab57a1","2026-04-28","5","여러분 이거꼭 써야함 일단 장점1번째 이건 퀴즈풀면 몇 백원씩 들어옴 2번째 계좌이체 다가능!!!! 이거 꼭 쓰셈 그리고 궁금한거 바코드결제 돈 다하는거임????","aef31d17b8ba","26.3.3","0","","","0","0","1","0","0","0","0","","","돈이_학습행동의_동기가_된_경험","여러분 이거꼭 써야함 일단 장점1번째 이건 퀴즈풀면 몇 백원씩 들어옴 2번째 계좌이체 다가능!!!! 이거 꼭 쓰셈 그리고 궁금한거 바코드결제 돈 다하는거임????","퀴즈·문제풀이와 금전 보상을 연결지어 긍정적으로 서술 — 보상이 학습 행동의 이유로 제시됨."
"28","ee5740cd-5dab-4b13-ba8d-6d2c421e524f","2026-04-21","2","우리 아이에게 첫 카드로 추천들 하고 나도 추천할 수는 있다. 하지만, 광고를 통해 용돈 관리력을 기르기 전에 현질에 노출될 가능성이 크다. 이 점이 상당한 마이너스라고 보여진다. 패밀리링크로 브라우저, 유튭 막았는데 광고 타고 서핑하는 우리 아드님....ㅜㅜ 부적절한 광고는 노오력한다고 막을 수 있는게 아닐텐데, 한번의 실패가 그 동안 쌓은 모든 것을 허물어 버릴텐데 아쉽다. 차라리 부모계정에게만 광고를 붙이고 알람을 보내는 것은 어떨지. 한 푼 두 푼 모은 돈. 지름신에게 낚여 탕진할 뻔한 울 아들. 광고 알람 눌러서 계좌번호 누르라고 해서 눌렸다는 우리 아들. 이 앱을 우짢다냐.","d4d01b3a4e19","26.3.3","9","안녕하세요, 말씀해주신 부분 충분히 공감합니다. 우려하시는 점을 내부에서도 중요하게 보고 있으며, 현재 광고는 만 14세 이상 사용자에게만 노출되도록 개선 중입니다.
자녀 연령대에 맞지 않는 광고 노출을 줄일 수 있도록 지속적으로 보완하겠습니다.

이번 일을 계기로 퍼핀 앱을 통해 자녀와 함께 용돈의 쓰임과 소비 습관에 대해 이야기 나눠보시는 것도 도움이 되실 것 같습니다. :)

소중한 의견 감사드리며, 더 안전하고 신뢰할 수 있는 서비스가 될 수 있도록 노력하겠습니다. 감사합니다.^^","2026-04-22","0","0","0","0","0","0","0","","","","","6개 항목 어디에도 해당하지 않음 (기능 요청·오류 신고·단순 만족 표현 등)."
"29","9c3f2e7b-876d-48ea-8519-0f14408ade75","2026-04-18","5","👍","2cf38479d243","26.3.3","0","","","0","0","0","0","0","0","0","","","","","6개 항목 어디에도 해당하지 않음 (기능 요청·오류 신고·단순 만족 표현 등)."
"30","1b8f34cc-8d69-4a1a-84e3-a5be87c07a5c","2026-04-18","2","다 좋고 괜찮은데 저금액 수 제한이 너무 적은 것 같아요ㅠㅠ 좀 더 늘려주면 좋을 것 같아요","2ddc119b7556","26.3.3","0","안녕하세요, 말씀해주신 보유 한도 부분이 아쉽게 느껴지실 수 있을 것 같아요.
다만 퍼핀카드는 선불충전카드로, 관련 규정에 따라 보유 한도가 최대 50만원으로 제한되어 있어 별도로 상향이 어려운 점 양해 부탁드립니다.

보다 큰 금액을 관리하시고자 하신다면 퍼핀앱 투자메뉴 > 자녀 CMA 계좌를 개설을 함께 이용하시는 것을 권장드립니다. 퍼핀앱에서 연동하여 확인 및 관리가 가능해, 저금과 소비를 보다 효율적으로 나누어 관리하실 수 있을 것 같습니다.^^","2026-04-22","0","0","0","0","0","0","0","","","","","6개 항목 어디에도 해당하지 않음 (기능 요청·오류 신고·단순 만족 표현 등)."
"31","2ed5c636-82e7-4a10-bd23-78fd02384c91","2026-03-24","5","제가 본 것 중에 가장 좋았어요","0239c5b7eddd","26.3.0","0","","","0","0","0","0","0","0","0","","","","","6개 항목 어디에도 해당하지 않음 (기능 요청·오류 신고·단순 만족 표현 등)."
"32","05a88fc3-8dc6-4a65-930f-ee9bc2b505c9","2026-03-19","5","좋네요 ~ 다만 무료 상식 퀴즈는 하루에 하나만 풀 수 있다는 점이 아쉬워요..ㅜ","856741b8c0be","26.3.0","0","","","0","0","0","0","1","0","0","긍정","","아이의_학습_지속_흥미_이용의욕","좋네요 ~ 다만 무료 상식 퀴즈는 하루에 하나만 풀 수 있다는 점이 아쉬워요..ㅜ","아이의 학습(퀴즈·투자체험) 흥미·지속·의욕을 언급 (긍정)."
"33","3d83c05f-9adf-487a-a8fd-3063c8f567ca","2026-03-14","3","송금할때 자꾸 백원씩 가져가서 계좌이체할때 불편해요","b15a5fade208","26.3.0","5","안녕하세요, 자녀 회원의 경우 다른 은행 계좌로 송금 시 월 5회까지 수수료가 무료로 제공되고 있어요.
다만 플러스 멤버십 회원은 송금 수수료가 전액 무료 혜택이 추가로 제공되는 점 이용에 참고 부탁드립니다^^","2026-04-22","0","0","0","0","0","0","0","","","","","6개 항목 어디에도 해당하지 않음 (기능 요청·오류 신고·단순 만족 표현 등)."
"34","9a88cc9f-96d3-470e-ac77-a7c886862e1f","2026-03-13","3","상담원 연결 ai 말고 사람과 통화하고 싶어요 해석 할수없다고만 하고 답답해요 부모님 계좌 자동이체로 충전하게끔 해뒀는데 잔액부족이라고 충전안됩니다 해결방안 제시해주세요","06c855ffdba2","26.3.0","1","안녕하세요, 부모님 지갑 자동충전 기능은 플러스 멤버십 회원의 혜택이에요. 혹시 이용에 문제가 있다면 상담원과 1:1 채팅 상담 또는 전화상담 이 가능한 링크를 안내드립니다. ^^ (고객센터: firfin.channel.io)","2026-04-22","0","0","0","0","0","0","0","","","","","6개 항목 어디에도 해당하지 않음 (기능 요청·오류 신고·단순 만족 표현 등)."
"35","6d343c9e-7442-4e0a-ac5e-a971b4397a8c","2026-03-11","1","계좌번호바뀌고나서 왜 입금이 안될까요?","1c7f6312da8b","26.2.1","3","안녕하세요, 입금에 어떤 문제가 있는 경우 계좌번호 변경과는 무관한 다른 이유가 있을 수 있어요. (보유 한도 초과, 한 달 송금액 초과 등) 자세한 확인이 필요하시다면 1:1 실시간 채팅 상담을 통해 진행하실 수 있습니다. 감사합니다. (고객센터: firfin.channel.io)","2026-04-22","0","0","0","0","0","0","0","","","","","6개 항목 어디에도 해당하지 않음 (기능 요청·오류 신고·단순 만족 표현 등)."
"36","02a3cc7f-ccf5-4187-bf40-02f788badd71","2026-02-28","4","다 좋은데 아이들이 퍼핀통해서 유트브접속이 가능합니다. 유료사용중인데 퍼핀을 계속써야할지 고민입니다.","f24331c43492","26.2.1","0","","","0","0","0","0","0","0","0","","","","","6개 항목 어디에도 해당하지 않음 (기능 요청·오류 신고·단순 만족 표현 등)."
"37","834bd971-2f04-4789-ba65-7a0b545521cf","2026-02-27","5","다양한 앱도많다","77a146759773","26.2.1","0","","","0","0","0","0","0","0","0","","","","","6개 항목 어디에도 해당하지 않음 (기능 요청·오류 신고·단순 만족 표현 등)."
"38","b6d96028-f22f-4956-b401-fa410a4acbb1","2026-02-19","1","이게 맞나 길팬암 GG","f7312a9628d8","26.1.4","0","","","0","0","0","0","0","0","0","","","","","6개 항목 어디에도 해당하지 않음 (기능 요청·오류 신고·단순 만족 표현 등)."
"39","61b38a6a-0c46-47bc-a811-1ce9b7a6cc72","2026-02-17","4","우선 제가 사용해본 카드 앱 들 중에서 가장 편리했습니다! 다만 제가 카드를 잘 가지고 다니지 않아 바코드 결제를 자주 사용하는데 이 앱에는 체인점이 아닌 일부 매장에서는 바코드 결제를 하지 못합니다. 그래서 적립이 없는 대신 아무 곳에서나 사용할 수 있는 바코드 결제를 만들어 주시면 감사하겠습니다. 그 기능만 추가해 주시면 앞으로 퍼핀만 사용하겠습니다!","e8e5aa8ef791","26.1.4","33","안녕하세요, 퍼핀을 이용해주셔서 감사합니다^^
바코드 결제 매장 추가는 계속 확대하고자 합니다! 시간이 다소 소요될 수 있는 부분이지만 최선을 다해 확장하고자 노력하고 있으니 많은 이용 부탁드립니다 . 감사합니다!","2026-04-22","0","0","0","0","0","0","0","","","","","6개 항목 어디에도 해당하지 않음 (기능 요청·오류 신고·단순 만족 표현 등)."
"40","f3615980-9173-4643-8fc8-a79711f0479b","2026-02-17","4","퀴즈가 어린이 들이 공부하기 좋아요","8f82cb511072","26.1.4","0","","","0","0","0","0","0","0","1","","","","퀴즈가 어린이 들이 공부하기 좋아요","아이가 경제·금융 지식을 실제로 익혔다는 경험 기반 서술 (핵심 페인포인트에 대한 반증 자료)."
"41","3467b042-8861-414c-bb54-49c3e0d29428","2026-02-13","1","제작자님 재발라라라라라ㅏㄹ랄라랄라라라라랄 퍼핀에서 기프티콘 사게 해주세요 제발 그리고 멤 버쉽 아니여도 뭘 쫌 할수있게 해주세요 뭔 다 멤버쉽 아니면 뭘 할수있는데 없어요","f4e9bc35c900","","0","안녕하세요, 퍼핀앱에서도 이제 기프티콘을 예약 구매하실 수 있게 되었어요. 관련 상품은 앞으로 점차 다양하게 확대해 나갈 예정입니다.^^

멤버십 회원이 아니시더라도 앱을 통해 다양한 기능을 이용하실 수 있는데요, 혹시 사용하시면서 필요하다고 느끼신 기능이나 개선되었으면 하는 점이 있으실까요?
주신 의견은 내부에 잘 전달하여 더 나은 서비스로 발전할 수 있도록 하겠습니다. 감사합니다^^","2026-04-22","0","0","0","0","0","0","0","","","","","6개 항목 어디에도 해당하지 않음 (기능 요청·오류 신고·단순 만족 표현 등)."
"42","7a3951c5-d92d-4799-96ac-37e056ac2572","2026-01-13","3","오늘 에러가 너무 처리가 안됩니다. 지금도 미국주식종목 구경하기로 이동하면 ""에러가 발생했습니다. 고객센터로 문의해주세요""가 종일 발생합니다. 어쨌든 금융앱인데, 신뢰할 수 있어야죠? 아들을 위해 설치하고 이용하고 있는데 빠르고 적극적인 대응을 부탁드립니다. 다른 글보니깐 에러가 나면 현상 확인이 어려운 상황 등이 있는데, 개발팀에서 아마도 에러 로그 찍어보면 다 나옵니다. 지금도 엄청 찍히고 있을건데 종일 대응 안되는지 이해가 어렵습니다. 조치 좀 해주세요 제발.... 그래도 아이가 용돈 잘 사용할 수 있고 모의 주식투자로 투자 경험도 할 수 있어 너무 애정하는 서비스입니다.","09ddab2ef5a3","25.11.1","6","안녕하세요. 이용에 불편을 드려 대단히 죄송합니다. 주식 관련 오류는 모두 정상화되었으니 다시 한 번 확인해 주시면 감사하겠습니다. 앞으로도 더 나은 서비스를 제공할 수 있도록 최선을 다하겠습니다. 감사합니다. :)","2026-01-14","0","0","0","0","0","0","1","","","","… 고객센터로 문의해주세요""가 종일 발생합니다. 어쨌든 금융앱인데, 신뢰할 수 있어야죠? 아들을 위해 설치하고 이용하고 있는데 빠르고 적극적인 대응을 부탁드립니다.…","아이가 경제·금융 지식을 실제로 익혔다는 경험 기반 서술 (핵심 페인포인트에 대한 반증 자료)."
"43","75e94dc3-33e9-45d1-9c78-0d8e7b7d1e86","2026-01-09","5","내가 자급자족을 할 수 있어서 좋다.","639c66a49404","25.11.1","0","","","0","0","0","0","0","0","0","","","","","6개 항목 어디에도 해당하지 않음 (기능 요청·오류 신고·단순 만족 표현 등)."
"44","562da151-29d3-4655-9ed5-9a21f9588468","2025-12-31","3","자꾸뜅겨나가요ㅡㅡ","f020e814804e","25.11.1","0","안녕하세요, 휴대폰 기기와 퍼핀 앱이 모두 최신 버전으로 업데이트되어 있는지 먼저 확인 부탁드립니다.
현재로서는 상태 확인이 어려워, 보다 정확한 안내를 위해 1:1 채팅 상담창을 통해 계속 상담을 진행해 주시길 권해드립니다.
(firfin.channel.io)","2026-01-02","0","0","0","0","0","0","0","","","","","6개 항목 어디에도 해당하지 않음 (기능 요청·오류 신고·단순 만족 표현 등)."
"45","a2af4b83-64e3-4e83-9348-c7f94e1f44dc","2025-12-16","5","진짜 너무 사용하기 편하고 자기가 원하는 만큼 저금하고 꺼네쓸수 있어서 너무 좋아요 강추!!!","520d41799b01","25.11.1","1","","","0","0","0","0","0","0","0","","","","","6개 항목 어디에도 해당하지 않음 (기능 요청·오류 신고·단순 만족 표현 등)."
"46","6f8c8a9e-b3da-4635-afb2-2ce5b727455b","2025-12-10","5","지문인식으로 로그인이 안됩니다 수정 바랍니다","24720e2d6408","25.11.1","1","안녕하세요! 현재 지문인식 관련 오류는 확인되지 않고 있어요.
우선 퍼핀앱을 삭제 후 재설치하시거나, 휴대폰 설정에서 지문을 다시 등록해보시는 것을 추천드립니다.
그래도 동일한 문제가 계속된다면, 퍼핀 1:1 실시간 상담(firfin.channel.io)으로 문의해주시면 더욱 빠르게 도움드릴 수 있어요 감사합니다 :)","2025-12-11","0","0","0","0","0","0","0","","","","","6개 항목 어디에도 해당하지 않음 (기능 요청·오류 신고·단순 만족 표현 등)."
"47","f0fb6565-3996-445e-95b1-055cac4a208d","2025-12-09","5","용돈받는 사람으로서 너무 좋습니다","997a5ca71251","25.11.1","0","","","0","0","0","0","0","0","0","","","","","6개 항목 어디에도 해당하지 않음 (기능 요청·오류 신고·단순 만족 표현 등)."
"48","4020fd77-5f44-4575-841a-aca87a25a083","2025-12-06","5","어린이가 쓰기 좋은것 같아요 !!","e3e3b61d4c64","25.11.1","0","","","0","0","0","0","0","0","0","","","","","6개 항목 어디에도 해당하지 않음 (기능 요청·오류 신고·단순 만족 표현 등)."
"49","f806357b-7aac-4cd5-a05d-7e978f49e427","2025-12-04","2","다른건 다 좋은데 현질유도땜에 망해버린 카드앱. 장점, 단점, 후기까지 정리할게요 장점👍:1.일단 사용법이 매우 쉬움. 2.퀴즈를 풀 수 있음. 퍼핀월드라고, 경제퀴즈를 풀 수 있음. 하지만 부모 통장에서 돈이 나감. 3.가끔씩 다른 업체와 콜라보, 추가퀴즈를 제공함. 이것도 일종에 마켓팅이고 리워드는 자체에서 주지만 자꾸 광고전화와서 추천은 안함. 단점👎:1.광고...이게 퍼핀 플러스라고 매달 몇만원씩 내고 하는 유료판임. 다양한 카드 디자인 등을 제공함. 문제는 자꾸자꾸 구입 유도를 한다는 거다. 심지어는 퍼핀월드 퀴즈를 풀때마다 가입하라고 광고가 나올 정도임. X가 있어서 다행이지... 또 바코드 결제하면 돈 번다고 마케팅하면서 특정 기업에서 결제하면 고작 1~5퍼 할인함. 어떤 관점으로 봐야 돈 버는 거임? 2.이상한 광고.얼마전엔 '운세타로'라는 기능이 있었는데 들어가면 이상한 척봐도 야해 보이는 광고 뜸. 반응 안좋았는지 며칠만에 고침 결론.현질유도 심함.😠","0df3c68b35b4","25.11.1","12","안녕하세요, 사용법이 쉽고 퀴즈를 즐기실 수 있다는 점도 좋게 봐주셔서 감사해요.
퍼핀 멤버십은 유료 혜택으로 더 다양한 선택지를 제공하는 서비스지만, 이용 중 불편하셨다면 죄송하며, 남겨주신 의견은 꼼꼼히 검토하고 있습니다.^^
1~5% 적립은 적어 보일 수 있지만, 적립 포인트를 현금처럼 바로 사용할 수 있어 결국 지출이 줄고 이익이 생기는 점에서 ‘돈을 번다’는 표현을 쓴 거예요. 또한 어린이·청소년 앱인 만큼 부적절한 광고가 노출되지 않도록 노력하고 있으나 오해가 생길 수 있는 부분도 이해하고 개선하도록 하겠습니다.
퍼핀카드를 이용해 주셔서 감사드리며 앞으로도 더 나은 서비스로 보답하겠습니다. 감사합니다!^^","2025-12-10","0","0","0","1","0","1","0","","","돈보상의_아쉬움_또는_부작용","퍼핀월드라고, 경제퀴즈를 풀 수 있음. 하지만 부모 통장에서 돈이 나감","학습 보상금이 부모 통장에서 나간다는 점을 단점으로 명시."
"50","a3753794-f4e1-466e-8e77-f10dccaeb7e1","2025-11-29","5","아이들도 사용하기가 편하고 용돈계약이나 자신이 저금 할 수 있는 기회가 되서 정말 좋습니다!! 이제는 혼자 퍼핀 내역을 보고 자신의 이번 달 소비금액이나, 수입금액을 종이로 된 용돈기입장의 적는 걸 보고 퍼핀을 통해 정말 깨달은 게 많습니다! 감사합니다!!","72f2c93ef331","25.8.0","2","","","0","0","0","0","1","0","1","긍정","","아이의_학습_지속_흥미_이용의욕","아이들도 사용하기가 편하고 용돈계약이나 자신이 저금 할 수 있는 기회가 되서 정말 좋습니다!! 이제는 혼자 퍼핀 내역을 보고 자신의 이번 달 소비금액이나, 수입금…","아이의 학습(퀴즈·투자체험) 흥미·지속·의욕을 언급 (긍정)."
"51","860289ad-3248-48ed-9dbc-d77a275a51a6","2025-11-24","5","잘 사용하다가 비밀번호 입력 후 생체인증이 자꾸 오류가 나서 삭제 후 재설치 해서 인증받고 비밀번호등록하면 다시 처음부터 이름입력하고 자꾸 반복만 됩니다.","bbf3e0f5b9b9","","0","안녕하세요, 우선 이용에 불편을 드려 죄송합니다. 현재 제공해주신 정보만으로는 정확한 원인 확인이 어려운 상황입니다ㅠㅠ 번거로우시겠지만 휴대폰의 생체인식 기능을 수정하여 다시 설정해보시겠어요? 만약 동일한 문제가 계속 발생한다면 1:1 실시간 채팅 상담을 통해 더 자세한 도움을 드릴 수 있어요! (https://firfin.channel.io/)","2025-11-25","0","0","0","0","0","0","0","","","","","6개 항목 어디에도 해당하지 않음 (기능 요청·오류 신고·단순 만족 표현 등)."
"52","78dd2a0d-3630-4e1c-b484-f0abff74146d","2025-11-20","5","잘쓰고 있었는데 몇일전부터 지문입력하면 이용에 문제가 생겼어요. 먼저 인터넷 연결상태를 확인하세요<< 이팝업이 뜨면서 접속이 아예 안됩니다 모든 어플정상 작동되고 업데이트 다되어있습니다 이 오류가 계속 되는데 해결방법 알려주세요","3d5c81b4c281","25.8.0","0","안녕하세요, 인터넷 연결 상태 확인 요청 화면이 나타날 경우, 아래 두 가지를 확인해 주세요.
1.패밀리링크(자녀 보호 프로그램)를 사용 중이시라면, 해당 프로그램에서 퍼핀 앱을 예외 처리해 주세요.
2.휴대폰의 생체인식을 다시 설정해 주세요.
위 방법으로도 문제가 해결되지 않거나 동일한 현상이 계속된다면, 1:1 실시간 채팅 상담을 통해 더 자세한 도움을 드릴 수 있습니다. (https://firfin.channel.io/) 감사합니다.","2025-11-24","0","0","0","0","0","0","0","","","","","6개 항목 어디에도 해당하지 않음 (기능 요청·오류 신고·단순 만족 표현 등)."
"53","f746c45f-bf76-4030-8d3c-3aaf3b414aa4","2025-11-13","5","용돈 관리 앱 중 가장 최고인 거 같아요!! 우선 장점 1: 아이쿠카는 송금할 때 아이쿠카끼리만 되는데, 퍼핀은 다 송금을 할 수 있어서 너무 좋아요 장점 2: 퀴즈를 맞히면 최대 500원까지 용돈을 더 받을 수 있어요(관리자(엄마 혹은 아빠)가 설정할 수도 있어요) 장점 3: 재미있는 테스트들이 많아요!! 장점 4: 광고 하나도 안 나옵니다 단점은 딱히 없는 것 같아요 다만 결제 내역이 부모님께 갑니다 그리고 퍼핀 플러스에 가입하지 않으면 기본 제공되는 퀴즈 외엔 다른 퀴즈는 할 수 없고요... 그리고 마지막으로 투자 체험도 있어요 1, 2, 3등 등으로 순위를 메겨 뿌뜻함을 느낄 수도 있어요! 깔면 후회 없습니다!! 완전 만족하고 있어요~","615769d1937e","25.8.0","103","안녕하세요, 퍼핀의 장점을 이렇게 많이 말씀해주시다니, 정말 감사드립니다 ^^ 다양하게 열심히 참여해 주시는 것 같아 뿌듯합니다! 앞으로도 더욱 유익한 서비스로 보답할 수 있도록 최선을 다하겠습니다.","2025-11-19","0","0","1","0","1","0","0","긍정","","돈이_학습행동의_동기가_된_경험","…핀은 다 송금을 할 수 있어서 너무 좋아요 장점 2: 퀴즈를 맞히면 최대 500원까지 용돈을 더 받을 수 있어요(관리자(엄마 혹은 아빠)가 설정할 수도 있어요) …","퀴즈·문제풀이와 금전 보상을 연결지어 긍정적으로 서술 — 보상이 학습 행동의 이유로 제시됨."
"54","01d1493e-253a-4f79-93a5-ec9aa82fc4fa","2025-11-08","1","오류가 너무 많아요 잔액이 충분한데도 한도초과라고 뜨고 놥두면 또 됐다가 안됐다가 진짜 너무 짜증나네요 상담원도 연결도 안되고 해지해야겠어요","9bc234619d6a","25.8.0","4","안녕하세요, 일부 휴대폰 기종에서 간헐적으로 발생하는 문제로 파악되며, 해당 오류는 수정 작업 중입니다.
이용에 불편을 드려 매우 죄송하며 현재 하실 수 있는 방법은, 송금 기능 이용시 최근 보낸 계좌(과거 내역) 선택이 아닌 계좌번호를 직접 입력하여 진행하실 경우 정상적으로 이용 가능합니다. 1:1 실시간 채팅 상담을 통해 문의해주시면 자세한 안내드릴게요! (https://firfin.channel.io/)","2025-11-13","0","0","0","0","0","0","0","","","","","6개 항목 어디에도 해당하지 않음 (기능 요청·오류 신고·단순 만족 표현 등)."
"55","7fe21ab9-0a8a-4ca5-aa2b-b21d2c702882","2025-11-02","5","정말 좋고용돈 관리에 😀 👍","6c005acf0974","25.8.0","0","안녕하세요, 좋은 평가 감사드립니다^^ 앞으로도 만족스러운 서비스를 제공하기 위해 최선을 다하겠습니다.","2025-11-13","0","0","0","0","0","0","0","","","","","6개 항목 어디에도 해당하지 않음 (기능 요청·오류 신고·단순 만족 표현 등)."
"56","8f2f217e-d393-4864-b9ef-6f606453ed72","2025-10-30","3","카드보다 바코드로하는 경우가 많아서 바코드에도 많은 매장 추가하면 더좋아질것 같아요","4b2ba8197ac7","25.8.0","0","안녕하세요, 바코드 결제 매장 추가는 계속 확대하고자 합니다! 시간이 다소 소요될 수 있는 부분이지만 최선을 다해 확장하고자 노력하고 있으니 많은 이용 부탁드립니다. 감사합니다 :)","2025-10-31","0","0","0","0","0","0","0","","","","","6개 항목 어디에도 해당하지 않음 (기능 요청·오류 신고·단순 만족 표현 등)."
"57","2b5587ca-083a-4bd4-b43b-a41b1f1bb2e1","2025-10-25","5","원래 다른 기기에선 잘 쓰던 앱이었는데 이 폰에서만 갑자기 켜자마자 1초만에 강종되네요 팬택 베가 아이언 2 기기 사용 중인데 왜이럴까요 리니지 커스텀 펌웨어 때문일까요 루팅도 안 했는데ㅠ 다른 금융앱은 다 되는데 얘만 이래요 고쳐주세요 쓸 수가 없어요ㅠㅠ","2d0ab2df41b7","25.8.0","0","안녕하세요, 커스텀 디바이스에서는 보안상의 이유로 퍼핀앱 서비스를 제공하고 있지 않습니다.
이는 해킹이 될 수 있는 가능성이 매우 높은 경로이며 스토어 정책상으로는 비정상기기에 해당해요. 다른 기기에서 이용을 부탁드립니다!","2025-10-28","0","0","0","0","0","0","0","","","","","6개 항목 어디에도 해당하지 않음 (기능 요청·오류 신고·단순 만족 표현 등)."
"58","6ddc56d4-8680-462e-a095-6e363c776b95","2025-10-22","4","용돈 얻고 좋은데 가끔 오류있오오오","dff4ba9f1c31","25.8.0","0","안녕하세요, 어떤 부분에서 오류가 발생하는지 1:1 채팅 상담(firfin.channel.io)을 통해 말씀해주시면 도움을 받아보실 수 있습니다. 감사합니다.^^","2025-10-28","0","0","0","0","0","0","0","","","","","6개 항목 어디에도 해당하지 않음 (기능 요청·오류 신고·단순 만족 표현 등)."
"59","3a98814b-1489-4f30-a3d5-f354b998cf6e","2025-10-09","3","CU도 바코드 결제에 포함해 주세요.","959ff1d5189b","25.8.0","11","안녕하세요, 바코드 결제 매장 추가는 계속 확대하고자 합니다^^
시간이 다소 소요될 수 있는 부분이지만 최선을 다해 확장하고자 노력하고 있으니 많은 이용 부탁드립니다 :)","2025-10-15","0","0","0","0","0","0","0","","","","","6개 항목 어디에도 해당하지 않음 (기능 요청·오류 신고·단순 만족 표현 등)."
"60","9a66dea3-9915-4ce8-bba3-cea7e3eaf615","2025-10-08","3","폰을 잃어 버렸는데 돈을 회수 못하나요? 부모님 폰으로 회수 못할까요?","2532f9d97bba","","0","안녕하세요, 퍼핀은 안전한 금융 거래를 위해 본인 확인이 완료된 경우에만 입출금 등 금융 서비스 이용이 가능합니다.
가족관계를 확인할 수 있는 서류를 고객센터 이메일로 제출해주시면 서류 확인 후, 해당 금액은 대표 부모님 퍼핀머니로 환급드리겠습니다. 감사합니다.^^
제출하신 서류는 본인 및 가족관계 확인을 위해서만 사용되며, 확인 후 즉시 안전하게 파기합니다.
-제출정보: 부모님 성함 /전화번호, 자녀 이름 /전화번호
-제출서류: 가족관계증명서 또는 주민등록등본 (개인정보보호를 위해 주민번호 뒷자리는 가려주세요)
-제출처: support@lemontree.ai
","2025-10-15","0","0","0","0","0","0","0","","","","","6개 항목 어디에도 해당하지 않음 (기능 요청·오류 신고·단순 만족 표현 등)."
"61","29e4b811-ae55-4840-82ab-ebbc73a5f77d","2025-09-27","5","이거 처음 해봤는데 진짜 좋아서 씁니다 이렇게 적게 쓰는이유는 바로 할말이 없어서입니당🥲","710412934ef1","24.12.0","0","안녕하세요, 말 없어도 마음 충분히 전해졌습니다^^ 퍼핀앱을 이용해주셔서 감사드립니다!","2025-09-30","0","0","0","0","0","0","0","","","","","6개 항목 어디에도 해당하지 않음 (기능 요청·오류 신고·단순 만족 표현 등)."
"62","8915b991-b7bd-4d40-b39f-3a540e354d1f","2025-09-25","5","소비도 되고 카드 💳 도 있어서 너무 👍 (Good) 퀴즈도 풀어서 하면 올리브영에서 1000을 최대로 받을 수 있어요 비번을 까먹을 수도 있으니 어따가 적어나야돼요! 🥴 일단 멤버십 가입하면 돈 💰을 더 벌수 있어요! 그리고 이벤트가 있는데 자녀 5만원, 부모는 무슨 상품권 5만원을 쏜다고 해서 저는 참가를 했어요 빨리 깔아서 이벤트 참가해서 5만원 당첨을 빌어요!!!👍💫💕❤️","62aadd9ba29b","25.8.0","3","안녕하세요, 퍼핀앱을 활발히 이용해 주셔서 진심으로 감사드립니다.^^
긍정의 말씀에 힘입어, 더욱 만족스러운 서비스를 제공해드릴 수 있도록 최선을 다하겠습니다!","2025-09-30","0","0","0","0","0","0","0","","","","","6개 항목 어디에도 해당하지 않음 (기능 요청·오류 신고·단순 만족 표현 등)."
"63","3158b522-5eb0-4c32-a7fd-8e243181fa91","2025-09-17","5","돈도벌고 재밌음","25c46181d0f5","25.8.0","0","안녕하세요, 긍정적인 평가 감사합니다^^ 앞으로도 즐겁고 안전하게 금융을 배울 수 있도록 노력하겠습니다.!","2025-09-25","0","0","1","0","1","0","0","긍정","","돈이_학습행동의_동기가_된_경험","돈도벌고 재밌음","퀴즈·문제풀이와 금전 보상을 연결지어 긍정적으로 서술 — 보상이 학습 행동의 이유로 제시됨."
"64","499c9c66-30f5-4870-a9d4-605e0db9d587","2025-09-12","2","들어가는데 계속 팅겨요 고쳐주세요","e734df04c7ce","25.8.0","0","안녕하세요, 퍼핀앱 사용에 어려움을 겪고 계시군요! 우선, 휴대폰 소프트웨어와 퍼핀앱을 최신 버전으로 업데이트 해주세요. 현재 제공해주신 정보만으로는 정확한 원인 파악이 어려우나, 생체인식 설정 오류일 가능성이 있어 휴대폰 설정> 생체인식 등록/수정 메뉴에서 다시 등록을 시도해보시길 권장드립니다. 문제가 지속될 경우 1:1 채팅 상담(firfin.channel.io)을 통해 도움을 받아보실 수 있습니다. 감사합니다.","2025-09-17","0","0","0","0","0","0","0","","","","","6개 항목 어디에도 해당하지 않음 (기능 요청·오류 신고·단순 만족 표현 등)."
"65","fbd279af-ddac-4748-a4d4-3dc30d564557","2025-09-09","5","그냥 최고예요.","bcbc973bbc82","25.8.0","0","안녕하세요, 긍정적인 평가 감사합니다. 앞으로도 더 좋은 서비스로 보답드릴 수 있도록 최선을 다하겠습니다.^^","2025-08-20","0","0","0","0","0","0","0","","","","","6개 항목 어디에도 해당하지 않음 (기능 요청·오류 신고·단순 만족 표현 등)."
"66","bd77014d-c711-464f-adbc-c0873a0f379a","2025-08-31","5","항상 아이의 돈을 관리해주고 얼마썼는지 알수있게해주는 퍼핀!! 😊😊","ee118959fde4","25.8.0","1","안녕하세요, 용돈 관리에 도움이 되고 있다니 다행입니다! 앞으로 더욱 유용한 서비스를 제공해드릴 수 있도록 노력하겠습니다. 감사합니다.^^","2025-09-01","0","0","0","0","0","0","0","","","","","6개 항목 어디에도 해당하지 않음 (기능 요청·오류 신고·단순 만족 표현 등)."
"67","db8f17bb-30f5-41fb-b0cc-951473d2a508","2025-08-29","5","퍼핀은 재밌는 게임, 정확한 계산이있어서 편해요~ ♡♡","e58b8898fde0","25.8.0","1","안녕하세요, 퍼핀앱을 재미있게 이용해주셔서 감사합니다! 앞으로 더욱 편리한 서비스를 제공해드릴 수 있도록 노력하겠습니다. 감사합니다.^^","2025-09-01","0","0","0","0","1","0","0","긍정","","아이의_학습_지속_흥미_이용의욕","퍼핀은 재밌는 게임, 정확한 계산이있어서 편해요~ ♡♡","아이의 학습(퀴즈·투자체험) 흥미·지속·의욕을 언급 (긍정)."
"68","b46765ef-ad1d-4acb-a487-d56e2aa59612","2025-08-27","5","너무자녀한데 필모하는앱이에요 감사합니다","f9108812c3c9","25.8.0","2","안녕하세요, 자녀분께 도움이 되고 있다니 정말 기쁩니다^^ 앞으로도 아이들이 즐겁고 안전하게 금융을 배울 수 있도록 더 노력하겠습니다. 소중한 말씀 감사합니다!","2025-08-28","0","0","0","0","0","0","0","","","","","6개 항목 어디에도 해당하지 않음 (기능 요청·오류 신고·단순 만족 표현 등)."
"69","37e13e46-e0d6-47d3-b35d-ca5e246845c8","2025-08-21","5","너~~무 안전하게 보관가능한 퍼핀! 꼭 ~~써보세요!","5033ab2b63e2","25.8.0","1","안녕하세요, 안심하실 수 있도록 보안에 더욱 노력하겠습니다. 감사합니다!","2025-08-28","0","0","0","0","0","0","0","","","","","6개 항목 어디에도 해당하지 않음 (기능 요청·오류 신고·단순 만족 표현 등)."
"70","c78b5d04-6a31-4788-873e-d046ef24b762","2025-08-16","5","근데 제발 위치 추적기능 넣어주심 안돼나요ㅠㅠㅠ","81fb31b32c77","25.8.0","1","안녕하세요, 일반적인 카드는 기본적으로 위치추적이 불가능해요. 퍼핀앱에서 빠르게 분실신고 하신 후 마지막 결제 장소에 찾아가보시길 추천드립니다! 감사합니다.","2025-08-19","0","0","0","0","0","0","0","","","","","6개 항목 어디에도 해당하지 않음 (기능 요청·오류 신고·단순 만족 표현 등)."
"71","ae82a074-d42d-4855-8e72-bf549baa19be","2025-08-15","5","정말 편하고 자신에 미래도 금융을 갔출려고 노력하는 퍼핀!! 꼭 이걸 보시면 초등,카드없는 친구들은 퍼핀을 깔아보새요!! (추천!!!!!)","9ce7f23d8d29","25.8.0","1","안녕하세요, 회원님의 미래 금융에 도움이 되고 있다니 정말 기쁘고 다행입니다. 앞으로도 퍼핀을 유용하게 활용해주시길 바라며, 더 좋은 서비스로 보답드릴 수 있도록 노력하겠습니다! 감사합니다^^","2025-08-19","0","0","0","0","0","0","0","","","","","6개 항목 어디에도 해당하지 않음 (기능 요청·오류 신고·단순 만족 표현 등)."
"72","9994941d-2969-416a-aa75-f1e04c32c223","2025-08-13","5","굿~","437cb99e7405","25.8.0","0","안녕하세요, 퍼핀에 대한 긍정적인 평가 감사해요. 앞으로 더욱더 유용한 서비스를 제공해드릴 수 있도록 노력하겠습니다. 감사합니다.^^","2025-08-19","0","0","0","0","0","0","0","","","","","6개 항목 어디에도 해당하지 않음 (기능 요청·오류 신고·단순 만족 표현 등)."
"73","f0d218f5-2aa0-42ab-92dc-7fae53e4bea3","2025-08-13","5","돈도 얼마인지 알수있고 칭찬도 잘해준다 그리고 용돈퀴즈는 상식을 너무 잘내준다!","33eacfade6cb","25.8.0","3","안녕하세요, 말씀에 미소가 절로 지어지네요^^ 앞으로도 칭찬과 응원 아낌없이 드릴게요.감사합니다!","2025-08-14","0","0","0","0","0","0","1","","","","돈도 얼마인지 알수있고 칭찬도 잘해준다 그리고 용돈퀴즈는 상식을 너무 잘내준다!","아이가 경제·금융 지식을 실제로 익혔다는 경험 기반 서술 (핵심 페인포인트에 대한 반증 자료)."
"74","fab0ab8f-9af8-491d-a57b-5f764ad44d43","2025-08-12","4","업데이트 다운로드가 안됩니다.. 왜 그럴까요? 용돈 내역을 볼수가 없어요 빨리 해결 부탁드립니다","1bcf793369a6","24.5.3","0","안녕하세요, 퍼핀앱을 삭제후 다시 설치해보셨을까요? 앱의 문제인지 휴대폰의 설정 문제인지 알 수 없어 위 내용만으로는 해결이 어려워요ㅠㅠ 퍼핀앱 1:1 채팅 상담(firfin.channel.io)을 통해 도움을 받으실 수 있을것 같습니다. 감사합니다!","2025-08-13","0","0","0","0","0","0","0","","","","","6개 항목 어디에도 해당하지 않음 (기능 요청·오류 신고·단순 만족 표현 등)."
"75","fc05ccb3-88cd-44d3-89bf-e7276b14baee","2025-08-12","5","퀴즈도 할수있어서 좋아요! 정말 감사합니다!!","a689dd03d4c0","25.8.0","2","안녕하세요, 앞으로도 재미있고 알찬 콘텐츠 제공에 노력하겠습니다! 감사합니다^^","2025-08-13","0","0","0","0","0","0","0","","","","","6개 항목 어디에도 해당하지 않음 (기능 요청·오류 신고·단순 만족 표현 등)."
"76","e7aba3b6-64c8-466a-b861-22ac16daf495","2025-08-12","5","너무편하고애들이퀴즈하고돈도받으니까좋아해요","7c51b4ce320d","25.8.0","1","안녕하세요, 퍼핀이 편하게 느껴지시고, 아이들도 퀴즈 풀며 즐겁게 참여해주고 있다니 정말 기쁘네요! 재미와 함께 자연스럽게 금융 습관까지 키워갈 수 있도록 앞으로도 좋은 서비스 제공에 노력하겠습니다. 소중한 후기 감사합니다^^","2025-08-13","0","0","1","0","1","0","0","긍정","","돈이_학습행동의_동기가_된_경험","너무편하고애들이퀴즈하고돈도받으니까좋아해요","퀴즈·문제풀이와 금전 보상을 연결지어 긍정적으로 서술 — 보상이 학습 행동의 이유로 제시됨."
"77","56b67d1b-751e-47b1-9bdc-f7acbceb5467","2025-08-12","5","퍼핀은 정말 재미있고 퀴즈도 정말 재미있어요","09de01ce4f3e","25.8.0","1","안녕하세요, 퍼핀을 재미있게 이용해주셔서 감사해요. 앞으로 더욱더 재미있고 유용한 서비스를 제공해드릴 수 있도록 노력하겠습니다. 감사합니다.^^","2025-08-13","0","0","0","0","1","0","0","긍정","","아이의_학습_지속_흥미_이용의욕","퍼핀은 정말 재미있고 퀴즈도 정말 재미있어요","아이의 학습(퀴즈·투자체험) 흥미·지속·의욕을 언급 (긍정)."
"78","d7abbf1a-4ac1-44bf-922c-9ac780fa3b12","2025-08-12","5","편하고 앱에서도 가끔씩 깊콘 이밴트도 해서 좋아요","2d2f1ae1d4d9","25.8.0","2","안녕하세요, 퍼핀을 이용해주셔서 감사합니다. 앞으로의 이벤트에도 많은 참여 부탁드려요^^","2025-08-13","0","0","0","0","0","0","0","","","","","6개 항목 어디에도 해당하지 않음 (기능 요청·오류 신고·단순 만족 표현 등)."
"79","2be9f7d1-1d58-4ab4-8b64-c1e026bb8c8d","2025-08-11","5","다양한 기능이 있어서 좋았습니다","e11f3cc93e12","25.8.0","1","안녕하세요. 퍼핀앱을 통해 다양한 경험을 전달드리려 노력했던 부분을 알아봐 주셔서 정말 감사해요ㅎㅎ 앞으로도 더 유익한 내용 나눌 수 있도록 노력하겠습니다!","2025-08-12","0","0","0","0","0","0","0","","","","","6개 항목 어디에도 해당하지 않음 (기능 요청·오류 신고·단순 만족 표현 등)."
"80","e710b8d6-0b1b-487b-a69c-6ac76e834a37","2025-08-11","5","시스템에 잘 가쳐줘 있음..!","9077f1d8c2df","25.7.2","0","안녕하세요, 퍼핀에 대한 긍정적인 평가 감사합니다^^ 앞으로 더욱더 편리하고 유용한 서비스를 제공해드릴 수 있도록 노력하겠습니다. 감사합니다!","2025-08-12","0","0","0","0","0","0","0","","","","","6개 항목 어디에도 해당하지 않음 (기능 요청·오류 신고·단순 만족 표현 등)."
"81","1ca00972-71f5-4aa9-900d-96b136242213","2025-08-11","5","계좌도 생기고 재미있는 퀴즈도 많아요","75cf698bc3a7","25.8.0","1","안녕하세요, 퀴즈 컨텐츠를 재미있게 잘 이용해주셔서 감사합니다. '플러스 멤버십' 에 가입하시면 더욱 다양한 퀴즈와 유익한 정보를 얻으실 수 있어요. 추가 혜택도 받으실 수 있으니 참고해주세요ㅎㅎ","2025-08-12","0","0","0","0","1","0","0","긍정","","아이의_학습_지속_흥미_이용의욕","계좌도 생기고 재미있는 퀴즈도 많아요","아이의 학습(퀴즈·투자체험) 흥미·지속·의욕을 언급 (긍정)."
"82","591d0104-fbda-418b-b7ed-ad53906efad0","2025-08-11","5","퍼핀덕분에 돈관리 더 잘하게됐어요!","01b9b56a7044","25.8.0","1","안녕하세요, 긍정적인 평가 감사드립니다!! 앞으로도 더욱 유용하고 만족스러운 서비스를 제공해드릴 수 있도록 노력하겠습니다. 감사합니다^^

","2025-08-12","0","0","0","0","0","0","1","","","","퍼핀덕분에 돈관리 더 잘하게됐어요!","아이가 경제·금융 지식을 실제로 익혔다는 경험 기반 서술 (핵심 페인포인트에 대한 반증 자료)."
"83","7aeff622-97b9-4311-b123-555daa19df2c","2025-08-02","1","아니 처음 회원가입할때 저는 다시 까는건데 로그인 버튼도 없고 통신사랑 다 하고 동의했는데 뭐 고객센터에 연락하려고하고 고객센터 연락처는 없고 ㅋㅋ","a14df82c905e","","3","안녕하세요 회원님, 퍼핀앱 사용에 불편을 겪고 계시군요! 퍼핀앱은 별도의 로그인 버튼 없이, 비밀번호(PIN) 6자리를 입력하시면 바로 접속이 가능해요. 만약 비밀번호를 수정하시는 과정에서 본인인증을 진행 중이시라면, 휴대전화 가입시 등록하셨던 개인정보가 정확히 입력되었는지 다시 한 번 확인해 주세요. 문제 해결이 어려우신 경우, 1:1 채팅 상담(firfin.channel.io)을 통해 도움을 받으실 수 있습니다. 감사합니다.","2025-08-04","0","0","0","0","0","0","0","","","","","6개 항목 어디에도 해당하지 않음 (기능 요청·오류 신고·단순 만족 표현 등)."
"84","d3407b67-8236-4d62-852f-7beda1965d08","2025-07-22","4","pc로도 사용내역이나 입금내역이 확인 되었으면 좋겠어요","1475001d1abb","25.7.1","0","안녕하세요, 남겨주신 소중한 의견은 본사에 잘 전달드리겠습니다.^^ 앞으로도 더욱 편리하고 만족스러운 서비스를 제공해드릴 수 있도록 노력하겠습니다. 감사합니다!

","2025-07-23","0","0","0","0","0","0","0","","","","","6개 항목 어디에도 해당하지 않음 (기능 요청·오류 신고·단순 만족 표현 등)."
"85","b3624c81-d63a-4a29-97e3-efad97420c0f","2025-07-12","5","재미있음","8295c65a726a","25.7.1","0","안녕하세요 회원님, 긍정적인 평가 감사드려요^^ 앞으로도 더 유용하고 편리한 서비스를 제공해드릴 수 있도록 최선을 다하겠습니다!","2025-07-15","0","0","0","0","0","0","0","","","","","6개 항목 어디에도 해당하지 않음 (기능 요청·오류 신고·단순 만족 표현 등)."
"86","1748be55-88c4-414a-9c09-69b767129891","2025-07-11","5","좋아요 근데 현금이 더 좋다네요 경제관념 생기면 다시 이용할게요 충전된 예금 보호자 계좌로 환불해주세요","06e5ba2a0aee","25.5.1","1","안녕하세요 회원님, 자녀 지갑 잔액과 부모님께 남은 잔액은 본인 명의 휴대폰 퍼핀앱에서 반환 및 출금이 가능해요.
자녀에게 지급된 용돈 반환 방법 안내드릴게요. (자녀 휴대폰 퍼핀앱 → 지갑잔액 → [송금하기] → [계좌송금] → 계좌번호 입력 후 송금) 실시간 사용 내역 확인이나 학습 기능 등 자녀분에게 도움이 될 수 있는 다양한 기능이 마련되어 있으니,
다음에 꼭 다시 이용해보시길 권해드립니다. 감사합니다^^","2025-07-14","0","0","0","0","1","0","0","부정","","아이의_학습_지속_흥미_이용의욕","좋아요 근데 현금이 더 좋다네요 경제관념 생기면 다시 이용할게요 충전된 예금 보호자 계좌로 환불해주세요","아이가 앱 이용을 줄이거나 중단한다는 언급 (부정)."
"87","48f271d1-36db-465f-9c0f-33d2cf50d845","2025-07-06","4","초등학생 아들이 정말 쓰고 있어요 근데 최근 저금통 해지를 하려는데 안되더라구요 어플을 지우고 다시 깔아도 안되고 도대체 어쩌라는건지 모르겠네요","4a93658464bd","25.7.1","0","안녕하세요 회원님, 퍼핀을 이용해 주셔서 감사드립니다. 저금통은 [목표금액 달성한 경우]와 [미달성한 경우] 가 있습니다. 목표금액을 달성한 경우 : 자녀회원 로그인 → [홈] → 저금통 [상세보기] → [끝내기] 해주세요. 목표금액 미달성한 경우 : 자녀회원 로그인 → [홈] → [목표 이름] → 우측 상단의 [관리(톱니바퀴)] → [저금 중도 포기] 를 해주세요.^^","2025-07-07","0","0","0","0","0","0","0","","","","","6개 항목 어디에도 해당하지 않음 (기능 요청·오류 신고·단순 만족 표현 등)."
"88","ea3deef7-320b-4507-8ae1-93da1682be0d","2025-07-05","5","다운은 받았는데 첫째아이 폰이 엄마인 제명의로 되어있어서 가입이안되는데 어떻게해야하나요ㅠㅠ","924d05e7ac17","25.7.1","1","안녕하세요 회원님, 퍼핀카드와 앱을 이용하시려면 자녀명의의 휴대폰이 꼭 필요해요. 온라인 및 모바일 결제가 가능한 본인인증 기반의 카드이기 때문에 금융안전을 위해 미성년자인 자녀는 통신사 명의 인증을 거치고 있는 점 양해부탁드립니다. 자녀 명의로 바꾸었을 때 휴대폰 사용 제어 등 도움 되는 부분들도 많으니 명의 변경도 제안 드려봅니다^^ 감사합니다.","2025-07-07","0","0","0","0","0","0","0","","","","","6개 항목 어디에도 해당하지 않음 (기능 요청·오류 신고·단순 만족 표현 등)."
"89","732689d0-cc98-41ce-8a39-322546427be2","2025-06-21","3","제가 퍼핀으로 카드를 씁니다. 근데 제가 비밀번호를 몰라 비밀번호를 잊어버렸어요로 했는데 인증번호가 안옵니다. 혹시 내가 잘못했나 해서 다시했는데도 안되서 카드의 잔액을 확인할수 없어서 힘들었습니다.","5ae0c944c3ac","25.6.0","1","안녕하세요 회원님, 상황이 무척 답답하셨을것 같아요. 지금은 해결 된 상태일까요? 문자 수신이 되지 않는다면 [ 031-726-9990 ] 이 번호를 핸드폰 연락처에 저장 후 다시 인증시도 부탁드려요. 그래도 되지 않는다면 본인 연락처와 함께 hello@lemontree.ai 로 보내주시면 문제 원인과 해결방법 알려드리도록 하겠습니다! 감사합니다.","2025-06-25","0","0","0","0","0","0","0","","","","","6개 항목 어디에도 해당하지 않음 (기능 요청·오류 신고·단순 만족 표현 등)."
"90","857f4196-5fad-4acc-a81e-3a3b750184ff","2025-06-20","1","갑자기안됩니다. 인터넷연결이 안되었다고 하면서요! 앱 삭제 수 재설치 하려고 해도 인증문자도 안오고 스팸등록 되어있지도 않습니다","d18aea739ce5","25.6.0","13","안녕하세요 회원님, 정말 인터넷 연결에 문제가 있거나 부모님께서 설치하신 자녀보호프로그램이 퍼핀앱을 차단하고 있을 가능성이 있어 보여요. 부모님께서 사용하고 계신 프로그램에서 퍼핀앱 제외를 해주시면 좋을 것 같아요. 계속 동일한 문제가 발생한다면 본인 연락처와 함께 hello@lemontree.ai 로 보내주시면 문제 원인과 해결방법 알려드리도록 하겠습니다! 감사합니다.","2025-06-25","0","0","0","0","0","0","0","","","","","6개 항목 어디에도 해당하지 않음 (기능 요청·오류 신고·단순 만족 표현 등)."
"91","687fdb25-5b7b-49a0-b766-d831fa6afd0b","2025-06-16","5","주식에 투자하면서 많은 감정도 느낄 수 있고,용돈도 저금 하면서 좋습니닷!앞으로도 이런 앱 만들어주세용~~~~","2d92f0fa308a","25.6.0","1","안녕하세요 회원님, 응원의 말씀 무척 힘이 되고 진심으로 감사드려요! 더욱 유용하고 편리한 퍼핀이 되기 위해 최선을 다하겠습니다!","2025-06-25","0","0","0","0","0","0","1","","","","주식에 투자하면서 많은 감정도 느낄 수 있고,용돈도 저금 하면서 좋습니닷!앞으로도 이런 앱 만들어주세용~~~~","아이가 경제·금융 지식을 실제로 익혔다는 경험 기반 서술 (핵심 페인포인트에 대한 반증 자료)."
"92","80acfe3e-20a0-4d05-9940-d16cd2a8445d","2025-06-10","3","업데이트 할땐 이체가 안되서 불편하네요","160414141644","25.6.0","4","안녕하세요 회원님, 어떤 업데이트를 말씀하시는 걸까요? 본인 연락처와 함께 hello@lemontree.ai 로 보내주시면 문제 원인과 해결방법 알려드리도록 하겠습니다! 감사합니다.^^","2025-06-25","0","0","0","0","0","0","0","","","","","6개 항목 어디에도 해당하지 않음 (기능 요청·오류 신고·단순 만족 표현 등)."
"93","1cf7451b-a426-4589-a4ec-4e26c40cafe6","2025-06-10","1","아니 계좌이체가 안돼요","35d6e40aec64","25.6.0","2","안녕하세요 회원님, 현재 계좌이체 기능에 오류는 없는 상태예요. 화면에 어떤 오류코드가 보이는 지 본인 연락처와 함께 hello@lemontree.ai 로 보내주시면 문제 원인과 해결방법 알려드리도록 하겠습니다! 감사합니다.","2025-06-10","0","0","0","0","0","0","0","","","","","6개 항목 어디에도 해당하지 않음 (기능 요청·오류 신고·단순 만족 표현 등)."
"94","70d676e4-d807-43c6-843d-96189d71a253","2025-06-10","3","송금이 안되요 오류 났다고 뜨면서","bfed5f7c66fc","23.9.1","1","안녕하세요 회원님, 현재 계좌이체 기능에 오류는 없는 상태예요. 화면에 어떤 오류코드가 보이는 지 본인 연락처와 함께 hello@lemontree.ai 로 보내주시면 문제 원인과 해결방법 알려드리도록 하겠습니다! 감사합니다.","2025-06-10","0","0","0","0","0","0","0","","","","","6개 항목 어디에도 해당하지 않음 (기능 요청·오류 신고·단순 만족 표현 등)."
"95","94092238-8d0c-460e-88d5-02f668cd0c0f","2025-05-31","5","멈추지 않는다","0720e12fe33a","25.5.3","0","","","0","0","0","0","0","0","0","","","","","6개 항목 어디에도 해당하지 않음 (기능 요청·오류 신고·단순 만족 표현 등)."
"96","5c573454-8da3-4e3a-b027-f2c7f7d71da6","2025-05-28","5","퀴즈 맞혀서 돈 받는 거도 좋고 가상주식투자도 좋은데 계좌이체한 것도 카테고리 선택할 수 있으면 좋겠어요","08f9dd7c2f78","25.5.3","2","안녕하세요 회원님, 소중한 의견 감사합니다! 더욱 유용하고 편리한 퍼핀이 되기 위해 최선을 다하겠습니다!","2025-06-25","0","0","1","0","0","0","0","","","돈이_학습행동의_동기가_된_경험","퀴즈 맞혀서 돈 받는 거도 좋고 가상주식투자도 좋은데 계좌이체한 것도 카테고리 선택할 수 있으면 좋겠어요","퀴즈·문제풀이와 금전 보상을 연결지어 긍정적으로 서술 — 보상이 학습 행동의 이유로 제시됨."
"97","bc423af1-d68b-4ebd-bddc-693e4bc4e01f","2025-05-25","5","너무 좋아요~! 근데 바코드 결제 중에 CU가 없는게 너무 불편해요...ㅜㅜ 추가해주세요~","9ba14eecaf61","","0","","","0","0","0","0","0","0","0","","","","","6개 항목 어디에도 해당하지 않음 (기능 요청·오류 신고·단순 만족 표현 등)."
"98","41e3caf0-6bf7-4530-9493-c14e9415a4ad","2025-05-23","4","안녕하세요 12살 초등학생 5학년입니다 경제관념을 잘 기를수있는것 같아서 자녀분들께 추천드립니다.다 좋은데 저희 집근처에 cu밖에 없어서 cu가 바코드 결제에 추가돼면 좋겠어요.","25c63b3d1a8b","25.5.3","1","","","0","0","0","0","0","0","1","","","","안녕하세요 12살 초등학생 5학년입니다 경제관념을 잘 기를수있는것 같아서 자녀분들께 추천드립니다.다 좋은데 저희 집근처에 cu밖에 없어서 cu가 바코드 결제에 추…","아이가 경제·금융 지식을 실제로 익혔다는 경험 기반 서술 (핵심 페인포인트에 대한 반증 자료)."
"99","0cfe44b4-7dca-4254-a2db-02de720241f7","2025-05-20","1","아이 폰을 교체했는데 호환되지 않는 기기라고 표시되며 신규 설치가 불가능합니다. 계정 백업 복구로 설치되더라도 실행하면 앱이 구동되다가 죽습니다. 퍼핀을 제외한 다른 앱들은 구글스토어에서 검색&설치가 잘 되는 것으로 볼 때 기기 문제라기 보다는 퍼핀에서 앱스토어 호환 디바이스 설정을 타이트하게 셋팅해둔게 아닌가 싶은데요. 다른 대중적인 앱들과 비슷한 수준으로 변경해주면 좋을 것 같습니다.","7b5a407d9e85","25.5.1","103","안녕하세요 회원님, 퍼핀앱이 지원하는 버전은 카카오톡과 비교했을 때 더 낮은 버전도 커버될 수 있도록 지원하고 있습니다. 어떤 기기로 교체하셨는지와 자녀분의 연락처를 support@lemontree.ai로 알려주시면 동일 기기 및 환경에서 확인을 해보도록 하겠습니다! 추가로, 자녀 분의 휴대폰 OS를 최신버전으로 업데이트 후 사용해보시는 것도 제안 드려봅니다 :)","2025-05-23","0","0","0","0","0","0","0","","","","","6개 항목 어디에도 해당하지 않음 (기능 요청·오류 신고·단순 만족 표현 등)."
"100","9e81aafe-4184-464b-8fee-385f98cfa7d6","2025-05-17","4","다른 편의점 다 있는데 cu만 없는게 아쉽네요ㅁ","06f86d78c55b","25.5.1","0","","","0","0","0","0","0","0","0","","","","","6개 항목 어디에도 해당하지 않음 (기능 요청·오류 신고·단순 만족 표현 등)."
"101","72976889-ebda-4f5b-9601-fe15a93ebd79","2025-05-12","1","에러가 자주 생기네요","5e423f4c5b90","","1","안녕하세요 회원님, 이용에 불편을 드려 죄송합니다. 혹시 어떤 에러가 발생하였을까요? 5월 중에 대규모로 일어난 에러는 없었기에 특정 기기에서 일어나는 에러가 있는지 확인이 필요합니다. 에러 없이 이용하실 수 있도록 최대한 개선을 하고자 하오니, 혹시라도 시간이 되신다면 어떤 에러였는지 기억을 더듬어 hello@lemontree.ai 로 전화번호와 함께 의견 보내주시면 최선을 다하여 문제를 파악하고 고치도록 하겠습니다. 감사합니다.","2025-05-23","0","0","0","0","0","0","0","","","","","6개 항목 어디에도 해당하지 않음 (기능 요청·오류 신고·단순 만족 표현 등)."
"102","f7855555-00e7-4e1e-8324-4f47751befde","2025-05-07","5","좋아요.","2a2cd9ab7c99","25.5.1","0","","","0","0","0","0","0","0","0","","","","","6개 항목 어디에도 해당하지 않음 (기능 요청·오류 신고·단순 만족 표현 등)."
"103","cfe3340e-a7fa-49b9-9c84-38238527393d","2025-05-06","5","용돈을 스스로 관리할 수 있는앱입니다. 제가 원래 소비기록을 잘 쓰지 않았는데 , 이 앱을 쓰고 소비기록도 적고 제가 어떤분야에 소비를 많이 하는지 잘 알수 있고 , 조절 할 수 잇게 되어서 정말 좋습니다. 매일 매일 할 수 있는 퀴즈도 정말 마음에 듭니다. 그리고 현금처럼 잃어버릴 일도 없고 , 카드 디자인도 심플해서 마음에 듭니다. 그런데 , 업데이트를 너무 자주해야 한다는 단점이 있습니다.","618658ce9327","25.5.1","227","","","0","0","0","0","1","0","1","긍정","","아이의_학습_지속_흥미_이용의욕","…수 있고 , 조절 할 수 잇게 되어서 정말 좋습니다. 매일 매일 할 수 있는 퀴즈도 정말 마음에 듭니다. 그리고 현금처럼 잃어버릴 일도 없고 , 카드 디자인도 심…","아이의 학습(퀴즈·투자체험) 흥미·지속·의욕을 언급 (긍정)."
"104","7b857798-1773-48c3-947c-8c6d78c23521","2025-05-04","1","카드없으면 앱으로 결제 할수 있는게 한정적임 9만원 결제 했는데 퀴즈 하루에 3개밖에 못품. 기사 보려면 또 따로 결제 해야함. 9만얼마 왜 결제 하는지 이유를 모르겠슴. 다른 용돈 어플이 훨씬 남.","97f85495ce7a","25.5.1","10","안녕하세요 회원님, 우선 이용에 불편을 드려 죄송합니다. 바코드 결제의 경우 결제 혜택으로 포인트 페이백을 지급하는 구조이다 보니 많은 업체들의 참여에 시간이 걸리고 있습니다. 플러스 멤버십 경우 플러스 퀴즈 5개씩 풀이가 가능하며 1년 기준으로 결제하신 비용을 다 받아가실 수 있는 구조라는 점 다시 안내드립니다 :) 바코드 결제는 더욱 확장될 수 있도록 더욱 노력하겠으며, 플러스 멤버십도 더욱 다양한 기능과 혜택을 받아가실 수 있도록 개선 작업을 하고 있는 중이니 기대해주세요^^ 최선을 다하여 발전하도록 하겠습니다! 감사합니다.","2025-05-23","0","1","0","0","0","0","0","","간접","부모_체계적_금융학습_확인_부족","9만원 결제 했는데 퀴즈 하루에 3개밖에 못품. 기사 보려면 또 따로 결제 해야함","유료 결제에도 학습 콘텐츠 분량이 부족하다는 지적 (교육 내용 부족 유형)."
"105","255e344d-a346-43f1-86d3-a7565d293cf0","2025-04-24","5","아이쿠카쓰다가 퍼핀으로 갈아탔어요 아이쿠카는 너무 별루더라구요","f795c35a0942","","4","","","0","0","0","0","0","0","0","","","","","6개 항목 어디에도 해당하지 않음 (기능 요청·오류 신고·단순 만족 표현 등)."
"106","9a617540-3a8f-4e19-91a1-b262f07bba65","2025-04-15","2","별로","dcc56d871408","25.3.1","1","안녕하세요 회원님, 더욱 편리하고 유용한 퍼핀이 되기 위해 어떤 점이 별로인지 hello@lemontree.ai으로 연락처와 함께 의견을 보내주신다면 최선을 다하여 개선하도록 하겠습니다!!","2025-05-23","0","0","0","0","0","0","0","","","","","6개 항목 어디에도 해당하지 않음 (기능 요청·오류 신고·단순 만족 표현 등)."
"107","d752b4c6-a15c-48d4-8bf1-88750448b088","2025-03-24","5","용돈이 들어오는걸 바로 볼수 있고 용돈도 모을 수 있어서 살짝에 조절도 돼서 너무 좋아요^^","1efdd636d9c2","25.3.0","3","","","0","0","0","0","0","0","0","","","","","6개 항목 어디에도 해당하지 않음 (기능 요청·오류 신고·단순 만족 표현 등)."
"108","3ca8872d-3505-427c-9aac-274d3b464777","2025-03-23","3","다 좋은데 몇 개만 좀 개선되었으면 좋을 것 같아요 우션 토스처럼 기프티콘 같은 걸 살 수 있었으면 좋겠고 저금통에서 돈을 넣고 뺄 수 있었으면 좋겠어요 이것만 추가 된다면 좋을 거 같아요","edb991a45561","25.3.0","4","안녕하세요 회원님^^ 저금통의 경우 목표를 세우고 끝까지 달성하는 습관을 길러드리기 위해 만들어진 거랍니다~ 중간에 포기하는 일 없이 달성할 수 있도록 노력해보시길 추천드려요! 감사합니다 :)","2025-04-09","0","0","0","0","0","0","0","","","","","6개 항목 어디에도 해당하지 않음 (기능 요청·오류 신고·단순 만족 표현 등)."
"109","8e928693-fad2-4c80-9457-bd6a152806cb","2025-03-18","5","진짜 편하고 송금 기능도 생겨서 친구들과 더치페이하기도 좋습니다 또한 네이버페이로 연결해서 온라인 결제도 할수 있는 점도 좋더라고요 다만 아쉬운 점은 삼성페이가 안된다는 것 입니다 더욱더 편리한 퍼핀이 되기 위해 이 점도 보완해주셨으면 좋겠네요! 그치만 광고도 없고 보안도 철저하고, 또 국민은행에서 만들어서 더 믿음이 가는 앱입니다 카드 디자인도 깔끔하고 예뻐요","9f8e1fb9e034","25.3.0","3","","","0","0","0","0","0","0","0","","","","","6개 항목 어디에도 해당하지 않음 (기능 요청·오류 신고·단순 만족 표현 등)."
"110","7edfcbc6-58e9-4979-a802-1d14d0d8c0d1","2025-03-17","5","용돈카드로 사용하기 좋습니다 위치도알수있고 추천합니다","6725fbe9922f","25.3.0","2","","","0","0","0","0","0","0","0","","","","","6개 항목 어디에도 해당하지 않음 (기능 요청·오류 신고·단순 만족 표현 등)."
"111","34a9bce2-5424-47f8-b3d2-d00391308417","2025-03-16","1","별 1점 주기도 아깝네요 도대체 부모님이 탈퇴를 하면 자녀도 탈퇴를 해야 되는데 인증번호 해도 안돼고 이 앱 비추천해요..","069e06fdda2f","","1","안녕하세요 회원님, 우선 이용에 불편을 드려 죄송합니다. 그런데 부모님 탈퇴와 자녀분 탈퇴는 별개입니다. 부모님이 탈퇴하시더라도 자녀분은 계속 사용이 가능하세요~ 고객센터로 문의 주시면 더 자세한 안내 도와드리도록 하겠습니다.","2025-04-09","0","0","0","0","0","0","0","","","","","6개 항목 어디에도 해당하지 않음 (기능 요청·오류 신고·단순 만족 표현 등)."
"112","1e9e0e73-9299-4a42-a305-88c861a69b96","2025-03-13","5","송금할때 100원 수수료빼고는 다 좋아용 ㅎㅎ","a5706d57d98b","23.7.0","0","안녕하세요 회원님, 월 5회까지는 무료 송금이지만 6회 부터는 수수료가 발생합니다. 송금을 꼭 해야할 때만 신중히 해주시는 것을 권장드립니다^^ 잘 이용해주셔서 감사합니다!","2025-04-09","0","0","0","0","0","0","0","","","","","6개 항목 어디에도 해당하지 않음 (기능 요청·오류 신고·단순 만족 표현 등)."
"113","821daa52-0f7a-4335-9ae2-b98893d26faa","2025-03-11","4","세이프박스는 안에서 일정 금액만 뺄 수 있는데 저금통은 저금통 깨는 것 처럼 다 빠지니 번거롭고 귀찮습니다아...","1355145be616","25.3.0","2","안녕하세요 회원님^^ 저금통의 경우 목표를 세우고 끝까지 달성하는 습관을 길러드리기 위해 만들어진 거랍니다~ 중간에 포기하는 일 없이 달성할 수 있도록 노력해보시길 추천드려요! 감사합니다 :)","2025-04-09","0","0","0","0","0","0","0","","","","","6개 항목 어디에도 해당하지 않음 (기능 요청·오류 신고·단순 만족 표현 등)."
"114","33ce4cfb-bd40-4dd1-baae-45d4ecebb115","2025-03-07","1","이상한 광고땜에 짜증나요","a82d887b6e39","25.3.0","4","안녕하세요 회원님, 부모님께 최대한 도움 또는 혜택이 될 수 있는 정보성 광고를 싣고 있습니다만 '이상한' 광고로 느껴지셨다면 매우 죄송합니다. 더욱 심사숙고하도록 하겠습니다.","2025-03-11","0","0","0","0","0","0","0","","","","","6개 항목 어디에도 해당하지 않음 (기능 요청·오류 신고·단순 만족 표현 등)."
"115","5e51a93b-8017-4142-9c7e-1e87b5456201","2025-03-02","5","토스도 쓰고 퍼핀도 쓰고있는데 괜찮네요 좋습니다.","c582ecf9c9a6","25.2.2","3","","","0","0","0","0","0","0","0","","","","","6개 항목 어디에도 해당하지 않음 (기능 요청·오류 신고·단순 만족 표현 등)."
"116","45268e8a-b8e7-463e-849d-5c0ac42428c3","2025-02-26","1","왜 안열려요. 인터넷 연결이 어쩌고저쩌고 할 종일 안려리네","54032fd8f5cf","25.2.2","2","안녕하세요 회원님, 인터넷 연결에 대한 메세지는 회원님의 휴대폰 상에서 문제로 보입니다. VPN 연결 또는 사용 제한을 걸 수 있는 앱이 연결된 경우 접속에 문제가 있을 수도 있으니 확인 부탁드립니다.","2025-03-11","0","0","0","0","0","0","0","","","","","6개 항목 어디에도 해당하지 않음 (기능 요청·오류 신고·단순 만족 표현 등)."
"117","1bc5f715-2616-40f4-bf8f-ff4ae3b8d209","2025-02-19","5","이벤트도 많이 하고 투자도 재미있어요. 이벤트 더 많이 해주세요. 근데 투자 1000등 안으로 들고 싶은데 어떻게하면 되나요?알려주시면 감사하겠습니다.","8aba10726b7a","25.1.1","1","","","0","0","0","0","1","0","0","긍정","","아이의_학습_지속_흥미_이용의욕","이벤트도 많이 하고 투자도 재미있어요. 이벤트 더 많이 해주세요. 근데 투자 1000등 안으로 들고 싶은데 어떻게하면 되나요?알려주시면 감사하겠습니다.","아이의 학습(퀴즈·투자체험) 흥미·지속·의욕을 언급 (긍정)."
"118","354ccc59-1b7c-405b-9238-43fd9d42d8c2","2025-02-09","5","매우 좋습니다. 끝","710615791e54","25.1.1","2","","","0","0","0","0","0","0","0","","","","","6개 항목 어디에도 해당하지 않음 (기능 요청·오류 신고·단순 만족 표현 등)."
"119","ca991a06-bc7a-4aac-9f39-2a17c99df3fd","2025-02-08","5","카드 디자인 이 좋아요","39d421517d37","25.1.1","0","","","0","0","0","0","0","0","0","","","","","6개 항목 어디에도 해당하지 않음 (기능 요청·오류 신고·단순 만족 표현 등)."
"120","74fd77d3-0406-4af9-8e1f-4d01c95daaa0","2025-02-05","5","넘잘쓰고있어요~","4c3e26c73ac2","25.1.1","0","","","0","0","0","0","0","0","0","","","","","6개 항목 어디에도 해당하지 않음 (기능 요청·오류 신고·단순 만족 표현 등)."
"121","f68a305f-c5c7-40a8-b0df-9ba22c1ec31f","2025-02-02","3","이상한 투자 같은 컨텐츠 말고, 플러스 쓰는데 얘들 영단어나 이런거 추가로 풀면 용돈 더 주게 해주세요.!","44795c5f5922","25.1.1","0","안녕하세요 회원님, 플러스 퀴즈 콘텐츠에 '영어'가 더 있었으면 하는 의견이시군요! 적극 반영하도록 하겠습니다. 언제든 의견 주시길 바라며 최선을 다해 업데이트 해나가도록 하겠습니다. 감사합니다.","2025-03-11","0","1","0","0","0","0","0","","간접","부모_체계적_금융학습_확인_부족","이상한 투자 같은 컨텐츠 말고, 플러스 쓰는데 얘들 영단어나 이런거 추가로 풀면 용돈 더 주게 해주세요","제공되는 학습 콘텐츠 구성에 대한 불만 — 원하는 학습이 체계적으로 제공되지 않음 (간접 근거)."
"122","2a6293cc-bad2-4cc9-bdd2-b432b491eb8e","2025-01-31","5","용돈 한도가 조금 더 높으면 좋을 것 같아요. 저축을 하면 결국 출금을 하거나 소비를 해야만 하는 시스템이라 연동되는 통장이 있거니 한도가 더 높아지면 좋을 것 같습니다.","da758883658b","25.1.1","4","안녕하세요 회원님, 의견 매우 감사드립니다. 퍼핀카드는 '선불업'에 해당하여 최대 한도가 법적으로 정해져 있습니다. 하지만 말씀하신 내용과 같이 은행 계좌와 연결하는 방안에 대해서도 은행과 검토 중에 있습니다. 시간이 다소 걸리는 부분이라 빠른 업데이트를 약속드리지는 못하지만 최선을 다해 개선하고자 노력 중이니 지켜봐주세요^^ 감사합니다.","2025-03-11","0","0","0","0","0","0","0","","","","","6개 항목 어디에도 해당하지 않음 (기능 요청·오류 신고·단순 만족 표현 등)."
"123","393c3f39-2582-42ab-b462-b26280a5ad9e","2025-01-31","5","아이 용동 주기 좋네요^^ 퀴즈도 풀이 방식으로 용돈주기도 되어서 좋네요~ 경제상식을 키워주는거 같아서 추천하는 앱이에요^^ kt에서 아이 핸드폰을 가입했더니 5000원 포인트도 주셔서 아이 카드에 쏘옥 넣어주었네요~","51f0a64f0bb8","25.1.0","4","","","0","0","0","0","0","0","1","","","","…^^ 퀴즈도 풀이 방식으로 용돈주기도 되어서 좋네요~ 경제상식을 키워주는거 같아서 추천하는 앱이에요^^ kt에서 아이 핸드폰을 가입했더니 5000원 포인트도 주셔…","아이가 경제·금융 지식을 실제로 익혔다는 경험 기반 서술 (핵심 페인포인트에 대한 반증 자료)."
"124","4f716b29-523b-4b34-95f0-9e8f31568e8d","2025-01-31","5","아이가 카드를 사용하며 자신이 어떤것에 용돈을 쓰고있는지 내역을 볼 수 있다는것과 부모도 아이의 사용내역과 잔액등을 확인할 수 있다는게 좋습니다. 또 직접 모의주식으로 투자해보며 원리를 알고 관심을 가지는것을 보고 신기했어요","f3195190b291","25.1.1","1","","","0","0","0","0","1","0","1","긍정","","아이의_학습_지속_흥미_이용의욕","아이가 카드를 사용하며 자신이 어떤것에 용돈을 쓰고있는지 내역을 볼 수 있다는것과 부모도 아이의 사용내역과 잔액등을 확인할 수 있다는게 좋습니다. 또 직접 모의주…","아이의 학습(퀴즈·투자체험) 흥미·지속·의욕을 언급 (긍정)."
"125","de999ba3-cc0c-4bd4-ad50-e20f9419b3d2","2025-01-31","4","유료과금멥버쉽은 좀 아쉽네요. 아이들 용돈을 눈에 보이게 줄수있어서 좋은거같아요. 아직 아이가 어려서 바코드로 편의점가서 물건사는건 좀 어렵겠지만 경제공부기초를 잡아주는데는 좋을거같아요","4f639ee550f8","25.1.1","3","안녕하세요 회원님, 플러스 멤버십에 대한 의견은 언제든 주시면 반영하도록 하겠습니다! 감사합니다.","2025-03-11","0","0","0","0","0","0","0","","","","","6개 항목 어디에도 해당하지 않음 (기능 요청·오류 신고·단순 만족 표현 등)."
"126","787b16b2-ffe5-4899-a191-ef12e68fa31e","2025-01-31","5","2학년때부터 쓰고 있는데 주 달 금액설정해서 부모계좌에서 충전되는것도 좋고 아이가 어디서 사용하는지 바로바로 뜨는것도 너무좋아요 이벤트등 교육적인 것도 많아 완젼 추천합니다 둘째 크면 둘째도 발급해주려구요!!","6bee6f505c8a","25.1.1","4","","","0","0","0","0","0","0","1","","","","2학년때부터 쓰고 있는데 주 달 금액설정해서 부모계좌에서 충전되는것도 좋고 아이가 어디서 사용하는지 바로바로 뜨는것도 너무좋아요 이벤트등 교육적인 것도 많아 완젼…","아이가 경제·금융 지식을 실제로 익혔다는 경험 기반 서술 (핵심 페인포인트에 대한 반증 자료)."
"127","a5623e4c-1a3a-457e-acd6-5b327b236333","2025-01-31","5","아이스스로 용돈관리를 하고, 저금하는 습관도 기를수있고, 경제관념을 배울수있어 좋은 용돈 어플입니다:)","fc282924ca12","","0","","","0","0","0","0","0","0","1","","","","아이스스로 용돈관리를 하고, 저금하는 습관도 기를수있고, 경제관념을 배울수있어 좋은 용돈 어플입니다:)","아이가 경제·금융 지식을 실제로 익혔다는 경험 기반 서술 (핵심 페인포인트에 대한 반증 자료)."
"128","8e992449-e6b2-4f67-bea9-bc266fcdf24b","2025-01-31","5","^^ 지인을 통해 알게된 퍼핀~~ 첫째아이부터 써봤는데 넘 좋아서~~ 둘째아이도 쓰고 있답니다!! 거기다 소득공제까지 되는~~ 넘 좋아요~~ 주변 지인들한테도 추천 해준답니다~~","368e1b3201ff","25.1.1","3","","","0","0","0","0","0","0","0","","","","","6개 항목 어디에도 해당하지 않음 (기능 요청·오류 신고·단순 만족 표현 등)."
"129","4d52e315-4817-4572-abe7-f34a40277fd1","2025-01-31","5","돈을 모으면 바로 써버리는 습관이 있었는데 퍼핀을 하고나서 내가 모은 돈을 볼수있어 돈을 모으는 즐거움을 알게돠었다","c5e5e74fe799","25.1.1","0","","","0","0","0","0","0","0","1","","","","돈을 모으면 바로 써버리는 습관이 있었는데 퍼핀을 하고나서 내가 모은 돈을 볼수있어 돈을 모으는 즐거움을 알게돠었다","아이가 경제·금융 지식을 실제로 익혔다는 경험 기반 서술 (핵심 페인포인트에 대한 반증 자료)."
"130","f07b4381-cfb2-41e0-a4bf-904d160ee485","2025-01-31","5","퍼핀카드를 사용하고있는 유저입니다!! 퍼핀카드는 이벤트같은 것들이 다양하게준비되어있고 퀴즈같은 학습을토왜서 용돈을 얻을수있습니다. 또한 학교 급식정보가 제공되어 매일아침 확인하게됩니다. 퍼핀카드는 나이상관없이 유용하게사용하실수있을것같습니다 추천드려요!!!","0ad0e0c058b6","25.1.1","5","","","0","0","0","0","0","0","0","","","","","6개 항목 어디에도 해당하지 않음 (기능 요청·오류 신고·단순 만족 표현 등)."
"131","0275a4a4-dec8-4278-b394-96eb97858e6d","2025-01-31","4","재미있고 문제를 풀면 용돈도 주어서 좋았습니다 그리고 부모님들이 정기적 으로 용돈을 줄수있고 카드없이 바코드로 결제 할수있어서 편리했습니다","5a6669c499b8","25.1.1","3","","","0","0","1","0","1","0","0","긍정","","돈이_학습행동의_동기가_된_경험","재미있고 문제를 풀면 용돈도 주어서 좋았습니다 그리고 부모님들이 정기적 으로 용돈을 줄수있고 카드없이 바코드로 결제 할수있어서 편리했습니다","퀴즈·문제풀이와 금전 보상을 연결지어 긍정적으로 서술 — 보상이 학습 행동의 이유로 제시됨."
"132","76c73812-e581-4cdf-b3bb-fe842dc2c2c1","2025-01-30","4","아이들에게 유용한 앱입니다 애들이 카드분실이 자주 일어나니 삼성페이같이 사용할수있으면 좋겠어요","edde1c13715f","25.1.0","2","안녕하세요 회원님, 만14세 미만 자녀의 경우 자녀분의 네이버페이에 퍼핀카드를 등록해주시면 삼성페이로도 사용 가능하십니다^^ 만 14세 이상의 경우 카카오페이 등록도 가능합니다. 감사합니다.","2025-03-11","0","0","0","0","0","0","0","","","","","6개 항목 어디에도 해당하지 않음 (기능 요청·오류 신고·단순 만족 표현 등)."
"133","85cf0e34-a723-420e-a864-9fba5ba027f6","2025-01-30","5","결제하면 포인트도 받을수 있고, 카드가 없어도 결제가 가능해 편리해요. 그리고 여러 이벤트도 많이해서 재밌어요. 주식투자를 체험할수 있어서 재밌고, 흥미로워요.","49b5f17a8c8b","25.1.1","4","","","0","0","0","0","1","0","0","긍정","","아이의_학습_지속_흥미_이용의욕","결제하면 포인트도 받을수 있고, 카드가 없어도 결제가 가능해 편리해요. 그리고 여러 이벤트도 많이해서 재밌어요. 주식투자를 체험할수 있어서 재밌고, 흥미로워요.","아이의 학습(퀴즈·투자체험) 흥미·지속·의욕을 언급 (긍정)."
"134","1d67b3ea-824f-45a9-9632-70ab99cf9aa3","2025-01-30","5","용돈관리 및 경제상식도 익힐 수 있고 좋아요!","606f3fcbc644","25.1.1","0","","","0","0","0","0","0","0","1","","","","용돈관리 및 경제상식도 익힐 수 있고 좋아요!","아이가 경제·금융 지식을 실제로 익혔다는 경험 기반 서술 (핵심 페인포인트에 대한 반증 자료)."
"135","85ba1dee-f173-4622-bf30-be979eeefe7f","2025-01-30","5","안녕하세요. 올해 4학년 인###입니다. 퍼핀단점을 말해드리겠습니다.용돈도 일주일마다 5000원도 받을수 있고 퀴즈를 하루에 최대 2000원을 받을수 있고 머리가 점점 똑똑해지는 느낌이에요.또 바코드 결제하면 최대 3프로 적립! 그리고 새해 복 많이 받으세요😁","29c47af5badf","","3","안녕하세요 회원님, 리뷰 감사합니다. 바코드 결제 시 최대 5%적립으로 혜택을 더욱 늘렸습니다^^ 더욱 좋아지는 퍼핀이 되기 위해 최선을 다하겠습니다!","2025-03-11","0","0","1","0","0","0","1","","","돈이_학습행동의_동기가_된_경험","…리겠습니다.용돈도 일주일마다 5000원도 받을수 있고 퀴즈를 하루에 최대 2000원을 받을수 있고 머리가 점점 똑똑해지는 느낌이에요.또 바코드 결제하면 최대 3프…","퀴즈·문제풀이와 금전 보상을 연결지어 긍정적으로 서술 — 보상이 학습 행동의 이유로 제시됨."
"136","be952a3c-77f5-4965-90ea-e23f6426ef4c","2025-01-29","5","최고의 카드앱","4e288f36764c","","0","","","0","0","0","0","0","0","0","","","","","6개 항목 어디에도 해당하지 않음 (기능 요청·오류 신고·단순 만족 표현 등)."
"137","1086ceb1-97ec-4f0b-bca7-68569131adeb","2025-01-29","5","앱이 좋고 이벤트도 해서 좋아요.","01187c26fa0b","25.1.1","1","","","0","0","0","0","0","0","0","","","","","6개 항목 어디에도 해당하지 않음 (기능 요청·오류 신고·단순 만족 표현 등)."
"138","fd66a4fd-23b8-465a-bbb8-4400b33f8c38","2025-01-29","5","카드가 없어도 바코드로 결제할 수 있다는 것이 좋았습니다😍","022cd2c1fc70","25.1.1","1","","","0","0","0","0","0","0","0","","","","","6개 항목 어디에도 해당하지 않음 (기능 요청·오류 신고·단순 만족 표현 등)."
"139","937456d9-ef14-46fe-ba88-7fc2c9c8b6ba","2025-01-29","5","너무 좋아요 엄마가 이걸로 용돈 주는데 편하고 저는 받기만 하면돼니까 좋아요","117dfbf91f61","25.1.1","0","","","0","0","0","0","0","0","0","","","","","6개 항목 어디에도 해당하지 않음 (기능 요청·오류 신고·단순 만족 표현 등)."
"140","9243e899-151f-42a8-8865-c776a1e92034","2025-01-28","5","정말 잘 쓰고 있습니다. 용돈관리가 투명하게 되고 경제퀴즈 등으로 아이들이 지식도 쌓고 정말 제가 원하던 바로 그런 앱입니다. 지인들에게도 제가 자발적으로 홍보하고 있어요.","38f3e9c40685","25.1.1","4","","","0","0","0","0","0","0","1","","","","정말 잘 쓰고 있습니다. 용돈관리가 투명하게 되고 경제퀴즈 등으로 아이들이 지식도 쌓고 정말 제가 원하던 바로 그런 앱입니다. 지인들에게도 제가 자발적으로 홍보하…","아이가 경제·금융 지식을 실제로 익혔다는 경험 기반 서술 (핵심 페인포인트에 대한 반증 자료)."
"141","8ccaed0b-8bfe-49ae-a406-d0899c399365","2025-01-28","5","이것만 말하겠습니다 제가 느끼기에 단점이 없어요..","9755d5a2c05e","25.1.1","0","","","0","0","0","0","0","0","0","","","","","6개 항목 어디에도 해당하지 않음 (기능 요청·오류 신고·단순 만족 표현 등)."
"142","50151ba1-3a84-4eb7-a1b4-b1e8c27a14f1","2025-01-28","5","정말좋아요good","5a91361a9387","25.1.1","1","","","0","0","0","0","0","0","0","","","","","6개 항목 어디에도 해당하지 않음 (기능 요청·오류 신고·단순 만족 표현 등)."
"143","a42f2ed6-6f32-440a-9e07-f31d94203e86","2025-01-28","5","너무좋아요","51bb1131f790","25.1.0","0","","","0","0","0","0","0","0","0","","","","","6개 항목 어디에도 해당하지 않음 (기능 요청·오류 신고·단순 만족 표현 등)."
"144","82803280-cf79-4b7c-8c01-8878e1f12503","2025-01-28","5","초등자녀둔 부모 입니다 지인 추천으로 해봤는데 용돈카드 업체 중에서 정말 가장 좋은카드예요 일단 용돈 금융퀴즈 진짜 길이길이 보전해야됩니다 읽기 공부 경제 공부 더블로 되고 아이가 스스로 문제 풀면서 용돈을 목적을 가지고 모아서 정말 기특해서 칭찬도 가득하게 되네요 진짜 아이를 위한 카드라 너무 좋습니다","f6d4eff8a09a","25.1.1","1","","","0","0","1","0","1","0","1","긍정","","돈이_학습행동의_동기가_된_경험","…드 업체 중에서 정말 가장 좋은카드예요 일단 용돈 금융퀴즈 진짜 길이길이 보전해야됩니다 읽기 공부 경제 공부 더블로 되고 아이가 스스로 문제 풀면서 용돈을 목적을…","퀴즈·문제풀이와 금전 보상을 연결지어 긍정적으로 서술 — 보상이 학습 행동의 이유로 제시됨."
"145","e0a5aedc-228c-41ec-904a-1bfe9d3d6d58","2025-01-28","5","너무 좋고 바로바로 볼수있어서 좋은거 같아요","5629e4c4fc06","25.1.1","0","","","0","0","0","0","0","0","0","","","","","6개 항목 어디에도 해당하지 않음 (기능 요청·오류 신고·단순 만족 표현 등)."
"146","7f66d463-8741-4067-b4ac-368efbaa98f4","2025-01-27","5","퀴즈를 풀며 경제 공부가 돼었습니다 그리고 퀴즈가 재미가 있었어요 .","16562ebafe94","25.1.1","2","","","0","0","0","0","1","0","1","긍정","","아이의_학습_지속_흥미_이용의욕","퀴즈를 풀며 경제 공부가 돼었습니다 그리고 퀴즈가 재미가 있었어요 .","아이의 학습(퀴즈·투자체험) 흥미·지속·의욕을 언급 (긍정)."
"147","24322f40-1bc6-4af1-a6b2-31f3ac155b9d","2025-01-27","5","아이용돈주기 편리해요","e3bf8e69e147","25.1.1","0","","","0","0","0","0","0","0","0","","","","","6개 항목 어디에도 해당하지 않음 (기능 요청·오류 신고·단순 만족 표현 등)."
"148","111b1069-f16e-440e-8dbb-30e40833e1cf","2025-01-27","5","아이들도 용돈관리가 되고, 부모도 같이 관리해줄수 있어서 너무 좋아요 , 추천하고 있어요 ~^^","d2daf702a889","25.1.1","2","","","0","0","0","0","0","0","0","","","","","6개 항목 어디에도 해당하지 않음 (기능 요청·오류 신고·단순 만족 표현 등)."
"149","a57566c0-34eb-452e-9a99-62557463735b","2025-01-27","5","편하게 사용하고 있습니다. 정말 좋네요","ff3a253abb84","25.1.1","0","","","0","0","0","0","0","0","0","","","","","6개 항목 어디에도 해당하지 않음 (기능 요청·오류 신고·단순 만족 표현 등)."
"150","d1f84043-5fe0-49b6-872d-1077eed9ebd1","2025-01-27","5","이 앱, 용돈 기입장으로 쓸수도 있고, 캐릭터도 귀여워서 저 같은 초딩도 용돈관리가 재밌어요! 다만, 퀴즈로 부모님 지갑이 털린다는건 비밀!","b11180ae9e4a","25.1.1","2","","","0","0","0","1","1","1","0","긍정","","돈보상의_아쉬움_또는_부작용","다만, 퀴즈로 부모님 지갑이 털린다는건 비밀!","아이 본인이 퀴즈 보상으로 부모 지출이 늘어남을 언급."
"151","6493cf25-5858-4c58-8393-b47c6f4625c3","2025-01-27","5","2개월째사용하는중입니다 1.돈을 쉽게 송금할수있다 2.이벤트에서 퀴즈를풀어서 용돈을 준다 3.퀴즈를 풀면서 지식이 올라가서좋다 4.교통카드도돼서 좋다.","8f06abda86f9","25.1.1","3","","","0","0","1","0","0","0","1","","","돈이_학습행동의_동기가_된_경험","2개월째사용하는중입니다 1.돈을 쉽게 송금할수있다 2.이벤트에서 퀴즈를풀어서 용돈을 준다 3.퀴즈를 풀면서 지식이 올라가서좋다 4.교통카드도돼서 좋다.","퀴즈·문제풀이와 금전 보상을 연결지어 긍정적으로 서술 — 보상이 학습 행동의 이유로 제시됨."
"152","b9fd66a5-4922-427b-9d46-fac9f110168f","2025-01-27","5","아주좋구요 활용도넓어요","07bc5b5ff3b1","25.1.1","0","","","0","0","0","0","0","0","0","","","","","6개 항목 어디에도 해당하지 않음 (기능 요청·오류 신고·단순 만족 표현 등)."
"153","a70159b0-276c-4b38-bd45-735733a7be6f","2025-01-27","5","아이사용내역을 확인할수있어서좋구요 아이에게 매주보내야하는대 자동으로 보낼수있어서 간편해서좋아요","4e86e0e4dfbd","25.1.1","0","","","0","0","0","0","0","0","0","","","","","6개 항목 어디에도 해당하지 않음 (기능 요청·오류 신고·단순 만족 표현 등)."
"154","3317c495-5da9-4332-87f2-a8ce8f5f60a9","2025-01-27","5","돈 받아서 행복한데 한달만에 돈 다쓰는 나:","4546732a7075","25.1.1","0","","","0","0","0","0","0","0","0","","","","","6개 항목 어디에도 해당하지 않음 (기능 요청·오류 신고·단순 만족 표현 등)."
"155","5fc1c038-b2a0-4b4a-9e0c-4221fe4fc16f","2025-01-26","5","용돈 모아두기 좋다. 가끔 업댓할때 시간 좀걸려서 하루 마지막에 들어갈때 머리를 많이 굴리게 된다. 좋은 앱인것 같고 앞으로도 쓸것같다.","91e7bb83dfc7","","0","","","0","0","0","0","1","0","0","긍정","","아이의_학습_지속_흥미_이용의욕","용돈 모아두기 좋다. 가끔 업댓할때 시간 좀걸려서 하루 마지막에 들어갈때 머리를 많이 굴리게 된다. 좋은 앱인것 같고 앞으로도 쓸것같다.","아이의 학습(퀴즈·투자체험) 흥미·지속·의욕을 언급 (긍정)."
"156","d5f252cd-7e0e-4942-94a0-012ae3945e87","2025-01-26","5","퍼핀은진짜...와...다른 토스,콕뱅크같은거는 하기복잡해서 어려운데이건완전간편하고좋아요!대박추천!👍","68008dd281f8","25.1.1","3","","","0","0","0","0","0","0","0","","","","","6개 항목 어디에도 해당하지 않음 (기능 요청·오류 신고·단순 만족 표현 등)."
"157","818c57b7-ed61-457e-a50d-c05b1af4404d","2025-01-26","5","문제풀기로 용돈주니 공부하는 재미도 있다고 그러고 일석이조에요~~👍🏻","5b432164772b","25.1.1","1","","","0","0","1","0","1","0","0","긍정","","돈이_학습행동의_동기가_된_경험","문제풀기로 용돈주니 공부하는 재미도 있다고 그러고 일석이조에요~~👍🏻","퀴즈·문제풀이와 금전 보상을 연결지어 긍정적으로 서술 — 보상이 학습 행동의 이유로 제시됨."
"158","fa8f69b9-7337-406e-bb2c-5e816966b568","2025-01-26","5","모의투자는 재밌는데,교통카드 충전 땜에 편의점에 가야되서 불편해요.그래도 가끔씩 퀴즈하는건 재밌고 송금 기능도 생겨서 좋습니다.","931f1daad52f","25.1.1","9","","","0","0","0","0","1","0","0","긍정","","아이의_학습_지속_흥미_이용의욕","모의투자는 재밌는데,교통카드 충전 땜에 편의점에 가야되서 불편해요.그래도 가끔씩 퀴즈하는건 재밌고 송금 기능도 생겨서 좋습니다.","아이의 학습(퀴즈·투자체험) 흥미·지속·의욕을 언급 (긍정)."
"159","5f1a3012-0fe6-4c56-8324-a99564ae3a20","2025-01-26","5","좋음","241c76a079c3","25.1.1","0","","","0","0","0","0","0","0","0","","","","","6개 항목 어디에도 해당하지 않음 (기능 요청·오류 신고·단순 만족 표현 등)."
"160","86628ee1-f43e-412b-958c-deb0e0eb1d3d","2025-01-26","5","너무 편하고 좋아요","882c8dedee12","25.1.1","0","","","0","0","0","0","0","0","0","","","","","6개 항목 어디에도 해당하지 않음 (기능 요청·오류 신고·단순 만족 표현 등)."
"161","03023808-4c60-41a5-acd5-e55f6b7d6506","2025-01-26","5","유용하게 잘사용하고 있습니다~ 송금기능도 탁월하고 무엇보다 한눈에 아이소비정보를 알수있어 좋아요","1a4a0b6310ac","","0","","","0","0","0","0","0","0","0","","","","","6개 항목 어디에도 해당하지 않음 (기능 요청·오류 신고·단순 만족 표현 등)."
"162","8c082b9e-1f70-49b1-831e-a5254f8565bb","2025-01-26","4","돈 관리하기 아주 편함","9e9a7ec6ddc6","25.1.1","0","","","0","0","0","0","0","0","0","","","","","6개 항목 어디에도 해당하지 않음 (기능 요청·오류 신고·단순 만족 표현 등)."
"163","e19a3f64-ddf0-4098-ac07-da639a96c692","2025-01-25","5","퍼핀을 아주 유용하게 쓰고 있네요!! 퀴즈도 있고 투자도 할 수 있으니 좋네요","f90c94c5e9cd","","0","","","0","0","0","0","0","0","0","","","","","6개 항목 어디에도 해당하지 않음 (기능 요청·오류 신고·단순 만족 표현 등)."
"164","b9eb6a4f-1dab-4565-9a98-549130a4f4d4","2025-01-25","5","일주일마다 용돈 밨는 거 재밌네요 ㅎㅎ 그리고 카드도 무료 발급 가능해서 너무 좋네요^^","47be9a32338b","25.1.1","2","","","0","0","0","0","0","0","0","","","","","6개 항목 어디에도 해당하지 않음 (기능 요청·오류 신고·단순 만족 표현 등)."
"165","3b634c30-e25c-4414-893c-f3079de210ca","2025-01-25","3","사용내역이 실시간으로 나옴","2f0a21ff2b32","25.1.1","0","","","0","0","0","0","0","0","0","","","","","6개 항목 어디에도 해당하지 않음 (기능 요청·오류 신고·단순 만족 표현 등)."
"166","d5707eaa-ac31-43ee-8bad-331b8ebfa89b","2025-01-25","5","초등학생 4학년 아들 사용중인데 퀴즈풀며 보상되니 좋아하고 어디서 사용하는지 내역도 떠서 너무 좋아요","7806fdffff87","25.1.1","1","","","0","0","1","0","1","0","0","긍정","","돈이_학습행동의_동기가_된_경험","초등학생 4학년 아들 사용중인데 퀴즈풀며 보상되니 좋아하고 어디서 사용하는지 내역도 떠서 너무 좋아요","퀴즈·문제풀이와 금전 보상을 연결지어 긍정적으로 서술 — 보상이 학습 행동의 이유로 제시됨."
"167","dcf8fea7-c00e-4039-9d60-53f2fa8a798c","2025-01-25","5","아이 용돈주고, 어떻게 사용하는지 볼수있어서 좋습니다. 퍼핀 퀴즈로 추가 용돈이 들어가는데, 아이가 재미있어해서 매일 퀴즈를 풉니다. 모의투자게임도 있는데 가족끼리 대결모드로 재미있어요. 어떤 기업과 산업이 있는지 아이 경제 공부에도 도움이 되는거같아 좋습니다.","36d4fca29c51","25.1.1","4","","","0","0","1","0","1","0","1","긍정","","돈이_학습행동의_동기가_된_경험","…돈주고, 어떻게 사용하는지 볼수있어서 좋습니다. 퍼핀 퀴즈로 추가 용돈이 들어가는데, 아이가 재미있어해서 매일 퀴즈를 풉니다. 모의투자게임도 있는데 가족끼리 대결…","퀴즈·문제풀이와 금전 보상을 연결지어 긍정적으로 서술 — 보상이 학습 행동의 이유로 제시됨."
"168","ef65a0f7-c3e5-4585-b23b-104babb5497e","2025-01-25","5","너무 간편해요 송금도 빠르고 이벤트도 많이 해서 좋은거 같아요 이 앱을 추천합니다!!","b5faea3bb678","","0","","","0","0","0","0","0","0","0","","","","","6개 항목 어디에도 해당하지 않음 (기능 요청·오류 신고·단순 만족 표현 등)."
"169","e9e6f019-1a82-4cf4-9490-ddc962523d2c","2025-01-25","5","좋아요 정말","a0da21f76050","","0","","","0","0","0","0","0","0","0","","","","","6개 항목 어디에도 해당하지 않음 (기능 요청·오류 신고·단순 만족 표현 등)."
"170","99fb2cf2-2ed2-4dd1-a5d7-9cf587688454","2025-01-25","5","3년째 퍼핀 사용 중 입니다 저와 초등 딸아이는 너무 편리하고 만족하고 있습니다. 아이가 친구들과 놀때 엄마와 함께 있지않을때 퍼핀카드만 챙겨주면 걱정이 사라집니다 카드 사용이 앱으로 연동이 잘 되어있어서 엄마폰에서 어디에 얼마 사용했는지, 용돈이 얼마 남았는지 알 수 있고, 카드없이 앱에서 바로 결재할 수 있는 기능도 아주 좋아요. 편의점, 다이소 ..등에서 결재를히니 포인트가 입금되더라고요 학습퀴즈 기능도 도움이 됩니다 송금 기능도 아주 편리하고요 아이가 스스로 용돈 관리에 최고입니다! 우리 아이에게 꼭 필요한 퍼핀 아주 만족하며 편리하게 잘 사용 중입니다 감사합니다 👍 👍 👍 👍 👍","3a7562eafb19","25.1.1","152","","","0","0","0","0","0","0","1","","","","3년째 퍼핀 사용 중 입니다 저와 초등 딸아이는 너무 편리하고 만족하고 있습니다. 아이가 친구들과 놀때 엄마와 함께 있지않을때 퍼핀카드만 챙겨주면 걱정이 사라집니…","아이가 경제·금융 지식을 실제로 익혔다는 경험 기반 서술 (핵심 페인포인트에 대한 반증 자료)."
"171","935dd6e7-c58b-4e1d-83d0-29490bfe7a48","2025-01-25","5","아이들용돈주는것과 관리가편해요","8dc9a9f1fa5b","","0","","","0","0","0","0","0","0","0","","","","","6개 항목 어디에도 해당하지 않음 (기능 요청·오류 신고·단순 만족 표현 등)."
"172","41dbcaff-f8fa-444c-bd18-3e55bb78350b","2025-01-25","5","퍼핀앱을 사용하는 유저입니다! 이 앱을 추천하는 이유는 1. 쉽게 자녀들에게 송금할 수 있다. 2. 퀴즈를 풀어서 돈을 획득할 수 있다. 3. 교통카드로도 사용이되서 편리하다. 4. 학교급식도나와서 급식을 보기도 편리하다. 5. 주식에도 투자를 할 수 있어서 주식에대해서도 조금이라도 도움이된다. 이 앱을쓰면서 되게 좋다고 느꼈어요!! 카드도 심플해서 좋았어요!! 그리고 카드가없을 때 바코드결제로 쉽게 결제할 수 있서 좋았어요!(퍼핀포인트도 조금 적립된다는!) 저금통도있어서 돈을 저금하는 습관도 길들일 수 있어서 좋았어요!! 암튼 한마디로 퍼핀은 좋다!","7f50e13e5194","25.1.0","154","","","0","0","1","0","0","0","1","","","돈이_학습행동의_동기가_된_경험","… 이유는 1. 쉽게 자녀들에게 송금할 수 있다. 2. 퀴즈를 풀어서 돈을 획득할 수 있다. 3. 교통카드로도 사용이되서 편리하다. 4. 학교급식도나와서 급식을 보…","퀴즈·문제풀이와 금전 보상을 연결지어 긍정적으로 서술 — 보상이 학습 행동의 이유로 제시됨."
"173","924d7dbf-87c4-4ded-a218-abd4d7ed0977","2025-01-25","5","넘 잘쓰고있어요 어디에서 얼마를 사용했는지 알림도 오고 한눈에 볼수있어 좋아요 용돈기입장을 일부러 작성하지않아도 지출내역을 알수있으니 좋습니다 간간히 이벤트도 해서 포인트도 얻을수있어 너무너무 좋구요 버스카드 기능 송금 기능도 있어서 안쓸 이유가 없습니다 정해진 날에 정해진 용돈을 보낼수 있어 좋고 금액도 그때그때 수정할수 있어 좋습니다 게다가 쓰고 리워드도 받을수 있으니 일석이조 ♡ 퀴즈도 풀고 용돈도 받을수 있으니 아이가 더 좋아라합니다 그리고 모의주식 투자로 공부도 할수있어 좋았어요 맘카페에도 소문내는 중이랍니다 퍼핀 대박나세요 퍼핀 최고에요 👍 😍 😘 💕","9715f938d5fb","25.1.1","9","","","0","0","1","0","1","0","1","긍정","","돈이_학습행동의_동기가_된_경험","…니다 게다가 쓰고 리워드도 받을수 있으니 일석이조 ♡ 퀴즈도 풀고 용돈도 받을수 있으니 아이가 더 좋아라합니다 그리고 모의주식 투자로 공부도 할수있어 좋았어요 맘…","퀴즈·문제풀이와 금전 보상을 연결지어 긍정적으로 서술 — 보상이 학습 행동의 이유로 제시됨."
"174","0f04e721-c5fb-458c-9386-f05b6cf99b07","2025-01-25","5","용돈관리에 정말 좋고 투자기능까지 있어 커서도움이 될것같아요! 그리고재밌는퀴즈로 용돈을벌고 이벤트도 자주합니다! 이 앱 정말 추천이에요!","a59bd3c2b7b4","25.1.1","4","","","0","0","1","0","1","0","0","긍정","","돈이_학습행동의_동기가_된_경험","용돈관리에 정말 좋고 투자기능까지 있어 커서도움이 될것같아요! 그리고재밌는퀴즈로 용돈을벌고 이벤트도 자주합니다! 이 앱 정말 추천이에요!","퀴즈·문제풀이와 금전 보상을 연결지어 긍정적으로 서술 — 보상이 학습 행동의 이유로 제시됨."
"175","5a40c08e-fa18-462b-8dd9-952c2879022c","2025-01-25","5","초등자녀 2년째 사용중인데요 저와 아이 모두 만족하고 있습니다. 용돈 주는시스템도 마음에 들고 아이는 적립 결제가 한번에 되는 시스템이 신기하다고 하네요","ff6262b79336","25.1.0","3","","","0","0","0","0","0","0","0","","","","","6개 항목 어디에도 해당하지 않음 (기능 요청·오류 신고·단순 만족 표현 등)."
"176","a90c3708-f0b6-4fa8-abbf-04ce6088e437","2025-01-25","5","퍼핀을사용하면서 퀴즈도풀고 용돈도받고 주식도할수있어서 사회생활을조금이라도알수있었다 정말재미있다 ^^","96cd35adff0e","25.1.1","2","","","0","0","1","0","1","0","1","긍정","","돈이_학습행동의_동기가_된_경험","퍼핀을사용하면서 퀴즈도풀고 용돈도받고 주식도할수있어서 사회생활을조금이라도알수있었다 정말재미있다 ^^","퀴즈·문제풀이와 금전 보상을 연결지어 긍정적으로 서술 — 보상이 학습 행동의 이유로 제시됨."
"177","872d52be-98c0-4f66-acc3-2c23f19c2307","2025-01-25","5","카카오뱅크 같은 건 용돈 같은걸 수동으로 매주 해야 되는데 퍼핀 같은 앱은 용돈을 자동으로 주고 퀴즈를 풀고 용돈을 받는것도 재미가 쏠쏠 해요. 저는 퍼핀을 아주 추천합니다.","33494e30494c","25.1.1","3","","","0","0","1","0","1","0","0","긍정","","돈이_학습행동의_동기가_된_경험","…주 해야 되는데 퍼핀 같은 앱은 용돈을 자동으로 주고 퀴즈를 풀고 용돈을 받는것도 재미가 쏠쏠 해요. 저는 퍼핀을 아주 추천합니다.","퀴즈·문제풀이와 금전 보상을 연결지어 긍정적으로 서술 — 보상이 학습 행동의 이유로 제시됨."
"178","81c14da9-7326-4ebb-b638-f339c2054ff5","2025-01-25","5","아이가 돈에 대한 소중함과 목표를 가지고 돈을 모아가는 모습을 보니 많은 용돈카드 중 선택을 잘했다는 생각이 들어요","0fd21d58c1ec","25.1.0","0","","","0","0","0","0","0","0","1","","","","아이가 돈에 대한 소중함과 목표를 가지고 돈을 모아가는 모습을 보니 많은 용돈카드 중 선택을 잘했다는 생각이 들어요","아이가 경제·금융 지식을 실제로 익혔다는 경험 기반 서술 (핵심 페인포인트에 대한 반증 자료)."
"179","2435bd3a-e852-4c9b-8e4b-65e220eaf465","2025-01-25","5","퀴즈 풀어서 맞은 만큼 돈을 받는게 정말 좋아요! 모의 투자도 가상으로 투자를 체험할 수 있는데 그 점도 너무 참신해서 좋은 것 같아요! 굿!! 👍","dedd946e6e96","25.1.1","13","","","0","0","1","0","0","0","0","","","돈이_학습행동의_동기가_된_경험","퀴즈 풀어서 맞은 만큼 돈을 받는게 정말 좋아요! 모의 투자도 가상으로 투자를 체험할 수 있는데 그 점도 너무 참신해서 좋은 것 같아요! 굿!! 👍","퀴즈·문제풀이와 금전 보상을 연결지어 긍정적으로 서술 — 보상이 학습 행동의 이유로 제시됨."
"180","c99a9461-5681-4000-8638-a60ec06994f8","2025-01-25","4","퍼핀 진짜 잘 쓰고 있어요!!제 첫 카드라서 경제교육이 더 잘되기도 했고 모의투자도 주식도 체험해 볼겸 재미도 있어서 손에 가는것 같아요.그리고 퀴즈풀면서 돈 버는건 진짜 좋은것 같아요 지식도 얻고 돈도얻고!!(?)근데 아쉬운점 한개가 업데이트를 너무 많이 해요,,저는 딱 퍼핀 필요할때 들어가면 업데이트해야해서 귀찮았던 적도있고 불편할때도 있었어요.그리고 계속 업데이트하니 좀 달라진 부분도 많아서 가끔 익숙?하지 않았어요.그래도 퍼핀 덕분에 많이 도움되고 있습니다","4e04fbacea14","25.1.1","65","","","0","0","1","0","1","0","1","긍정","","돈이_학습행동의_동기가_된_경험","…체험해 볼겸 재미도 있어서 손에 가는것 같아요.그리고 퀴즈풀면서 돈 버는건 진짜 좋은것 같아요 지식도 얻고 돈도얻고!!(?)근데 아쉬운점 한개가 업데이트를 너무 …","퀴즈·문제풀이와 금전 보상을 연결지어 긍정적으로 서술 — 보상이 학습 행동의 이유로 제시됨."
"181","0a03a0bc-2a1a-43f9-a8db-e0f7c1e2f710","2025-01-25","5","안녕하세요! 전 현재 퍼핀을 쓰고 있습니다 옛날엔 퍼핀 을 쓰다가 아이부자로 바꿨는데 아이부자가 전 너무 불편해서 다시 퍼핀으로 바꿨습니다 요즘은 퍼핀으로 가족에게 송금도 돼요~! 근데 제가 아이부자를 봤는데 이거를 추가하면 어떠나요? (부모님께 용돈 요청하기,집안일돕기) 등등 집안일 돕기는 집안일을 도우면 부모님이 용돈을 주시는거예요!~ 인증 사진도 찍어야하고요!! 퍼핀 너무너무 좋은데 조금만 더 업그레이드 하면 좋을것같아요~!","a29b1e674f6e","25.1.1","4","","","0","0","0","0","0","0","0","","","","","6개 항목 어디에도 해당하지 않음 (기능 요청·오류 신고·단순 만족 표현 등)."
"182","befec13a-f636-4152-a605-68e4310bbe14","2025-01-25","5","너무 편하고 교통 카드도 같이 사용 할수 있어서 다른동네도 버스타고 쉽게 갈수 있어요. 너무 많이 편해서 왕 추천합니다.♡♡♡♡♡♡","cb394088f7b2","25.1.1","4","","","0","0","0","0","0","0","0","","","","","6개 항목 어디에도 해당하지 않음 (기능 요청·오류 신고·단순 만족 표현 등)."
"183","eb827ed7-8e2f-42c1-8cc5-2e42fa9087a7","2025-01-25","5","진짜 너무 잘쓰고 있어요","68e9c8aa16cd","25.1.1","0","","","0","0","0","0","0","0","0","","","","","6개 항목 어디에도 해당하지 않음 (기능 요청·오류 신고·단순 만족 표현 등)."
"184","3ba5a02b-5db1-4b8e-b139-e660fa7f1246","2025-01-25","5","안녕하세요! 작년 부터 퍼핀카드를 사용한 청소년이자.. 어린이입니다! 13살인데 체크카드가 없어서 매우 슬펐어요.. 친구들이랑 놀거나 학원에 갈 때 버스를 타야하는데 현금만 사용해야되서 불편한 점도 많았구요.. 그래서 부모님께 설득을 해서 마침내 체크카드를 발급 받았습니다☺️ 너무 기뻤어요 정말.. 다른 체크카드는 아직 제가 쓰기엔 어렵고, 힘들어보였어요 그런데 퍼핀이라는 체크카드..! 정말 완벽 그 자체에요 .. 어린이들이 쓰기에 정말 편하고, 개인정보 노출 걱정도 없어서 안전하게 사용 가능하구요 기회가 된다면 쓸 수 있는 만큼 쓰고 싶습니다 🤗","fb4170b031e4","","47","","","0","0","0","0","0","0","0","","","","","6개 항목 어디에도 해당하지 않음 (기능 요청·오류 신고·단순 만족 표현 등)."
"185","faed5bfb-b654-4f30-9aec-aeb0e5e12cc1","2025-01-24","5","아이들 용돈카드로 사용중입니다. 퀴즈도 풀고 용돈도 받고 재태크 경제관념도 배우고 일석 삼사오육조네요^^","4acacc5158fc","25.1.1","0","","","0","0","1","0","0","0","1","","","돈이_학습행동의_동기가_된_경험","아이들 용돈카드로 사용중입니다. 퀴즈도 풀고 용돈도 받고 재태크 경제관념도 배우고 일석 삼사오육조네요^^","퀴즈·문제풀이와 금전 보상을 연결지어 긍정적으로 서술 — 보상이 학습 행동의 이유로 제시됨."
"186","fabff7f0-a629-4679-ac07-9848bc21573f","2025-01-24","5","학습 보상도 있고 편리하고이벤트도 많이하는 좋은 앱 입니다 너무 좋아요!","35bb9c8fcbfb","25.1.1","3","","","0","0","0","0","0","0","0","","","","","6개 항목 어디에도 해당하지 않음 (기능 요청·오류 신고·단순 만족 표현 등)."
"187","1770d17a-06fe-4ccb-a392-d4ea9b97970e","2025-01-24","5","너무 돈을퍼주네요ㅎ","8380f935852b","25.1.1","0","","","0","0","0","0","0","0","0","","","","","6개 항목 어디에도 해당하지 않음 (기능 요청·오류 신고·단순 만족 표현 등)."
"188","f4f5ce07-c866-474d-9bec-c2439a2570f2","2025-01-24","5","정말 좋네요 아이도 마음에 들어하고 아이가 경제의 대한 생각이 많아져서 맨날 경재예기네요ㅎㅎ","def8697d6220","25.1.1","0","","","0","0","0","0","1","0","1","긍정","","아이의_학습_지속_흥미_이용의욕","정말 좋네요 아이도 마음에 들어하고 아이가 경제의 대한 생각이 많아져서 맨날 경재예기네요ㅎㅎ","아이의 학습(퀴즈·투자체험) 흥미·지속·의욕을 언급 (긍정)."
"189","b71c9e1f-ccf1-41bf-a287-1db316050235","2025-01-24","5","편리하고 매일 용돈 받으니까 아주 좋습니다","cc50a0e55917","25.1.1","2","","","0","0","0","0","0","0","0","","","","","6개 항목 어디에도 해당하지 않음 (기능 요청·오류 신고·단순 만족 표현 등)."
"190","8876223b-3a6e-46a3-bd59-f6db4338c17e","2025-01-24","5","친구하고 더치페이 할때 돈을 보내서 좋아요 장점 가상 계좌로 돈을 받을수 있어요그게 장점","497a018291f4","25.1.1","0","","","0","0","0","0","0","0","0","","","","","6개 항목 어디에도 해당하지 않음 (기능 요청·오류 신고·단순 만족 표현 등)."
"191","bc8ba389-8487-4b27-9a47-487b91a9f1db","2025-01-24","5","퍼핀에서 적립이 돼서 혜택도 받고 퀴즈를 풀면서 투자에 대해서도 배워서 정말 좋았어요","3e01682ff7b3","25.1.1","3","","","0","0","0","0","0","0","1","","","","퍼핀에서 적립이 돼서 혜택도 받고 퀴즈를 풀면서 투자에 대해서도 배워서 정말 좋았어요","아이가 경제·금융 지식을 실제로 익혔다는 경험 기반 서술 (핵심 페인포인트에 대한 반증 자료)."
"192","9c2a12c8-0ed4-4bae-8e74-939df3efec9a","2025-01-15","1","로그인화면에서 오류 발생 이라면서 휴대폰인증만 수차례 했습니다.또한 자녀 기기 인증까지 마친 상태인데도 로그인 안됨으로 표시되고있습니다.","0acd30388d27","25.1.0","11","안녕하세요 회원님, 자녀 분 정보를 알려주시면 즉시 해결하실 수 있도록 도와드리겠습니다. 031-726-9990으로 전화 또는 https://service.lemontree.ai/help 우측 하단의 1:1 문의를 눌러주시어 상담 요청 꼭 부탁 드립니다.","2025-01-15","0","0","0","0","0","0","0","","","","","6개 항목 어디에도 해당하지 않음 (기능 요청·오류 신고·단순 만족 표현 등)."
"193","19f88549-2936-4ef4-873b-657aecc69a0f","2025-01-13","3","괜찬은데 쿠팡이 안됩니다. 가끔씩 뭔가하나씩 안돼네요","55290d64c43b","25.1.0","0","안녕하세요 회원님, 퍼핀카드는 네이버페이, 카카오페이, 페이북에만 등록이 가능해요. 쿠팡에서 결제 시 네페/카페/페이북 선택하여 결제해주시거나 (쿠팡페이는 등록 불가), 일반 결제로도 가능합니다^^ 감사합니다.","2025-01-13","0","0","0","0","0","0","0","","","","","6개 항목 어디에도 해당하지 않음 (기능 요청·오류 신고·단순 만족 표현 등)."
"194","f442c6a3-8c4d-45e6-a318-170de876b873","2025-01-08","1","가입 인증번호가 절대 안옴 (수정)알려준 번호 연락처 저장도 해봤고 앱도 다시 깔아봤고 스팸설정된거 없는것도 다 확인했는데 우리집 휴대폰 3대 모두 인증번호 안옵니다","18c90ca8b1ff","25.1.0","13","안녕하세요 회원님, 혹시 문제 해결 되셨을까요?! 통신사측에서 스팸으로 처리된 통신사들이 있어서 문자 수신이 되지 않는 일부 있었습니다. 해결이 되셨다면 별점 수정도 부탁드려봅니다 :) 감사합니다.","2025-01-13","0","0","0","0","0","0","0","","","","","6개 항목 어디에도 해당하지 않음 (기능 요청·오류 신고·단순 만족 표현 등)."
"195","e7cdaa22-271d-42e1-80fc-f27200f95eb2","2025-01-08","5","너무 잘 쓰고 있습니다! 추가로 건의드리고 싶은점이 있어서 리뷰에 남겨드립니다 :) 용돈계약이 매월 매주로 있는데 매일도 있었을 좋겠습니다ㅠ 월,주로 주면 월대로 주대로 탕진하여 일마다 받아서 모으는 습관을 길러주고 싶은데 가능하다면 요부분도 고려 부탁드립니다!","f4302265c975","25.1.0","7","안녕하세요 회원님, 리뷰와 의견 감사드립니다^^ 혹시 일일 결제한도 기능을 이용해보셨을까요~? 용돈은 주기적으로 주시되 매일 사용할 수 있는 금액을 제한하시는 것도 방법이 될 수 있을 것 같아요:) 상단의 자녀 이름 버튼을 누르시면 아래에 카드 관리 > 일일한도 설정을 하실 수 있어요. 더욱 자세한 문의는 1:1 고객센터로 부탁드립니다.","2025-01-08","0","0","0","0","0","0","0","","","","","6개 항목 어디에도 해당하지 않음 (기능 요청·오류 신고·단순 만족 표현 등)."
"196","3563ab0d-ca1c-4396-81e2-b5af697590f2","2025-01-05","3","쪽팔려요. ㅜㅜ 돈 보낼 때 퍼핀***이라고 뜨고 다른 친구들은 토스*** 카뱅***이렇게 뜨는 데 그래서 잘 안 쓰게 돼요","c7bec6c98e76","24.12.2","1","안녕하세요 회원님, 스스로 용돈관리를 할 수 있는 퍼핀이 쪽팔린다니 너무 속상하지만 의견을 주셨으니 반영을 해드리고자합니다! 송금할 때 이름 앞 퍼핀이 보이지 않도록 곧 수정될 예정이에요^^ 리뷰도 수정해주시면 감사하겠습니다ㅠ","2025-01-08","0","0","0","0","1","0","0","부정","","아이의_학습_지속_흥미_이용의욕","쪽팔려요. ㅜㅜ 돈 보낼 때 퍼핀***이라고 뜨고 다른 친구들은 토스*** 카뱅***이렇게 뜨는 데 그래서 잘 안 쓰게 돼요","아이가 앱 이용을 줄이거나 중단한다는 언급 (부정)."
"197","5bc38f45-ae10-4427-9b50-411f4d5ce889","2024-12-26","4","유용하게 쓰고 있습니다. 대신 제안드리고 싶은게 있어요. 소비 내역에서 '기타' 카테고리도 수정할 수 있었으면 좋겠어요. 다른 카테고리들은 수정이 되는데 기타는 수정이 안돼서 불편한 것 같아요🥲 카테고리 수정도 고려해주셨으면 합니다!","df71f4524b54","24.12.2","237","안녕하세요 회원님! 소비 카테고리 수정이 가능하도록 개선되었습니다^^ 꼭 사용해보시길 바랍니다! 감사합니다.","2023-10-16","0","0","0","0","0","0","0","","","","","6개 항목 어디에도 해당하지 않음 (기능 요청·오류 신고·단순 만족 표현 등)."
"198","175af3fc-b9e6-460a-a5ee-22c81a460a20","2024-11-29","1","고객센터 전화번호는 없나요?","dc8331bcb228","24.11.1","2","안녕하세요 회원님, 고객센터 전화번호는 031-726-9990 입니다 :) 오전9시~오후6시(점심휴게 12시~1시) 중으로 언제든 전화 상담 가능합니다. 전화 문의는 해결되었다면 별점 수정도 부탁 드려봅니다^^","2024-12-24","0","0","0","0","0","0","0","","","","","6개 항목 어디에도 해당하지 않음 (기능 요청·오류 신고·단순 만족 표현 등)."
"199","c8486e34-3689-44f4-9257-f9c07c20a1a3","2024-11-21","5","기분 좋은 하루 되세요 😊","c686c2345eec","","0","","","0","0","0","0","0","0","0","","","","","6개 항목 어디에도 해당하지 않음 (기능 요청·오류 신고·단순 만족 표현 등)."
"200","e2b957d9-8ddd-492b-a0a0-bb597a3e65c9","2024-11-12","1","이거 왜 안되는거죠? 자꾸인터넷확인을하라고 하는데..뭐지","6d2a4a0e9929","24.11.0","4","안녕하세요 회원님, 인터넷 확인 알림이 뜬다면 와이파이나 기기의 통신 상태를 확인해보셔야 합니다! 와이파이를 껐다 켜보시길 바라며 문제가 지속되는 경우 고객센터로 문의주시면 자세한 안내 도와드릴 수 있도록 하겠습니다. 혹시 해결되었다면 별점 수정도 부탁 드려봅니다^^","2024-12-24","0","0","0","0","0","0","0","","","","","6개 항목 어디에도 해당하지 않음 (기능 요청·오류 신고·단순 만족 표현 등)."
"201","f20bf1b8-c61f-4316-96f2-ca75d251a7d9","2024-10-27","3","다 좋은데 갑자기 송금할때 수수료 왜 생긴건가요ㅠㅠㅠ","9444786dc794","24.10.1","3","안녕하세요 회원님, 송금 수수료는 월 2회 무료이며 3회째 부터는 수수료가 발생합니다. 잦은 송금으로 인한 현금 사고를 방지하기 위한 정책이니 신중한 송금 부탁드립니다!","2024-11-04","0","0","0","0","0","0","0","","","","","6개 항목 어디에도 해당하지 않음 (기능 요청·오류 신고·단순 만족 표현 등)."
"202","2e622558-61fb-4f9d-9d8e-0c150c577294","2024-10-25","5","아이가 돈을 가지고 다닐때는 그냥 다 쓰고 그랬는데 지금은 카드에 용돈이 보이니 아끼고 모으는 습관이 생겼어요 진짜 너무 좋아요 문제도 풀수 있어 더 좋아요^^","d44a22a9834f","24.10.1","8","","","0","0","0","0","0","0","1","","","","아이가 돈을 가지고 다닐때는 그냥 다 쓰고 그랬는데 지금은 카드에 용돈이 보이니 아끼고 모으는 습관이 생겼어요 진짜 너무 좋아요 문제도 풀수 있어 더 좋아요^^","아이가 경제·금융 지식을 실제로 익혔다는 경험 기반 서술 (핵심 페인포인트에 대한 반증 자료)."
"203","0b1aa472-8338-44cf-9057-04b1420d9039","2024-10-25","5","퍼핀 멤버십 가입해서 퀴즈도 풀게하고 소비습관 길러주고있습니다. 좋아요","13264aa96027","24.10.1","4","","","0","0","0","0","0","0","1","","","","퍼핀 멤버십 가입해서 퀴즈도 풀게하고 소비습관 길러주고있습니다. 좋아요","아이가 경제·금융 지식을 실제로 익혔다는 경험 기반 서술 (핵심 페인포인트에 대한 반증 자료)."
"204","bd7383ba-cbc9-4b7b-8562-b01b74cb4be0","2024-10-25","5","초등학교 5학년때부터 지금까지 3년 정도 사용하는 자녀를 둔 학부모에요 아이에게 체크카드를 주는게 맞나하는 생각도 들었지만 사용하다보니 매월 용돈을 정기적으로 지급할 수 있고 아이가 지출하는 항목을 확인할 수 있어 편리합니다. 퍼핀카드를 사용하는 또래 아이들의 평균 용돈도 통계되어 제시하고 있어 한달 용돈을 얼마나 주는 것이 옳은지에 대한 기준도 삼을 수 있었어요. 지금은 대중교통을 이용하는 빈도가 늘어 교통카드 기능까지 등록해 편리하게 사용하고 있습니다. 아이의 올바른 용돈습관을 유지할 수 있도록 하는데 많은 도움을 받고 있습니다.","1f9f1079bade","","17","","","0","0","0","0","0","0","1","","","","…등록해 편리하게 사용하고 있습니다. 아이의 올바른 용돈습관을 유지할 수 있도록 하는데 많은 도움을 받고 있습니다.","아이가 경제·금융 지식을 실제로 익혔다는 경험 기반 서술 (핵심 페인포인트에 대한 반증 자료)."
"205","f2013537-18f7-4a6f-afa7-1ba88ee7a478","2024-10-24","5","모의 투자가 재미있고 유익하다 상품이 있어서 좋다","ae4fc74c54cb","24.10.1","0","","","0","0","0","0","1","0","1","긍정","","아이의_학습_지속_흥미_이용의욕","모의 투자가 재미있고 유익하다 상품이 있어서 좋다","아이의 학습(퀴즈·투자체험) 흥미·지속·의욕을 언급 (긍정)."
"206","2ae58271-8ecc-471a-81b1-d7c2711f1545","2024-10-24","5","아이명의로 통장이없는데 용돈은 받고싶어하고, 자기이름이 적힌 카드를 갖고싶다고해서 찾다가 퍼핀으로 정착했습니다🤗 토*도 있고, 아이부*라는 앱도 써봤는데 다양한기능에 아이도 저도 쓰기 좋은 어플은 퍼핀이네요 단, 가끔 로그인오류가😅 수정사항은 빠르게 부탁드려요~","d7fd2b4cb2c9","24.10.0","7","안녕하세요 회원님, 진심 가득 담긴 후기 감사드립니다^^ 로그인 오류가 어떻게 발생하는지 고객센터에 말씀주시면 자세한 도움 드릴 수 있도록 하겠습니다! 고객센터로 접수되는 수정 사항은 평균 1일 이내로 해결되고 있답니다!","2024-11-04","0","0","0","0","0","0","0","","","","","6개 항목 어디에도 해당하지 않음 (기능 요청·오류 신고·단순 만족 표현 등)."
"207","0f78e2c1-7619-49eb-91ff-c4badfeb8ddb","2024-10-24","5","퍼핀카드 아이셋 모두 이용중인 유저 입니다.경제관념 및 여러 지식범위도 넓히고 접하게되고용돈 또한 쉽게 생기는게 아닌것도 알게되는것도 좋구요.용돈관리등등 하기에 너무 좋아요 아이들도 저도 완전대만족합니다. 새로운걸 배우게 되는기회도 주어진거 같고 아이들도 뭔가 뿌듯해하고 좋더라구요 이벤트도 많고 여러가지 접하게되어서 너무 좋아요","91f3a9dbfa43","24.10.1","35","","","0","0","0","0","1","0","1","긍정","","아이의_학습_지속_흥미_이용의욕","퍼핀카드 아이셋 모두 이용중인 유저 입니다.경제관념 및 여러 지식범위도 넓히고 접하게되고용돈 또한 쉽게 생기는게 아닌것도 알게되는것도 좋구요.용돈관리등등 하기에 …","아이의 학습(퀴즈·투자체험) 흥미·지속·의욕을 언급 (긍정)."
"208","98bef1b9-23e4-4b25-b73c-a85a17a824af","2024-10-24","5","자녀의 입출금이 한 번에 관리할 수 있어 편하고 좋아요~","119bc4875f6b","24.10.0","3","","","0","0","0","0","0","0","0","","","","","6개 항목 어디에도 해당하지 않음 (기능 요청·오류 신고·단순 만족 표현 등)."
"209","6672b00b-90fd-4897-a9c5-2bf1b7427c09","2024-10-24","5","아이용돈카드인데 교육적으로 좋습니다. 모의투자로 아이와 함께 매주 내기하고 있어요. 주식에 대해 자연스럽게 배우고 있구요. 과학퀴즈나 뭐 다양한 이벤트를 통해 용돈을 조금씩 모으고 흥미를 줄 수 있는 소재가 많네요. 잘 쓰고 있습니다. 교통카드 등록해서 사용하니 카드 한장으로 다 돼요..예전엔 제카드를 빌려주곤 했는데 이제는 자기 카드라 알아서 잘 관리하는 방법도 배우는거 같습니다. 이를테면 현금만 돈이라 생각하고 놀러나가면 현금을 달라고 하더니 이제는 카드에 익숙해져 잘 활용하고 있고 어디에 썼는지 제가 알수 있으니 관리하기도 좋아요.","bc1deb835e55","24.10.0","12","","","0","0","1","0","1","0","1","긍정","","돈이_학습행동의_동기가_된_경험","… 있어요. 주식에 대해 자연스럽게 배우고 있구요. 과학퀴즈나 뭐 다양한 이벤트를 통해 용돈을 조금씩 모으고 흥미를 줄 수 있는 소재가 많네요. 잘 쓰고 있습니다.…","퀴즈·문제풀이와 금전 보상을 연결지어 긍정적으로 서술 — 보상이 학습 행동의 이유로 제시됨."
"210","7fce8f8a-8343-4129-8670-4e992bb884a4","2024-10-24","5","초등 6학년,2학년 자녀에게 용돈을 주기 위해 찾다가 첫번째는 아**자로 실패의 경험을 한 후 다시 찾아낸 사용하기 너무 편한 어플및 카드입니다 매우 만족하며 가르쳐주고싶은 경제개념의 모든 활용이 퍼핀에서 가능해서 추천에 추천을 하고 있습니다 어서 써보세요~~~","a272535a7d41","24.10.0","7","","","0","0","0","0","0","0","1","","","","… 편한 어플및 카드입니다 매우 만족하며 가르쳐주고싶은 경제개념의 모든 활용이 퍼핀에서 가능해서 추천에 추천을 하고 있습니다 어서 써보세요~~~","아이가 경제·금융 지식을 실제로 익혔다는 경험 기반 서술 (핵심 페인포인트에 대한 반증 자료)."
"211","59147847-b7f1-4cc5-96fa-fcbfe9e6bef1","2024-10-24","5","초1때 우연한 계기로 퍼핀앱을 알게되서 아들에게 깔아주고 카드도만들어주었는데 아들이 학교마치고 요긴하게잘쓰네요. 지금은 앱이 더업데이트되어서 자녀앱계좌도생겨 직접계좌이체도가능하니 아들용돈필요할때 충전안하고 바로바로 이체합니다. 좋아요","4a2278287c26","24.10.0","4","","","0","0","0","0","1","0","0","긍정","","아이의_학습_지속_흥미_이용의욕","초1때 우연한 계기로 퍼핀앱을 알게되서 아들에게 깔아주고 카드도만들어주었는데 아들이 학교마치고 요긴하게잘쓰네요. 지금은 앱이 더업데이트되어서 자녀앱계좌도생겨 직접…","아이의 학습(퀴즈·투자체험) 흥미·지속·의욕을 언급 (긍정)."
"212","357e7190-e8cd-4599-bbaf-874816eae36f","2024-10-24","5","아이에게 용돈주기도 좋고 퍼핀앱 안에서 공부도 할 수 있어서 유용합니다.","6e7f1f38a520","24.10.0","3","","","0","0","0","0","0","0","1","","","","아이에게 용돈주기도 좋고 퍼핀앱 안에서 공부도 할 수 있어서 유용합니다.","아이가 경제·금융 지식을 실제로 익혔다는 경험 기반 서술 (핵심 페인포인트에 대한 반증 자료)."
"213","5748e61e-8add-41cd-a340-dc7dd9a1a47c","2024-10-24","5","초등학생용돈관리가참좋네요","cb7c125954aa","24.10.0","0","","","0","0","0","0","0","0","0","","","","","6개 항목 어디에도 해당하지 않음 (기능 요청·오류 신고·단순 만족 표현 등)."
"214","e504f9a1-0cbf-4b10-bb5d-ebfaec5440d6","2024-10-24","5","너무 좋아요.","ba94324cd823","24.10.0","0","","","0","0","0","0","0","0","0","","","","","6개 항목 어디에도 해당하지 않음 (기능 요청·오류 신고·단순 만족 표현 등)."
"215","a90789f9-c331-496d-a9a3-60a94f688ed0","2024-10-24","5","첫째아이가 용돈카드 쓰고싶다고해서 알아보고 만들어줬는데 너무 편하고 좋다고합니다. 다만 버스카드는 따로 충전을 해야한다는 점이 조금 불편하네요. 충전이 불가능한 편의점도 있어서 (시골이다보니 편의점이 한정적이라) 충전이 가능한 편의점을 찾아가야해서 좀 힘들어요 ㅠ 그 외에는 송금기능이라던지 매일 조금씩 공부할 수 있다는 점, 주식 모의투자를 해볼 수 있는것도 너무 좋습니다. 특히 부모도 같이 모의투자해보고 함께 이야기 나눌 수 있도록 해주신 부분이 너무 좋아요! 곧 둘째도 용돈카드를 만들어야하는데 둘째도 퍼핀으로 만들어주려고요^^","d8e7ba619531","24.10.0","118","","","0","0","0","0","0","0","1","","","","… 힘들어요 ㅠ 그 외에는 송금기능이라던지 매일 조금씩 공부할 수 있다는 점, 주식 모의투자를 해볼 수 있는것도 너무 좋습니다. 특히 부모도 같이 모의투자해보고 함…","아이가 경제·금융 지식을 실제로 익혔다는 경험 기반 서술 (핵심 페인포인트에 대한 반증 자료)."
"216","4b4295e7-2239-45fb-b3b7-75e5870a7bdb","2024-10-24","5","아이 용돈 주며 관리도 혼자 스스로 저축도하는 습관을 기를수있어 너무좋아요","2f2f14549c32","24.10.0","1","","","0","0","0","0","0","0","1","","","","아이 용돈 주며 관리도 혼자 스스로 저축도하는 습관을 기를수있어 너무좋아요","아이가 경제·금융 지식을 실제로 익혔다는 경험 기반 서술 (핵심 페인포인트에 대한 반증 자료)."
"217","4ff9a5fb-54fd-4cee-983f-8aeb1eb0d55e","2024-10-23","5","모의투자(가상)를 해보니 재미있고 유익하다","29c2de237a68","24.10.0","1","","","0","0","0","0","1","0","1","긍정","","아이의_학습_지속_흥미_이용의욕","모의투자(가상)를 해보니 재미있고 유익하다","아이의 학습(퀴즈·투자체험) 흥미·지속·의욕을 언급 (긍정)."
"218","ec6f0134-922b-42e1-b240-2f7776cef848","2024-10-22","5","아주 아이들한테 유용한것같아서 너무 좋아요 덕분에 용돈주기가 편해졌습니다.","b98d714f5800","24.10.0","4","","","0","0","0","0","0","0","0","","","","","6개 항목 어디에도 해당하지 않음 (기능 요청·오류 신고·단순 만족 표현 등)."
"219","015a682b-4809-41a3-9ff6-0fe6d85f1499","2024-10-22","5","모의투자로 아이들과 또 다른 경험을 해보고 대화할 거리가 생겨서 좋아요 정기용돈 넣어주고 쓰다가 급하면 충전해주기도 편하고 꾸준히 퀴즈풀며 아이들이 용돈모아가는것도 좋아보입니다 송금기능도 부모가. 설정할수있게 되어있어서 안심","f260372e70b0","24.10.0","2","","","0","0","1","0","1","0","1","긍정","","돈이_학습행동의_동기가_된_경험","…돈 넣어주고 쓰다가 급하면 충전해주기도 편하고 꾸준히 퀴즈풀며 아이들이 용돈모아가는것도 좋아보입니다 송금기능도 부모가. 설정할수있게 되어있어서 안심","퀴즈·문제풀이와 금전 보상을 연결지어 긍정적으로 서술 — 보상이 학습 행동의 이유로 제시됨."
"220","9eec313c-5cc6-4e45-8949-bb75115b779a","2024-10-21","5","아이들의용돈관리가참쉬워져좋아요","3dd8547ba626","24.10.0","1","","","0","0","0","0","0","0","0","","","","","6개 항목 어디에도 해당하지 않음 (기능 요청·오류 신고·단순 만족 표현 등)."
"221","7d354bbb-84b4-431a-a490-9fbea7a53133","2024-10-21","5","편리합니다. 사용내역 확인 바로되서 좋아요! 어린이들도 애플페이,삼성페이 사용가능했음좋겠어요","34039ccd59e1","24.10.0","3","","","0","0","0","0","0","0","0","","","","","6개 항목 어디에도 해당하지 않음 (기능 요청·오류 신고·단순 만족 표현 등)."
"222","20c56b7e-3423-441b-a3ce-a67f9d906127","2024-10-21","5","아들 용돈 카드로 이용중인데 사용하기도 편리하고, 용돈을 계획있게 쓸 수 있어요^^","ca8a8225e428","24.10.0","1","","","0","0","0","0","0","0","0","","","","","6개 항목 어디에도 해당하지 않음 (기능 요청·오류 신고·단순 만족 표현 등)."
"223","af0dbc05-81c3-4f0d-9840-40769b41973c","2024-10-21","5","주식공부도하고 재미있어요","c0b4450aba27","24.10.0","1","","","0","0","0","0","1","0","1","긍정","","아이의_학습_지속_흥미_이용의욕","주식공부도하고 재미있어요","아이의 학습(퀴즈·투자체험) 흥미·지속·의욕을 언급 (긍정)."
"224","508d5d12-27ef-482f-a1fe-eda2212c3be0","2024-10-21","5","최고에요,♡♡♡","7945f10c294f","24.10.0","1","","","0","0","0","0","0","0","0","","","","","6개 항목 어디에도 해당하지 않음 (기능 요청·오류 신고·단순 만족 표현 등)."
"225","9a24bdf6-396c-417c-9114-2632e8cd7c7b","2024-10-21","5","아이 용돈기입장처럼 계획적으로 사용가능해서 너무좋구 이벤트.퀴즈도 많아 매일 들어가서 지식도 쌓구 유익합니다.","be50ed96fb2a","24.10.0","5","","","0","0","0","0","1","0","1","긍정","","아이의_학습_지속_흥미_이용의욕","아이 용돈기입장처럼 계획적으로 사용가능해서 너무좋구 이벤트.퀴즈도 많아 매일 들어가서 지식도 쌓구 유익합니다.","아이의 학습(퀴즈·투자체험) 흥미·지속·의욕을 언급 (긍정)."
"226","dc070c9b-e995-4e9b-82e3-19fa4a553cc4","2024-10-21","5","초4 아이 첫 체크 신용카드.너무좋네요 어디서 무엇을썼는지 바로 확인가능하고 하루 한도도 지정이되며 공부하면포인트까지.. 잘 쓰고있습니다","609f8b004a02","24.10.0","5","","","0","0","1","0","0","0","0","","","돈이_학습행동의_동기가_된_경험","초4 아이 첫 체크 신용카드.너무좋네요 어디서 무엇을썼는지 바로 확인가능하고 하루 한도도 지정이되며 공부하면포인트까지.. 잘 쓰고있습니다","퀴즈·문제풀이와 금전 보상을 연결지어 긍정적으로 서술 — 보상이 학습 행동의 이유로 제시됨."
"227","d8c5ef9b-115e-46b2-9496-b1fb7eff4f6d","2024-10-20","1","들어가질때 비번 치고 생체인증하고 들어가는데 갑자기 퍼핀이 작동하지 않음. 이렇게 뜸 또 들어가니 와이파이를 확인해달라고 함","0b46d03b0b33","","13","안녕하세요 회원님, 와이파이를 확인해달라고 메세지가 떴다면 와이파이를 끄고 로그인 해보시길 바랍니다. 감사합니다.","2024-10-21","0","0","0","0","0","0","0","","","","","6개 항목 어디에도 해당하지 않음 (기능 요청·오류 신고·단순 만족 표현 등)."
"228","4ab6d746-7b2f-4917-a4fe-652b4e995418","2024-10-14","5","안녕하세요 부모님 맴버십 잘못 요청 했는데 취소 해주세요","0a77d591f7d9","","1","안녕하세요 회원님! 멤버십 관련 문의는 앱 내 고객센터 1:1문의를 통해 요청해주시길 바랍니다^^ 감사합니다.","2024-10-16","0","0","0","0","0","0","0","","","","","6개 항목 어디에도 해당하지 않음 (기능 요청·오류 신고·단순 만족 표현 등)."
"229","0295b856-1b09-4fdc-8619-cf3b49add467","2024-10-12","5","매일매일 퀴즈 풀면서 경제지식을 쌓아가는게 너무 좋습니다!!","659df109b906","24.10.0","4","","","0","0","0","0","1","0","1","긍정","","아이의_학습_지속_흥미_이용의욕","매일매일 퀴즈 풀면서 경제지식을 쌓아가는게 너무 좋습니다!!","아이의 학습(퀴즈·투자체험) 흥미·지속·의욕을 언급 (긍정)."
"230","5d9a4f6a-0eff-43df-85e4-accf6a65aca5","2024-10-11","5","너무 좋아요","cc25c63420c3","24.10.0","1","","","0","0","0","0","0","0","0","","","","","6개 항목 어디에도 해당하지 않음 (기능 요청·오류 신고·단순 만족 표현 등)."
"231","5ed98c1c-414c-4b14-9673-5da067709125","2024-10-09","5","모이투자로투자는 위험을 감수해야한다는것을 알았어요","50e7be309860","24.9.1","1","","","0","0","0","0","0","0","1","","","","모이투자로투자는 위험을 감수해야한다는것을 알았어요","아이가 경제·금융 지식을 실제로 익혔다는 경험 기반 서술 (핵심 페인포인트에 대한 반증 자료)."
"232","eaa80041-635c-4226-85d6-64d11b69c8e1","2024-10-09","5","최고다","5bc7d85f34c0","24.10.0","2","","","0","0","0","0","0","0","0","","","","","6개 항목 어디에도 해당하지 않음 (기능 요청·오류 신고·단순 만족 표현 등)."
"233","0cb325b9-825e-408b-ada4-f4710e3a87ed","2024-10-09","5","아이에게 용돈을 효율적으로 전달할수 있고 아이도 계획에 맞게 잘 쓸수 있어서 너무 좋은 앱인거 같아요. 요즘 주식투자게임도 하는데 너무 좋아하네요","0bd6ce48ff76","24.9.1","5","","","0","0","0","0","1","0","0","긍정","","아이의_학습_지속_흥미_이용의욕","아이에게 용돈을 효율적으로 전달할수 있고 아이도 계획에 맞게 잘 쓸수 있어서 너무 좋은 앱인거 같아요. 요즘 주식투자게임도 하는데 너무 좋아하네요","아이의 학습(퀴즈·투자체험) 흥미·지속·의욕을 언급 (긍정)."
"234","72ecb915-ddb2-490a-ad8e-54d1b6820075","2024-10-09","5","용돈받기 좋아요","36df2d18e0a8","24.10.0","1","","","0","0","0","0","0","0","0","","","","","6개 항목 어디에도 해당하지 않음 (기능 요청·오류 신고·단순 만족 표현 등)."
"235","b8c4207f-c0d5-4df3-8668-b25addea3d09","2024-10-09","5","어디든지 되어서 좋고 1번씩 보너스퀴즈도 생겨서너무좋다","95db56a65ce8","24.10.0","4","","","0","0","0","0","0","0","0","","","","","6개 항목 어디에도 해당하지 않음 (기능 요청·오류 신고·단순 만족 표현 등)."
"236","a27c0d71-b2e3-484a-a10d-215d26b898f6","2024-10-08","5","모이투자로 주식투자 지식을 얻을수있어서 좋다","dd5346d2300e","24.9.1","1","","","0","0","0","0","0","0","1","","","","모이투자로 주식투자 지식을 얻을수있어서 좋다","아이가 경제·금융 지식을 실제로 익혔다는 경험 기반 서술 (핵심 페인포인트에 대한 반증 자료)."
"237","7196124c-e72b-487f-82fa-c763d684d4e1","2024-10-08","5","카드의 디자인도 예쁘고 송금이 되어 편하고. 저금통과 퀴즈. 등등 좋은 기능이 많아 좋습니다!","c103b2bb4e02","24.10.0","5","","","0","0","0","0","0","0","0","","","","","6개 항목 어디에도 해당하지 않음 (기능 요청·오류 신고·단순 만족 표현 등)."
"238","a7873d4f-0746-42c3-b6b5-0d1ab2c00b6e","2024-10-08","5","주식 비슷한 투자를 경험해볼 수 있어서 좋았던거 같아요 각종 경제에 관한 퀴즈들도 풀때마다 용돈이 들어와서 지식도 쌓고 용돈도 꽤 쏠쏠해서 재미있어요","f487a954f2db","24.10.0","5","","","0","0","1","0","1","0","1","긍정","","돈이_학습행동의_동기가_된_경험","주식 비슷한 투자를 경험해볼 수 있어서 좋았던거 같아요 각종 경제에 관한 퀴즈들도 풀때마다 용돈이 들어와서 지식도 쌓고 용돈도 꽤 쏠쏠해서 재미있어요","퀴즈·문제풀이와 금전 보상을 연결지어 긍정적으로 서술 — 보상이 학습 행동의 이유로 제시됨."
"239","5b637e29-833f-49f8-9bae-d0064bee6983","2024-10-08","5","되게 이벤트도 많고 매일 퀴즈를풀어 용돈을 받을수있는것도 좋아요!","6974101618d6","24.10.0","4","","","0","0","1","0","0","0","0","","","돈이_학습행동의_동기가_된_경험","되게 이벤트도 많고 매일 퀴즈를풀어 용돈을 받을수있는것도 좋아요!","퀴즈·문제풀이와 금전 보상을 연결지어 긍정적으로 서술 — 보상이 학습 행동의 이유로 제시됨."
"240","36743dca-7af0-4998-ba9b-ff0873617942","2024-10-08","5","용돈 받기도 편하고 퀴즈,모의투자 등 시스템이 좋습니다 😎","b0e2a64aa98e","24.10.0","2","","","0","0","0","0","0","0","0","","","","","6개 항목 어디에도 해당하지 않음 (기능 요청·오류 신고·단순 만족 표현 등)."
"241","526d3390-bde5-4eec-a425-6b1c35374dba","2024-10-08","5","쉽게 주식 투자 할 수 있어 좋아요!","ea163215e1b2","24.10.0","1","","","0","0","0","0","0","0","0","","","","","6개 항목 어디에도 해당하지 않음 (기능 요청·오류 신고·단순 만족 표현 등)."
"242","61fb8a85-55c3-4f3c-8977-40783990edd9","2024-10-08","5","여기서 용돈을 쓰고 벌고, 모의투자도 하고 퍼핀은 아주 베스트한 앱이예요. 나중에 새로운 기능도 추가했으면 참 좋겠어요.","6aeeb88bc4e8","24.10.0","5","","","0","0","0","0","0","0","0","","","","","6개 항목 어디에도 해당하지 않음 (기능 요청·오류 신고·단순 만족 표현 등)."
"243","9f93ddfb-03c2-4daf-8235-60a5990f1818","2024-10-08","5","용돈","c6ec9563b1e4","","2","","","0","0","0","0","0","0","0","","","","","6개 항목 어디에도 해당하지 않음 (기능 요청·오류 신고·단순 만족 표현 등)."
"244","e09e4e26-5db8-4b13-b6c8-15f6d6620aa0","2024-10-08","5","어린이도 주식을 체험해 볼수 있고 부모님도 함께 할수 있어서 좋았습니다.","338b653ab464","24.10.0","4","","","0","0","0","0","0","0","1","","","","어린이도 주식을 체험해 볼수 있고 부모님도 함께 할수 있어서 좋았습니다.","아이가 경제·금융 지식을 실제로 익혔다는 경험 기반 서술 (핵심 페인포인트에 대한 반증 자료)."
"245","b47577a9-2d8c-4a1a-b5dd-a9dbebca5a3d","2024-10-08","5","넘 좋고 쓰기 편리함!!진짜 강추","89107b7d5f8a","24.10.0","4","","","0","0","0","0","0","0","0","","","","","6개 항목 어디에도 해당하지 않음 (기능 요청·오류 신고·단순 만족 표현 등)."
"246","0afd1f28-de36-4302-a8cf-1f32708eaaf5","2024-10-08","5","앱이 너무 편리하고 좋으며, 간편하고 깔끔해서 용돈 관리도 편하다.","54ce000c8785","24.10.0","4","","","0","0","0","0","0","0","0","","","","","6개 항목 어디에도 해당하지 않음 (기능 요청·오류 신고·단순 만족 표현 등)."
"247","a8571522-647e-4de8-a32f-dab8b15af358","2024-10-08","5","모의투자 재밌어서 중독될뻔 ㅋㅋ 근데 1000등에도 못 들어감..","b1591000aa72","24.9.1","2","","","0","0","0","0","1","0","0","긍정","","아이의_학습_지속_흥미_이용의욕","모의투자 재밌어서 중독될뻔 ㅋㅋ 근데 1000등에도 못 들어감..","아이의 학습(퀴즈·투자체험) 흥미·지속·의욕을 언급 (긍정)."
"248","fd40b7e9-464a-4086-ad63-b27cfd042d8f","2024-10-08","4","가상계좌 생겨서 좋았고 문제 풀면서 돈을 받으니까 정말 좋은것 같아요","ef8acb1d6f82","24.10.0","2","","","0","0","1","0","0","0","0","","","돈이_학습행동의_동기가_된_경험","가상계좌 생겨서 좋았고 문제 풀면서 돈을 받으니까 정말 좋은것 같아요","퀴즈·문제풀이와 금전 보상을 연결지어 긍정적으로 서술 — 보상이 학습 행동의 이유로 제시됨."
"249","b7db8a01-92db-479c-8cbe-cac6b4fc331b","2024-10-08","5","쉽게 주식을 체험해볼 수 있어서 너무 좋은 경험이 되었어요!교통 카드도 되고 너무 좋아요!!완전 추천 합니다!!","27c8842a81cb","24.10.0","5","","","0","0","0","0","0","0","1","","","","쉽게 주식을 체험해볼 수 있어서 너무 좋은 경험이 되었어요!교통 카드도 되고 너무 좋아요!!완전 추천 합니다!!","아이가 경제·금융 지식을 실제로 익혔다는 경험 기반 서술 (핵심 페인포인트에 대한 반증 자료)."
"250","f25a534c-a395-457c-8b54-5f46d5121c28","2024-10-08","5","이제 버스카드까지 같이 할수 있어서 하나만 가지고다니기 좋은것같아요","ab0c877db03a","24.10.0","2","","","0","0","0","0","0","0","0","","","","","6개 항목 어디에도 해당하지 않음 (기능 요청·오류 신고·단순 만족 표현 등)."
"251","aab964c6-a45d-4ae8-b8aa-01456fd77483","2024-10-08","5","용돈도 벌수 있고 투자도 해서 즐거워요","eb5d01192054","24.10.0","2","","","0","0","1","0","1","0","0","긍정","","돈이_학습행동의_동기가_된_경험","용돈도 벌수 있고 투자도 해서 즐거워요","퀴즈·문제풀이와 금전 보상을 연결지어 긍정적으로 서술 — 보상이 학습 행동의 이유로 제시됨."
"252","a906bbce-6691-4991-a309-dcbd0eff28fd","2024-10-08","5","모의투자로 투자의 경험을했습니다!","d8b8855d5403","24.10.0","1","","","0","0","0","0","0","0","1","","","","모의투자로 투자의 경험을했습니다!","아이가 경제·금융 지식을 실제로 익혔다는 경험 기반 서술 (핵심 페인포인트에 대한 반증 자료)."
"253","1517dfd9-1b33-4c05-baf9-e570acc860d8","2024-10-03","5","넘모 조코","d712fae49ffa","24.9.1","1","","","0","0","0","0","0","0","0","","","","","6개 항목 어디에도 해당하지 않음 (기능 요청·오류 신고·단순 만족 표현 등)."
"254","a222a02d-37b1-4406-88ad-24648299f0f1","2024-09-23","4","지금 퍼핀을 사용하고 있는 유저입니다. 제가 퍼핀을 사용하는 동안 다른 사람이나 친구들에게 송금을 하게 되는데 그게 알수없는데 기타로 카토고리 설정이 되다보니 소비를 내가 이상한 곳에다가 하고있나 라는 생각이 들기도 하기 송금을 한 곳에 카테고리를 수정할 수 있게 해주셨으면 좋겠습니다. 그리고 퍼핀을 사용할때 가끔 가다가 저의 잔액이 안보일때가 있긴한데 그때 사용할때 살짝 불편하네요.. 그리고 평소 용돈날 오전 7시나 8시 사이에 들어온다고 되있지만 오후 3시나 2시 쯤 들어오는 게 생기게 되어 살게 있어도 제때 못 사게 됩니다. 그외에는 퍼핀 사용하기 정말 편하고 요즘엔 지문인식도 되서 퍼핀 열기가 정말 편해요! 그리고 퍼핀으로 매일 퀴즈풀고해서 돈도 받고 경제 지식도 올라가서 일석이조여서 정말 좋습니다!","a111d6b4c495","24.9.1","2","","","0","0","1","0","1","0","1","긍정","","돈이_학습행동의_동기가_된_경험","…되서 퍼핀 열기가 정말 편해요! 그리고 퍼핀으로 매일 퀴즈풀고해서 돈도 받고 경제 지식도 올라가서 일석이조여서 정말 좋습니다!","퀴즈·문제풀이와 금전 보상을 연결지어 긍정적으로 서술 — 보상이 학습 행동의 이유로 제시됨."
"255","ab1f4176-9ed8-43f2-9a4a-9d3cb2e42de1","2024-09-22","5","바코드에서CU추가해주세요","59daa2aad3aa","24.9.1","0","","","0","0","0","0","0","0","0","","","","","6개 항목 어디에도 해당하지 않음 (기능 요청·오류 신고·단순 만족 표현 등)."
"256","5179094d-1b3a-4015-a88d-25d64c8d5c9a","2024-09-19","3","용돈 쓴 내역만 알람을 받고싶으면 어떻게 설정해야하나요?","eec02e9fcec1","24.9.1","1","안녕하세요 회원님, 알림으로 인해 불편을 드려 죄송합니다. 더보기 > 설정 > 서비스 알림에만 ON 해주시면 되세요^^ 간혹 이벤트 중에서도 서비스와 관련된 주요 알림으로 발송되는 건들이 있는데 보다 엄밀히 구분하여 전달드릴 수 있도록 하겠습니다! 감사합니다 :)","2024-09-19","0","0","0","0","0","0","0","","","","","6개 항목 어디에도 해당하지 않음 (기능 요청·오류 신고·단순 만족 표현 등)."
"257","571bfbbe-2633-4d4d-aee4-3bda7fecd66f","2024-09-19","3","다 좋아요. 다만 제~~~~발 이벤트알림해제한 사람한테는 광고나 뉴스같은 알림 좀 안오게해주세요. 정말 짜증나요. 이것때문에 카카오통장으로 넘길까 진지하게 고민하게되네요.","6e2d1c2023f0","24.9.1","2","안녕하세요 회원님, 알림으로 인해 불편을 드려 죄송합니다. 간혹 이벤트 중에서도 서비스와 관련된 주요 알림으로 발송되는 건 들이 있는데 보다 엄밀히 구분하여 전달 드릴 수 있도록 하겠습니다! 감사합니다 :)","2024-09-19","0","0","0","0","0","0","0","","","","","6개 항목 어디에도 해당하지 않음 (기능 요청·오류 신고·단순 만족 표현 등)."
"258","6136746a-e122-4151-b7b3-bad24d3341fc","2024-09-16","5","모의주식 참여는 어떻게 하는 건가요? 돈을 투자했는데 참여 안했다고 나오네요.","9c76ac740b28","24.9.1","1","안녕하세요 회원님! 현재 모의투자 시스템에 오류가 생겨서 수정 복구 중에 있습니다. 오후부터는 정상 작동될 예정이니 조금만 기다려주세요. 감사합니다^^","2024-09-16","0","0","0","0","0","0","0","","","","","6개 항목 어디에도 해당하지 않음 (기능 요청·오류 신고·단순 만족 표현 등)."
"259","71cb4f59-8424-4b6c-b4e5-beb36f89eab4","2024-09-13","5","이번 업데이트는 주식투자가 꿈인 저에게 아주 기쁜 업데이트입니다. 모의투자로 모은 투자금은 퍼핀 내지갑에 모이는건가요, 투자금에 모이는건가요?","9bc92a3d4f8f","24.9.1","13","안녕하세요^^ 가상계좌 번호 보기 기능이 업데이트 되었습니다! 최신 버전으로 업데이트 해주시길 바랍니다. 이용해주셔서 감사합니다~!","2024-06-18","0","0","0","0","0","0","0","","","","","6개 항목 어디에도 해당하지 않음 (기능 요청·오류 신고·단순 만족 표현 등)."
"260","17ebb6d4-6397-498e-a57f-c91231f36504","2024-09-01","5","너무 편리해요","027e0f9b873c","","1","","","0","0","0","0","0","0","0","","","","","6개 항목 어디에도 해당하지 않음 (기능 요청·오류 신고·단순 만족 표현 등)."
"261","a2cd2e14-0bd4-407a-9c14-7f01f271d391","2024-08-28","5","다 좋지만 만원 초과 결재시 부모님께 전송안하는것도 있으면 좋을꺼 같아요 만원 이상쓰면 귀신같이 알아내서 물어보시거든요;","f2b627e1af5e","24.8.1","2","","","0","0","0","0","0","0","0","","","","","6개 항목 어디에도 해당하지 않음 (기능 요청·오류 신고·단순 만족 표현 등)."
"262","e7b698bb-1a7e-47a6-82da-21c6612c4830","2024-08-25","5","21세 여자인데 카드 디자인이 예뻐서 다운 받았어요. 초등학생 말고 저도 쓰게 해주세요.","0a8fef4b99a8","24.8.1","2","안녕하세요 회원님 :) 성인의 경우 카드는 발급할 수 없지만 바코드 결제로 포인트 적립 혜택을 받으실 수 있습니다^^ 대학생도 사용할 수 있는 용돈카드도 기획해보도록 하겠습니다! 감사합니다.","2024-09-07","0","0","0","0","0","0","0","","","","","6개 항목 어디에도 해당하지 않음 (기능 요청·오류 신고·단순 만족 표현 등)."
"263","462fbf15-1ef1-40ee-845b-64d616d181bf","2024-08-23","5","굿","824190b6e74d","","5","","","0","0","0","0","0","0","0","","","","","6개 항목 어디에도 해당하지 않음 (기능 요청·오류 신고·단순 만족 표현 등)."
"264","bb444dbf-7a61-470c-9cc2-3aba14054b93","2024-08-06","5","마마랑 같이 하는 퍼핀","d0519b2656e0","24.7.1","1","","","0","0","0","0","0","0","0","","","","","6개 항목 어디에도 해당하지 않음 (기능 요청·오류 신고·단순 만족 표현 등)."
"265","4f2593ac-60ca-4d29-b619-2f2d04560648","2024-08-06","5","안녕하세요.지금 퍼핀한지 2년 됬습니다. 퍼핀이라는 앱 자체가 너무 맘에 들었어요. 혹시 부탁인데 올리브영이랑 스타벅스 접릭좀 해주시면 안 될까요? 그리고 할인까지 되는 것도 해드리면 안 될까요?","84a0f05106b7","24.7.1","4","안녕하세요 회원님^^ 퍼핀을 잘 활용해주셔서 감사합니다:) 문의에 대한 자세한 답변은 고객센터 1:1 상담으로 답변드릴 수 있습니다! 언제든 앱 우측 상단 설정 > 고객센터를 찾아주셔서 말씀 주시면 감사하겠습니다.","2024-08-07","0","0","0","0","0","0","0","","","","","6개 항목 어디에도 해당하지 않음 (기능 요청·오류 신고·단순 만족 표현 등)."
"266","3ec37246-d422-41f2-a3ae-74ad4e3d09e7","2024-08-04","5","저는 현재는 너무 잘쓰고 있구욤! 딴 사람처럼 오류도 인니서 편했어욤!","ff770a729ed0","24.7.1","6","","","0","0","0","0","0","0","0","","","","","6개 항목 어디에도 해당하지 않음 (기능 요청·오류 신고·단순 만족 표현 등)."
"267","174a65cf-73c5-455b-9c07-326b9d4f6d6b","2024-07-31","4","용돈 지급 일시정지 기능이 있으면 좋겠어요 방학때나 용돈을 잠시 중단하고 싶을때 요긴할듯해요","20cfc8d38de0","24.7.0","2","안녕하세요 회원님, 의견 감사합니다^^ 용돈 계약 수정을 통해 정기 용돈을 0원으로 설정해주시면 지급되지 않습니다! 언제든 고객센터 1:1문의를 통해 새로운 제안 말씀주시면 더욱 빠른 반영과 답변 드릴 수 있도록 하겠습니다.","2024-08-07","0","0","0","0","0","0","0","","","","","6개 항목 어디에도 해당하지 않음 (기능 요청·오류 신고·단순 만족 표현 등)."
"268","c5916ebf-0004-4080-9dd3-56eb048b099b","2024-07-19","1","바코드 결제가 안됌","69a0ab079847","24.7.0","1","안녕하세요 회원님, 현재까지 바코드 결제 관련 오류는 전혀 없었습니다만 어떤 단계에서 안되신다는 것인지 자세히 알려주시면 사용방법을 알려드리도록 하겠습니다^^ 앱 내 설정>고객센터>1:1문의로 알려주시면 빠르게 안내 드리겠습니다. 감사합니다.","2024-07-22","0","0","0","0","0","0","0","","","","","6개 항목 어디에도 해당하지 않음 (기능 요청·오류 신고·단순 만족 표현 등)."
"269","9da2089e-23a0-4d67-8619-67453b9a7049","2024-07-19","5","좋았어요","df1960f44dd3","24.7.0","2","","","0","0","0","0","0","0","0","","","","","6개 항목 어디에도 해당하지 않음 (기능 요청·오류 신고·단순 만족 표현 등)."
"270","bddb6a78-e884-4821-b529-103279aea41a","2024-07-15","5","간편히 용돈을 벌수 있다","00e7d2c3bbfe","24.7.0","0","","","0","0","0","0","0","0","0","","","","","6개 항목 어디에도 해당하지 않음 (기능 요청·오류 신고·단순 만족 표현 등)."
"271","ee647b69-faa6-4e77-be6f-e9cf53e8cba0","2024-07-13","5","잼","5f3856c756f9","24.6.1","2","","","0","0","0","0","0","0","0","","","","","6개 항목 어디에도 해당하지 않음 (기능 요청·오류 신고·단순 만족 표현 등)."
"272","57141e5a-2dda-4819-b81c-fac353dabcd5","2024-07-12","5","야미","fb955a37786b","24.6.1","2","","","0","0","0","0","0","0","0","","","","","6개 항목 어디에도 해당하지 않음 (기능 요청·오류 신고·단순 만족 표현 등)."
"273","c0bbbbc9-1bec-47bf-a59f-f59a70921865","2024-07-12","1","아예 로그인 자체가 안돼내요 다 맞게 입력했는데도 아니라고 뜨네요 고객센터 전화 번호좀 알려주세요","dc750a3d576b","24.6.1","10","안녕하세요 회원님, 본인 명의의 휴대폰이 맞으실까요? 성별 입력 칸에 남자 3, 여자 4로 입력해주셨는지도 확인 부탁드립니다! 어떤 이유에서 인증 불가인지에 대해 앱 내 고객센터 > 1:1문의를 통해 화면을 캡쳐해 주시면 더욱 빠르고 정확한 답변 드리도록 하겠습니다! 감사합니다.","2024-07-13","0","0","0","0","0","0","0","","","","","6개 항목 어디에도 해당하지 않음 (기능 요청·오류 신고·단순 만족 표현 등)."
"274","598a5067-b5d0-4189-bf39-08b694757c69","2024-07-07","1","별 한개도 아까운앱.","10010a17981f","24.6.1","6","안녕하세요, 리뷰는 저희에게 큰 힘이 되는 지표인데 속상합니다ㅜ.ㅜ 퍼핀은 각 영역별 전문가들이 아이들의 용돈 관리와 부모님의 편의를 위해 최선을 다해 만들어가고 있는 서비스입니다. 어떤 부분에서 불편함을 느끼셨는지 알려주시면 더욱 심혈을 기울여 개선해나가도록 하겠습니다.","2024-07-08","0","0","0","0","0","0","0","","","","","6개 항목 어디에도 해당하지 않음 (기능 요청·오류 신고·단순 만족 표현 등)."
"275","5823805c-9047-4d1f-b11c-9ebd88f0154b","2024-07-06","5","앱에서 교통카드 충전 기능은 언제 나와요?","e13c41bda196","","1","","","0","0","0","0","0","0","0","","","","","6개 항목 어디에도 해당하지 않음 (기능 요청·오류 신고·단순 만족 표현 등)."
"276","7c47d2ec-ffac-4deb-8a25-bd2042554e26","2024-06-22","5","엄마께서 용돈을 카드로주셔서 편리합니다","d2be8a4c6602","24.6.1","0","","","0","0","0","0","0","0","0","","","","","6개 항목 어디에도 해당하지 않음 (기능 요청·오류 신고·단순 만족 표현 등)."
"277","f21fb97c-787a-42b9-aa3b-28af4066c9ab","2024-06-18","5","별점을 낮게 줬는데도 불구하고 답변을 친절하게 해주셨어요","28cbdc7235d8","23.9.1","6","","","0","0","0","0","0","0","0","","","","","6개 항목 어디에도 해당하지 않음 (기능 요청·오류 신고·단순 만족 표현 등)."
"278","e9c00eac-3f9d-49f9-b7bb-f1c96be84126","2024-06-13","5","이 퍼핀앱 이 좋아요 왜냐하면 결제 할수도 있고 가상계좌도 생기고 퍼핀카드도 오고 용돈 관리도 할수있고 교통카드도 할수있어 좋아요 미션도 주고 학교 밥 뭐 나오는지도 나와서 칭찬을 합니다 퍼핀앱 없어지지 말고 계속 영원히 있었으면 좋겠네요 꼭 영원히 있길! 사랑합니다♡♡♡♡♡","3de9f0c8adf0","24.6.0","10","","","0","0","0","0","0","0","0","","","","","6개 항목 어디에도 해당하지 않음 (기능 요청·오류 신고·단순 만족 표현 등)."
"279","2ef4b93c-a53e-4d4b-bbdb-bb6026ec3dad","2024-06-11","5","카드가 무료여서 좋았어요","4d43f4f7caab","","1","","","0","0","0","0","0","0","0","","","","","6개 항목 어디에도 해당하지 않음 (기능 요청·오류 신고·단순 만족 표현 등)."
"280","dbd33a11-487e-4d5b-9352-b78600e44371","2024-06-11","5","초반에는 기능도 없고 그냥 카드 결재만 되고..ㅜㅜ 다른친구들은 더 어른카드를 써서 막 송금도 되고 계좌이체도 되고 그래서 부러웠는데 지금은 퍼핀도 송금,계좌이체,버스카드 등등 다되어서 좋고 퀴즈랑 저금통도 너무 좋아요 😍 글고 디자인이 너무 예뻐요 귀엽고 앞으로도 쓸 생각입니당 !! 짱 !!!!! 근데 추가해주면 좋은 기능이 있는데 삼성페이로 핸드폰 뒤만 대면 딱 결재가 되면 좋을것 같아요 이건 제 의견입니다 굳이 안하셔도 되요 암튼 너무 좋은 카드어플입니다 !!","91f3a9dbfa43","24.6.0","23","","","0","0","0","0","1","0","0","긍정","","아이의_학습_지속_흥미_이용의욕","…도 너무 좋아요 😍 글고 디자인이 너무 예뻐요 귀엽고 앞으로도 쓸 생각입니당 !! 짱 !!!!! 근데 추가해주면 좋은 기능이 있는데 삼성페이로 핸드폰 뒤만 대면 …","아이의 학습(퀴즈·투자체험) 흥미·지속·의욕을 언급 (긍정)."
"281","8ebfd0c4-4b3d-458f-a3cc-631437ff6ab0","2024-06-07","1","퀴즈앱인가요?","273c27351365","24.5.3","6","안녕하세요 회원님, 퍼핀에는 퀴즈를 풀고 용돈을 받을 수 있는 기능이 있습니다^^ 하지만 퀴즈만 풀 수 있는 앱은 아니며 퍼핀카드를 관리할 수 있는 금융 기능을 주로 이용하실 수 있어요. 감사합니다!","2024-06-13","0","0","0","0","0","0","0","","","","","6개 항목 어디에도 해당하지 않음 (기능 요청·오류 신고·단순 만족 표현 등)."
"282","a7d353cc-2062-4be9-af96-80e125504954","2024-06-05","5","카드가 필요 해는데 아이부자 까려다가 디자인이 너무 이뻐서 퍼핀을 까랏단 사실.....벌써 7만원 모았다!!","9afe8f610641","24.5.3","0","","","0","0","0","0","0","0","0","","","","","6개 항목 어디에도 해당하지 않음 (기능 요청·오류 신고·단순 만족 표현 등)."
"283","d1040e1e-1fb8-4188-93fc-706d67035ed8","2024-05-28","5","몇달전에 외국인도 쓸수있게 해달라고 댓글 남겼었는데 한단전에 해결 됐다구 문자와서 해보니 진짜로 되네요.너무 감사합니다.이렇게 우리들의 말에 귀기울여주시고 회사가 더 크게 반전할거 같습니다.신용두 좋구 믿음이 가는 회사네요. 교통카드는 충전하는방식으로 따로있지않고 후불결제 하는거로 했으면 너무 좋을것 같네요","58a23a56041e","24.5.3","14","안녕하세요 회원님, 리뷰 감사드립니다! 외국인 분들도 편리하게 사용하실 수 있도록 가입과 계좌 충전 기능을 모두 업데이트 하였습니다^^ 교통카드의 경우 후불결제는 신용카드여야 하며, 퍼핀카드는 미성년자를 위한 선불충전카드여서 불가능합니다ㅠ.ㅠ 교통카드 이용에 보다 편리한 서비스 제공하기 위해 현재 개선 작업 중에 있으며 언제나 회원님들의 의견을 귀기울여 최선을 다해 업데이트 해나가도록 하겠습니다!","2024-06-13","0","0","0","0","0","0","0","","","","","6개 항목 어디에도 해당하지 않음 (기능 요청·오류 신고·단순 만족 표현 등)."
"284","51aa58fd-ef58-456c-b294-b2edc551a22e","2024-05-28","5","욘돈스기","3bcfecadfadb","24.5.3","2","","","0","0","0","0","0","0","0","","","","","6개 항목 어디에도 해당하지 않음 (기능 요청·오류 신고·단순 만족 표현 등)."
"285","e15d81e0-6ff1-4a0e-83e0-96e24d88eeee","2024-05-19","5","퍼핀을 사용하는 유저입니다! 일단!송금있는게 너무 좋고 가끔씩이 아니고 거의...매번..? 이벤트를 하는게 너무 좋아요!!저금통도 좋고 전 솔직히 디자인이 너무 이뻣어요!!!좀 심플..?이랄까 딱 제가 좋아하는 색깔만 사용해서 좋고!!새로 나온 디자인도 너무 이쁘더라구요ㅠㅜ현광색이랑 보라/검정이라니ㅠㅜ 너무 호감입니다!!!ㄴ카드 처음쓰시는 분들에게 완전 추천!!그리구 비번 말고 간편히 지문으로 앱이 들어가지는 것도 너무!!!좋습니다!!아마 퍼핀 평생 이용할거 같네요ㅎ","bf16846e3062","24.5.0","184","","","0","0","0","0","0","0","0","","","","","6개 항목 어디에도 해당하지 않음 (기능 요청·오류 신고·단순 만족 표현 등)."
"286","f41917b2-b206-469f-b20b-ffa40fd1842d","2024-05-18","4","용돈을 현금으로 주다가 카드사용할려고 찾던중 비교해보고 퍼핀을 결정했어요 삼성페이도되고 교통카드까지 되어서좋은데 용돈이많을경우 거기서바로 체크카드사용이되니 염려되는부분이있어요 한곳에큰금액을 놔두고 카드연결된계좌로 본인이 적은금액을 옮겨서 사용할수있는기능있음 좋겠어요 저금통이라는것이있는데 여기서는 퍼핀카드로 입금할수없어서요 어른으로따지만 계좌가두개있고 한군데 금액을 놔두고 체크카드연결된계좌에 조금씩넣어서쓰는 방법처럼요 그래서 자녀가 지금은 토스계좌에 자기용돈을 넣어두고 쓸만큼 퍼핀으로 옮겨사용해야할지 고민중이네요 다른건 대부분 만족스러워요:)","a6cb98cf1be9","24.5.0","9","안녕하세요 회원님^^ 자세한 의견 주셔서 매우 감사드립니다! 말씀해주신 자녀의 계좌연결 기능도 현재 준비 중에 있으며 10월 중에 선보일 예정입니다! 보다 좋은 혜택의 예금 계좌 개설과 저축까지 연결될 수 있도록 만들고 있으니 조금만 더 기다려주세요. 가정 경제에 더욱 보탬이 되고 자녀의 금융교육에도 더욱 도움될 수 있는 퍼핀이 되기 위해 최선을 다하여 업데이트 해나가겠습니다!!","2024-06-13","0","0","0","0","0","0","0","","","","","6개 항목 어디에도 해당하지 않음 (기능 요청·오류 신고·단순 만족 표현 등)."
"287","07f3df7d-1fbf-4027-aecd-b144d2a35a20","2024-05-16","5","돈이 없어요","25fab4a317f1","24.5.0","1","안녕하세요 회원님~ 돈은 부모님께서 충전하신 후 보내주셔야 합니다^^ 5월 말에는 가상계좌 생성 기능도 업데이트될 예정이어서 외부로부터 송금 받기도 가능해지니 잘 활용해주시길 바랍니다! 감사합니다.","2024-05-14","0","0","0","0","0","0","0","","","","","6개 항목 어디에도 해당하지 않음 (기능 요청·오류 신고·단순 만족 표현 등)."
"288","9a28b14e-dd8d-431a-96cc-af4398bcd444","2024-05-07","2","교통카드 충전 불편합니다. 충전소 가서 충전해야되는게.. 대중교통 잔액확인도 부모앱에서 확인시 카드 있어야 가능함 불편","ce5ff89346f9","24.5.0","18","","","0","0","0","0","0","0","0","","","","","6개 항목 어디에도 해당하지 않음 (기능 요청·오류 신고·단순 만족 표현 등)."
"289","faba8f20-33c2-4f93-b8b6-92935438ffba","2024-05-06","4","용돈받기 편리하고 좋아요! 하지만 카드가 늦게와서 조금 아쉬워요","7bb740f2eae9","24.5.0","6","","","0","0","0","0","0","0","0","","","","","6개 항목 어디에도 해당하지 않음 (기능 요청·오류 신고·단순 만족 표현 등)."
"290","ca578fef-5d06-4f72-96fe-98a8ee5c36b8","2024-05-05","5","용돈많이 주세요","879674b7f659","24.5.0","1","","","0","0","0","0","0","0","0","","","","","6개 항목 어디에도 해당하지 않음 (기능 요청·오류 신고·단순 만족 표현 등)."
"291","3f47d9a9-c53a-4228-b6fd-b311d6f93985","2024-05-04","3","아니; 다른건다좋은데 오류가너무많이 일어납니다;;","1be585768409","24.5.0","1","안녕하세요 회원님, 퍼핀의 오류 발생 빈도는 전체 금융앱들에 비해 매우 매우 낮은 편입니다ㅠ.ㅠ 발생하는 오류에 대해서는 휴일일지라도 회원님들을 위해 빠르게 수정하여 업데이트하고 있답니다^^ 더욱 안정적인 앱이 되기 위해 노력하겠습니다!","2024-05-14","0","0","0","0","0","0","0","","","","","6개 항목 어디에도 해당하지 않음 (기능 요청·오류 신고·단순 만족 표현 등)."
"292","90e2717a-98f5-42a4-8cc9-35f0b5ddaecd","2024-04-23","5","돈을 쓰기도 편하고 이벤트가 많아서 좋아요 ٩ ˊᗜˋ 만약에 카드 디자인이 많아지고, 부모님과의 미션을 완료하면 용돈을 주는 미션기능 같은 것도 추가되면 더 좋을 것 같아요 ⌯' ▾ '⌯ 편리하고 퀴즈도 풀 수 있어서 별 5개 드립니다 ! ♪*.+:(´ω｀●)♪","ab3540983560","24.4.1","24","","","0","0","0","0","0","0","0","","","","","6개 항목 어디에도 해당하지 않음 (기능 요청·오류 신고·단순 만족 표현 등)."
"293","be36074c-6d7b-46a0-b7cd-eb529227dd82","2024-04-23","5","퍼핀 용돈카드사용하기좋아요 만족함","ec030e876a01","24.4.1","1","","","0","0","0","0","0","0","0","","","","","6개 항목 어디에도 해당하지 않음 (기능 요청·오류 신고·단순 만족 표현 등)."
"294","c7881572-1829-45be-afd3-4c2fc72e1902","2024-04-22","2","교통카드기능이 너무불펀해요","e033345b9b52","24.4.1","2","안녕하세요 회원님, 퍼핀의 교통카드 기능은 한국철도공사 레일플러스에서 맡아 운영하고 있습니다. 최근 교통 잔액보기를 출시하였는데 혹시 이용해보셨을까요? 충전도 퍼핀앱으로 될 수 있도록 노력하고 있지만 함께 만들어가는 기능이다 보니 어려움이 있답니다ㅠ.ㅠ 하지만 더욱 노력해서 교통카드 기능도 개선될 수 있도록 하겠습니다! 감사합니다.","2024-05-14","0","0","0","0","0","0","0","","","","","6개 항목 어디에도 해당하지 않음 (기능 요청·오류 신고·단순 만족 표현 등)."
"295","39562d2d-1ff6-4c80-b5ab-34cc73bf9c72","2024-04-22","5","용돈 주는게 편리해서 좋아요!","7834804541fc","24.4.1","1","","","0","0","0","0","0","0","0","","","","","6개 항목 어디에도 해당하지 않음 (기능 요청·오류 신고·단순 만족 표현 등)."
"296","41c1952e-3f8f-4692-abac-dbc52d79fea6","2024-04-21","5","조아여^^","71f698991f14","24.4.1","2","","","0","0","0","0","0","0","0","","","","","6개 항목 어디에도 해당하지 않음 (기능 요청·오류 신고·단순 만족 표현 등)."
"297","0e386b04-60ec-49ab-81e1-3e6565955c60","2024-04-21","5","너무 좋아요 미션하면 용돈도 줘서 너무 좋아요 추천","5bc43825dc2d","24.4.1","0","","","0","0","0","0","0","0","0","","","","","6개 항목 어디에도 해당하지 않음 (기능 요청·오류 신고·단순 만족 표현 등)."
"298","e7deacdb-74e3-4173-ae40-b2f636b0c492","2024-04-21","5","퍼핀을 처음할때에는 카드로 결제하는게 복잡하고 어려웠지만 지금은 너무 쉽고 적응이 잘 된거 같아요 렉도 안 걸리고 문제도 없고 버그도 없어요^^!","dea29247356c","24.4.1","12","","","0","0","0","0","0","0","0","","","","","6개 항목 어디에도 해당하지 않음 (기능 요청·오류 신고·단순 만족 표현 등)."
"299","204405f5-62c7-4b2a-a0b2-cbed9b74ccf0","2024-04-21","5","편리해요","e24bc2a508df","24.4.1","1","","","0","0","0","0","0","0","0","","","","","6개 항목 어디에도 해당하지 않음 (기능 요청·오류 신고·단순 만족 표현 등)."
"300","40814295-ecfc-4f4d-9875-46d242a63aa6","2024-04-21","5","용돈관리랑 교통카드, 계좌이체 도 되니편해요","5fed418066ac","24.4.1","1","","","0","0","0","0","0","0","0","","","","","6개 항목 어디에도 해당하지 않음 (기능 요청·오류 신고·단순 만족 표현 등)."
"301","37ea3235-e0f6-4db1-a24f-3ec1afcd1904","2024-04-20","5","간편해요!","17a10da05b14","24.4.1","2","","","0","0","0","0","0","0","0","","","","","6개 항목 어디에도 해당하지 않음 (기능 요청·오류 신고·단순 만족 표현 등)."
"302","dccae1cc-e93b-45e1-b274-fe787c90d878","2024-04-20","5","안녕하세요! 퍼핀 사용하고 있는 유저입니다. 장단점을 알려드리자면 ! 장점은 송금기능이 생겨 송금할 수 있게 되어 카드를 안가져 왔을때 송금하기 편합니다! 그 다음 급식표를 확인 할 수 있어 급식 뭐나오는 지 친구들에게 알려 줄 수 있어 좋습니다! 단점은 송금기능이 있다면 계좌 기능이 없습니다 ㅜ 퍼핀 자체에서 계좌기능이 생겼으면 좋겠어요! 여기까지 읽어주셔서 감사합니다","7a0434fa0210","24.4.1","120","안녕하세요 회원님^^ 정성 가득한 리뷰 매우 감사드립니다! 말씀주신 계좌기능이 5월 말에 드디어 업데이트 될 예정입니다! 조금만 기다려주시면 더욱 편리하게 이용하실 수 있게 될거에요 :) 최선을 다해 업데이트 해나가도록 하겠습니다!!","2024-05-14","0","0","0","0","0","0","0","","","","","6개 항목 어디에도 해당하지 않음 (기능 요청·오류 신고·단순 만족 표현 등)."
"303","29d4db8e-f4d6-4f10-b9d2-cb7f98d5f165","2024-04-20","5","너무 좋고 쓰기 편해요 ㅎㅎ","ca63704202d7","","1","","","0","0","0","0","0","0","0","","","","","6개 항목 어디에도 해당하지 않음 (기능 요청·오류 신고·단순 만족 표현 등)."
"304","117b6409-b891-4894-96f4-dd39e362dbf6","2024-04-20","5","퍼핀 너무 좋은것같아요! 퀴즈를 풀면 공부도 되고, 용돈도 받고 정말 일석이조네요!! 또,암호도 있어서 누가 마음대로 쓸가봐 걱정 되지도 않아요!","f1733967b1f0","24.4.1","7","","","0","0","1","0","0","0","0","","","돈이_학습행동의_동기가_된_경험","퍼핀 너무 좋은것같아요! 퀴즈를 풀면 공부도 되고, 용돈도 받고 정말 일석이조네요!! 또,암호도 있어서 누가 마음대로 쓸가봐 걱정 되지도 않아요!","퀴즈·문제풀이와 금전 보상을 연결지어 긍정적으로 서술 — 보상이 학습 행동의 이유로 제시됨."
"305","c72b0cc8-9dea-4294-a7eb-0d576de6b467","2024-04-20","5","용돈을 편리하게 주고 받을 수 있어서 정말 좋아요!!!!!!","89707a69c00e","24.4.1","1","","","0","0","0","0","0","0","0","","","","","6개 항목 어디에도 해당하지 않음 (기능 요청·오류 신고·단순 만족 표현 등)."
"306","5849bae1-683d-4871-bbdc-bebc1865d9fe","2024-04-20","5","지금 일주일 넘게 사용중이에요 ~어떤 애가 퍼핀을 쓰길래 저도 관심이 보여서 용돈카드를 만들게 됐어요~앞으로도 용돈카드 잘쓰겠습니다^^","be6a7be608bf","24.4.1","1","","","0","0","0","0","0","0","0","","","","","6개 항목 어디에도 해당하지 않음 (기능 요청·오류 신고·단순 만족 표현 등)."
"307","8ea31cf0-0f62-49e5-bbd9-5e05bd0b6d4d","2024-04-19","5","버스카드가 얼마있는지도 볼 수 있고 잔액 얼마 있는지도 볼 수 있어서 좋아요 아이부자처럼 미숀도있어요!","c63ec084221a","24.4.1","0","","","0","0","0","0","0","0","0","","","","","6개 항목 어디에도 해당하지 않음 (기능 요청·오류 신고·단순 만족 표현 등)."
"308","9022e20c-93b8-4819-925a-191cf9ff8a60","2024-04-19","5","넘무 좋아요.","74e991fef2a1","24.4.1","1","","","0","0","0","0","0","0","0","","","","","6개 항목 어디에도 해당하지 않음 (기능 요청·오류 신고·단순 만족 표현 등)."
"309","ca1e9e78-fab4-4ea6-8ce5-78f9ff3dde66","2024-04-19","4","용돈을 챙겨주지않아도 알아서 들어가니까 편해요","dbe95e3c214e","24.4.1","0","","","0","0","0","0","0","0","0","","","","","6개 항목 어디에도 해당하지 않음 (기능 요청·오류 신고·단순 만족 표현 등)."
"310","78208ac9-310a-461d-a048-4282c17c368d","2024-04-19","5","진짜 너무 좋고 편리해요","ea724c19a06b","","1","","","0","0","0","0","0","0","0","","","","","6개 항목 어디에도 해당하지 않음 (기능 요청·오류 신고·단순 만족 표현 등)."
"311","629c366d-de2f-4138-a011-fcb4a4f98eb8","2024-04-18","5","용돈을 잘 관리할 수 있어서 좋아요👍","0b40df12a965","24.4.1","2","","","0","0","0","0","0","0","0","","","","","6개 항목 어디에도 해당하지 않음 (기능 요청·오류 신고·단순 만족 표현 등)."
"312","ae5e71e3-c5f6-40e0-8feb-468019416ef9","2024-04-18","5","사용하기 간편하고 용돈도 자유롭게 사용가능하도 특히 편리함","4403a56f5ab2","","0","","","0","0","0","0","0","0","0","","","","","6개 항목 어디에도 해당하지 않음 (기능 요청·오류 신고·단순 만족 표현 등)."
"313","b5947f16-5e5b-441e-a9f6-bf1d5bd38c5d","2024-04-18","5","좋아요 근데 다른 사람이 나한테 돈을 보내는게 안되고 앱자체에서 교통카드 충전이 안되는게 아쉬워요 ㅜㅠㅠㅠ 그래도 좋아요","62a1423acf09","","1","안녕하세요 회원님^^ 다른 사람에게 돈을 받을 수 있는 가상계좌번호 생성 기능이 5월 말에 드디어 업데이트 될 예정입니다!! 교통카드 충전은 아직 시간이 필요하지만요ㅠㅠ 더욱 편리한 퍼핀이 되기 위해 최선을 다하겠습니다!","2024-05-14","0","0","0","0","0","0","0","","","","","6개 항목 어디에도 해당하지 않음 (기능 요청·오류 신고·단순 만족 표현 등)."
"314","708a196f-4456-4c14-8b81-393b1dce1fea","2024-04-18","5","너무좋아요^^ 잘쓰고 있어요 ^^ 감사합니다 ^^","a2d73d51bb1a","24.4.1","1","","","0","0","0","0","0","0","0","","","","","6개 항목 어디에도 해당하지 않음 (기능 요청·오류 신고·단순 만족 표현 등)."
"315","92d0569b-98f2-4824-b6ea-d61e8729997f","2024-04-18","5","돈 관리하는 법을 배워가는게 좋고 다양한 기능이 많아서 편하답니다.","b72509a81c0a","24.4.1","5","","","0","0","0","0","0","0","1","","","","돈 관리하는 법을 배워가는게 좋고 다양한 기능이 많아서 편하답니다.","아이가 경제·금융 지식을 실제로 익혔다는 경험 기반 서술 (핵심 페인포인트에 대한 반증 자료)."
"316","613403ce-642e-4729-948d-ba3943207841","2024-04-18","5","좋아요!!!!","19ec92b99c0f","24.4.1","1","","","0","0","0","0","0","0","0","","","","","6개 항목 어디에도 해당하지 않음 (기능 요청·오류 신고·단순 만족 표현 등)."
"317","bc3a645c-f084-4ce4-99c3-d8d33b6b0787","2024-04-18","5","엄마의 용돈관리~!!! 시험백점맞아 용돈.보너스용돈까지!!! 너무 좋으니 어린이 친구들도 깔아보세여~♡♡♡•ɞ• (참고로 난2~3학년에시작함)","e8ff0e716914","24.4.1","1","","","0","0","1","0","0","0","0","","","돈이_학습행동의_동기가_된_경험","엄마의 용돈관리~!!! 시험백점맞아 용돈.보너스용돈까지!!! 너무 좋으니 어린이 친구들도 깔아보세여~♡♡♡•ɞ• (참고로 난2~3학년에시작함)","퀴즈·문제풀이와 금전 보상을 연결지어 긍정적으로 서술 — 보상이 학습 행동의 이유로 제시됨."
"318","e7fab239-5a59-48b0-9342-7194206ccad0","2024-04-18","5","아주 좋아요","c4619ddbcb22","24.4.1","1","","","0","0","0","0","0","0","0","","","","","6개 항목 어디에도 해당하지 않음 (기능 요청·오류 신고·단순 만족 표현 등)."
"319","ce75fb0f-55d3-44f8-b94d-4b6f1b0fdd0c","2024-04-18","5","다른데와 다르게 하루에 한번씩 문제를 풀어서 돈을 받는게 좋아요","33f810523038","24.4.1","1","","","0","0","1","0","0","0","0","","","돈이_학습행동의_동기가_된_경험","다른데와 다르게 하루에 한번씩 문제를 풀어서 돈을 받는게 좋아요","퀴즈·문제풀이와 금전 보상을 연결지어 긍정적으로 서술 — 보상이 학습 행동의 이유로 제시됨."
"320","a5a2c69b-5855-413c-a0c9-67d51873b81a","2024-04-18","5","퍼핀사용자인데예날엔카드없는데카드가생겨서좋고 교통카트퀴즈당500원이런게너무좋아요!!","458565f16889","24.4.1","1","","","0","0","1","0","0","0","0","","","돈이_학습행동의_동기가_된_경험","퍼핀사용자인데예날엔카드없는데카드가생겨서좋고 교통카트퀴즈당500원이런게너무좋아요!!","퀴즈·문제풀이와 금전 보상을 연결지어 긍정적으로 서술 — 보상이 학습 행동의 이유로 제시됨."
"321","326a3e6e-72f4-4210-bb92-2911335ce466","2024-04-18","5","퍼핀은 진짜 너무좋아요 카드가올때 좀 걸리긴한데 너무편해요","bc10527ac5b3","24.4.1","2","","","0","0","0","0","0","0","0","","","","","6개 항목 어디에도 해당하지 않음 (기능 요청·오류 신고·단순 만족 표현 등)."
"322","0c3b8cf6-dfe6-46bf-9c3a-b8fc0748b9d6","2024-04-17","5","퀴즈를 풀며 지식을 쌓아가며 받는게 너무 좋아요","5bedddcb02b7","24.4.1","1","","","0","0","1","0","0","0","1","","","돈이_학습행동의_동기가_된_경험","퀴즈를 풀며 지식을 쌓아가며 받는게 너무 좋아요","퀴즈·문제풀이와 금전 보상을 연결지어 긍정적으로 서술 — 보상이 학습 행동의 이유로 제시됨."
"323","905f2b85-be95-4cd7-ae55-39b67c81a883","2024-04-17","4","이벤트 기능과 저금통 기능등이 있는데 저금통에서 티끌모아 태산을 경험할수있고,계좌이체가 없어 별 4개만 드리겄습니다","16869d01a6ff","24.4.1","4","안녕하세요 회원님^^ 다른 계좌로 이체 송금하는 기능은 부모님께서 ON/OFF 하실 수 있어서 만약 OFF가 되어있는 상태라면 사용할 수 있도록 부모님께 요청해주시길 바랍니다! 다른 사람으로부터 돈을 받을 수 있는 가상계좌번호 기능도 업데이트 되었으니 활용 부탁드립니다!","2024-06-18","0","0","0","0","0","0","1","","","","이벤트 기능과 저금통 기능등이 있는데 저금통에서 티끌모아 태산을 경험할수있고,계좌이체가 없어 별 4개만 드리겄습니다","아이가 경제·금융 지식을 실제로 익혔다는 경험 기반 서술 (핵심 페인포인트에 대한 반증 자료)."
"324","53d2c298-5273-40f9-bbec-f3ddf81d646e","2024-04-17","5","얼마 전에 퍼핀 앱을 시작한 유저인데요, 공짜 용돈 이벤트들도 있고 선택 사항 등 등도 다채로워서 쓰기 너무 편해요! 카드 발급까지 됩니다! 많이 사용하세요!","f0596f9aee43","24.4.1","12","","","0","0","0","0","0","0","0","","","","","6개 항목 어디에도 해당하지 않음 (기능 요청·오류 신고·단순 만족 표현 등)."
"325","183e2a79-64d1-42e8-8f4f-ad664fc20cda","2024-04-17","5","퍼핀이 이마트 24에서 할인도 해주고 버스카드도 돼서 지금까지 써본 카드중에 제일짱","10f47f063a47","24.4.1","1","","","0","0","0","0","0","0","0","","","","","6개 항목 어디에도 해당하지 않음 (기능 요청·오류 신고·단순 만족 표현 등)."
"326","6c427eb8-c5f6-4246-90f7-94acfc2c8021","2024-04-17","5","어린이가 쓸수있는 카드와 결제 계좌 용돈등 어린이가 스기 좋고 결제 거래가 쓰기좋음:)","c65f77a14fe5","24.4.1","1","","","0","0","0","0","0","0","0","","","","","6개 항목 어디에도 해당하지 않음 (기능 요청·오류 신고·단순 만족 표현 등)."
"327","d56d8efd-fb4e-4cc5-9907-756bd1e9c297","2024-04-17","5","이주 좋은","eee3ed9573a3","24.4.1","2","","","0","0","0","0","0","0","0","","","","","6개 항목 어디에도 해당하지 않음 (기능 요청·오류 신고·단순 만족 표현 등)."
"328","c9858cbd-12de-486a-9e05-8f9f293eb0c7","2024-04-17","5","용돈이싸임","920331897bac","24.4.1","2","","","0","0","0","0","0","0","0","","","","","6개 항목 어디에도 해당하지 않음 (기능 요청·오류 신고·단순 만족 표현 등)."
"329","3ca0c603-e56a-4c5f-bae0-6359635dd276","2024-04-16","5","돈을 버는게 아주 솔솔하다","5c83ada79e3d","24.4.1","1","","","0","0","0","0","0","0","0","","","","","6개 항목 어디에도 해당하지 않음 (기능 요청·오류 신고·단순 만족 표현 등)."
"330","135e71d3-1b37-4612-a447-356dcddccb33","2024-04-16","5","이 퍼핀 너무너무 추천드려요 .. 사용법도 어렵지 않고 편하게 쓸수 있다빈다..","d6068fadc409","24.4.1","7","","","0","0","0","0","0","0","0","","","","","6개 항목 어디에도 해당하지 않음 (기능 요청·오류 신고·단순 만족 표현 등)."
"331","f5196e84-0b5e-428b-8664-31d5fc45aa52","2024-04-15","5","퍼핀6개월 사용하고있는 유저입니다 다른 앱은 다 이상했는데(모두 다는 아님)퍼핀은 이용하기도 좋고 활용도 높아요!~~ 즐거운 하루 보내세요^^~","e137111e8b50","24.4.1","12","","","0","0","0","0","0","0","0","","","","","6개 항목 어디에도 해당하지 않음 (기능 요청·오류 신고·단순 만족 표현 등)."
"332","6763e928-b9d6-423f-ac8a-3514cfa1f40f","2024-04-15","5","장점! 1. 다른 카드와 다르게 매일 1번씩 퀴즈 풀고 돈 (500원) 받는 것이 되게 좋은것 같아용 ㅎㅎ 😄 2. 최근엔 교통카드 잔액 확인할 수 있게 됬는데 되게 좋았어요 😆 3. 학교 급식도 볼 수 있다는 점도 좋아요. 😁 4. 퍼핀에 다양한 이벤트가 있어서 좋아요. ☺️ 5. 송금하기 쉬워요! 😃 (제가 생각하기에) 단점! 1. 편의점가서 교통카드 충전하는 게 불편해요 ㅜㅜ 🥲 2. 송금 받는 것이 어려워요 ㅠㅠ 😢 3. 부모님이 계속 잔액 충전이 조금 불편해요! ㅜㅠ 😭 읽어주셔서 감사합니다!","f9005b0c05f6","24.4.1","308","","","0","0","1","0","0","0","0","","","돈이_학습행동의_동기가_된_경험","장점! 1. 다른 카드와 다르게 매일 1번씩 퀴즈 풀고 돈 (500원) 받는 것이 되게 좋은것 같아용 ㅎㅎ 😄 2. 최근엔 교통카드 잔액 확인할 수 있게 됬는데 …","퀴즈·문제풀이와 금전 보상을 연결지어 긍정적으로 서술 — 보상이 학습 행동의 이유로 제시됨."
"333","192bc6aa-f689-4973-ad44-734c48d351e0","2024-04-15","5","처음에는 음 이거 해도 괜찮을까 고민이 많았는데 막상해보니 생각보다 좋은이유가 많은거에요 앞으로도 잘쓸것같습니다.","2fb065f60d40","","1","","","0","0","0","0","1","0","0","긍정","","아이의_학습_지속_흥미_이용의욕","처음에는 음 이거 해도 괜찮을까 고민이 많았는데 막상해보니 생각보다 좋은이유가 많은거에요 앞으로도 잘쓸것같습니다.","아이의 학습(퀴즈·투자체험) 흥미·지속·의욕을 언급 (긍정)."
"334","bd1d0385-d8ef-4689-8f63-fdc97168bae4","2024-04-12","5","아주 좋아요. 근데 내 계좌번호를 어디서 보는지 모르겠어요. 추가 질문 있습니다. 계좌엔 돈이 많이 남는데 왜 한도 초과라고 뜨나요. 버그인가요?","e7a8e31f3c23","24.4.0","1","안녕하세요^^ 가상계좌 번호 보기 기능이 업데이트 되었습니다! 최신 버전으로 업데이트 해주시길 바랍니다. 이용해주셔서 감사합니다~!","2024-06-18","0","0","0","0","0","0","0","","","","","6개 항목 어디에도 해당하지 않음 (기능 요청·오류 신고·단순 만족 표현 등)."
"335","92d69bb9-8009-4589-a404-61c862e145b0","2024-04-11","5","카드도 심플하고 퀴즈를 풀면 5백원을 주어서 모을수있어요","93c6489b42b2","24.4.0","1","","","0","0","1","0","0","0","0","","","돈이_학습행동의_동기가_된_경험","카드도 심플하고 퀴즈를 풀면 5백원을 주어서 모을수있어요","퀴즈·문제풀이와 금전 보상을 연결지어 긍정적으로 서술 — 보상이 학습 행동의 이유로 제시됨."
"336","ad4d66c1-7c22-40f4-ba59-9fa34839e678","2024-04-05","5","엄지척","17f9481136da","24.4.0","2","","","0","0","0","0","0","0","0","","","","","6개 항목 어디에도 해당하지 않음 (기능 요청·오류 신고·단순 만족 표현 등)."
"337","a401ef51-d517-4bea-9eae-ccffb3a77352","2024-04-02","5","추가로 일일 일주일 한달 용돈제한을 할수있게 했으면합니다 일일 7천원제한하면 아이는 7천원이상시 결제가 안되게, 하루1천원 제한해놓으면 1천원이상은 결제가안되게 이런식으로 용돈제한 일자, 제한금액은 부모가 설정할수 있게요","60ffcd1f2f4a","24.2.2","1","안녕하세요 회원님, 퍼핀에 일일결제 한도 설정 기능이 추가되었습니다^^ 자녀의 카드관리 버튼을 눌러보시면 1일 결제한도 제한을 설정하실 수 있습니다. 감사합니다 :)","2024-10-21","0","0","0","0","0","0","0","","","","","6개 항목 어디에도 해당하지 않음 (기능 요청·오류 신고·단순 만족 표현 등)."
"338","379e5e72-9dc8-413e-a2ba-84cbcbe98736","2024-03-28","3","어제 가입하고 카드 신청한 상태입니다. 아이가 문제풀고 돈을 받는다. 까지는 좋은데 아이가 문제보다 돈을 더 우선시 하니까 그건 좀 그렇더라고요.. 문제를 틀렸을 경우 보상(돈)이 없었으면 좋겠습니다. 아이가 문제 틀려도 보상을 받으니 문제를 제대로 읽는 것 같지도 않고 해설도 제대로 보지 않습니다. 힘들게 돈이 모인다는 생각보다 쉽게 공짜로 언제든 돈이 생긴다 생각하는거 아닌가 생각 듭니다.","8eb3ae4a887c","24.3.1","11","안녕하세요 회원님, 의견 감사드립니다. 말씀주신 경우는 다소 의도와 다르게 작동하는 케이스여서 저희도 안타까운 마음입니다ㅜ.ㅜ 틀린 경우 보상을 받지 못하도록 하는 안에 대해서는 저희도 적극 검토하여 적용해볼 수 있도록 하겠습니다 :) 다만 문제와 해설을 '제대로' 읽지 않다 하더라도 한 번 스쳐 보는 것은 전혀 안 보는 것 보다 나을 수 있도록 마음으로 최대한 짧고 간결하게 퀴즈와 해설을 제작하고 있다는 점 말씀드립니다^^ 이용해주셔서 감사하며 더욱 교육적이고 유용한 서비스 될 수 있도록 최선을 다해 개선해나가겠습니다.","2024-04-01","1","0","1","1","0","0","0","","","아이_학습후_성장경험_부족","아이가 문제보다 돈을 더 우선시 하니까 그건 좀 그렇더라고요.. 문제를 틀렸을 경우 보상(돈)이 없었으면 좋겠습니다. 아이가 문제 틀려도 보상을 받으니 문제를 제대로 읽는 것 같지도 않고 해설도 제대로 보지 않습니다","문제풀이와 보상은 있으나 아이가 학습보다 보상에 집중해 학습 성취가 형성되지 않음을 부모가 직접 서술. 해설을 보지 않는다는 관찰까지 포함."
"339","f239f0bd-0faa-404a-9f80-745137b11d12","2024-03-27","5","퍼핀카드 사용후부터 아이 용돈관리가 편해져서 좋네요 하지만 살짝 아쉬운건 아빠가 아이카드에 가끔씩 용돈을 넣어주고 싶어하는데 외국인이라 가입이 안되네요 외국인도 할수있었으면 좋겠어요","abb08c4a1b3d","24.3.1","1","안녕하세요 회원님^^ 이제 외국인도 퍼핀을 이용하실 수 있도록 기능이 모두 개선되었습니다! 다시 찾아주시면 매우 감사하겠습니다 :)","2024-06-13","0","0","0","0","0","0","0","","","","","6개 항목 어디에도 해당하지 않음 (기능 요청·오류 신고·단순 만족 표현 등)."
"340","38b4a7c5-6579-4c45-a9f7-677a57854054","2024-03-16","5","맨날열심히 500원씩 벌고있어요! 퍼핀캐릭터도 이쁘게보고있어요!","6d9fd71cee77","24.3.1","0","","","0","0","1","0","1","0","0","긍정","","돈이_학습행동의_동기가_된_경험","맨날열심히 500원씩 벌고있어요! 퍼핀캐릭터도 이쁘게보고있어요!","퀴즈·문제풀이와 금전 보상을 연결지어 긍정적으로 서술 — 보상이 학습 행동의 이유로 제시됨."
"341","221265ca-7127-4d60-8a36-3c5871d4a67c","2024-03-09","5","다 좋습니다만, 네이버페이의 상성페이 사용은 가능한데 삼성페이 어플에서 사용이 불가한 점은 조금 불편합니다.","0333e25daded","24.2.2","3","안녕하세요 회원님, 카드 없이 퍼핀앱으로 결제할 수 있는 바코드 결제를 개발 중에 있습니다^^ 보다 편리한 이용이 될 수 있도록 최선을 다해 노력하겠습니다! 감사합니다.","2024-03-21","0","0","0","0","0","0","0","","","","","6개 항목 어디에도 해당하지 않음 (기능 요청·오류 신고·단순 만족 표현 등)."
"342","e07de5c8-1b73-4a7f-ba38-76558a6fde0f","2024-03-04","1","카드에 돈이 없어요","25fab4a317f1","24.2.2","2","안녕하세요 회원님, 돈은 부모님 앱에서 자녀 분 앱으로 보내주실 수 있으십니다^^ 부모님께서 충전하신 후 '보내기'를 해주셔야 카드로 쓸 수 있는 돈이 충전되는 점 안내해주시면 감사하겠습니다. 자세한 안내는 고객센터로 1:1 문의 주시면 빠르게 도와드리겠습니다!","2024-03-21","0","0","0","0","0","0","0","","","","","6개 항목 어디에도 해당하지 않음 (기능 요청·오류 신고·단순 만족 표현 등)."
"343","21086115-6ff1-4a4f-9043-31cc493ada66","2024-02-28","1","2주일지났는데 안와요ㅠㅠ","a52f4ab79ec0","24.2.2","3","안녕하세요 회원님, 배송 현황 조회를 위해서는 앱 내 고객센터 > 1:1상담을 통해 문의주시면 알려드리도록 하겠습니다! 수취인 부재로 반송이 되었을 수도 있으니 꼭 문의주세요~! 감사합니다.","2024-03-01","0","0","0","0","0","0","0","","","","","6개 항목 어디에도 해당하지 않음 (기능 요청·오류 신고·단순 만족 표현 등)."
"344","39cad29a-e40b-4b89-ac01-51d097fb4843","2024-02-28","5","좋아요!근데 단점은 가족 대표에게만 입금 할수있다는 거에요;;😅ㅠㅠㅠ 가족 모두에게 입금 할수있도록 만들어주세요!!🥲..딴 사람한테 입금도 가능하게 만들어주시면 좋겠어요♡예을 글어 친구나 등등??❤️ 이거 말고 단점은 딱히 없는거 같아요 ㅎㅎ😁굳이 뽑자면 밖에선 버그가 좀 많이 걸려요!ㅠ 근데 😊괜찮아요 이정도는 장점은 완젼 많아요! 감사합니다 ❤️‍🔥 2월28일 (수정) 송금되는걸로 업데이트 감사합니당!!!!! 하지만 아쉽게도..해외로와서 이제 카드를 못쓰게 됬어요.. 4~5년뒤에 한국돌아가서 또 쓸게욧!! 감사해요","afaa416d0004","23.7.0","8","","","0","0","0","0","0","0","0","","","","","6개 항목 어디에도 해당하지 않음 (기능 요청·오류 신고·단순 만족 표현 등)."
"345","a957c9a3-0587-457e-9454-b38df290978b","2024-02-27","2","아이핸드폰 초기화후 플레이스토어에 퍼핀 검색해도 뜨지도 않구요 카톡으로 공유해서 다시 깔려고하는데 지원하지않는다고 뜹니다ㅜㅜ 어제까지만해도 잘쓰고있었거든요 왜이러는걸까요?","ce99f55c5b6b","24.2.1","13","안녕하세요 회원님, 구글플레이에서 앱이 보이지 않는 이유는 구글플레이 또는 회원님의 기기에 이상이 있는 것으로 보입니다! 우선 기기초기화를 다시한 번 해봐주시겠어요? 해결되셨다면 리뷰 업데이트도 부탁드립니다^^","2024-03-01","0","0","0","0","0","0","0","","","","","6개 항목 어디에도 해당하지 않음 (기능 요청·오류 신고·단순 만족 표현 등)."
"346","b777a8ad-15a8-4849-8d8d-99eaba2421ed","2024-02-26","4","안녕하세요 퍼핀 20일차입니다 제가 5일동안 하고있었어요 다 로그인 끝나고 카드를 시키는데 며칠째 안오고있어요 한 6일쯤 됐는데 안오고 있습니다. 저만 그런가요? 이상입니다.","8457334d3315","24.2.1","0","안녕하세요 회원님, 카드신청을 19일 이후에 해주셨다면 우체국 우편으로 배송이 되는데 우체통 확인을 잘 해봐주시길 바랍니다! 만약 19일 이전에 신청하셨다면 인편배송이어서 위치 추적이 가능합니다. 퍼핀앱 내 우측 상단 톱니바퀴 > 고객문의 > 1:1 상담으로 문의 주시면 보다 정확한 안내 드리도록 하겠습니다! 감사합니다.","2024-02-26","0","0","0","0","0","0","0","","","","","6개 항목 어디에도 해당하지 않음 (기능 요청·오류 신고·단순 만족 표현 등)."
"347","c9e87be9-07dc-4ac2-bb99-3081ba1e5c0d","2024-02-26","5","편해요~~~아이 셋다쓰고있어요","5d86abfcbf44","24.2.1","1","","","0","0","0","0","0","0","0","","","","","6개 항목 어디에도 해당하지 않음 (기능 요청·오류 신고·단순 만족 표현 등)."
"348","533a7a21-c1e6-4e2f-8837-a3f01d633b9a","2024-02-24","4","제발!!!계좌좀 만들어주세요!!!!다른거 다 좋습니다!!계좌좀 만들어주시면 소원이 없겠습니다 퍼핀 이용자들이 계좌없어서 불편해하고있어요!!!!꼭 만들어주세요🥹 계좌를 기다립니다.......답장주세요","e19771ee3ace","24.2.1","0","안녕하세요 회원님^^ 말씀하신 가상계좌 발행 기능은 현재 은행과 협의 중에 있습니다! 상반기 중에는 서비스될 수 있도록 최선을 다하여 개발해보도록 하겠습니다. 감사합니다:)","2024-02-26","0","0","0","0","0","0","0","","","","","6개 항목 어디에도 해당하지 않음 (기능 요청·오류 신고·단순 만족 표현 등)."
"349","f54ffdfd-42fa-4f9f-8541-160d53d5e095","2024-02-19","1","업뎃을 안해서인지.. 5만원도 넘게 들어있는데 왜 잔액이 부족한건가요 ㅠㅠㅠ 업뎃해도 이러네요.. 카드땜에 길도 잃고..","0548d27df543","24.2.1","8","안녕하세요 회원님, 퍼핀머니는 머니와 포인트로 구성되어 있는데 포인트는 환금성이 없어 송금이 불가능합니다! 보다 자세하고 정확한 파악은 고객센터>1:1문의를 통해 주시면 빠른 답변 드리도록 하겠습니다^^ 감사합니다.","2024-02-19","0","0","0","0","0","0","0","","","","","6개 항목 어디에도 해당하지 않음 (기능 요청·오류 신고·단순 만족 표현 등)."
"350","f1b3ab7a-af63-4b57-aa09-f04c01a98d29","2024-02-14","4","다 좋아요! 돈 관리도 쉽고 재밌는 퀴즈들도 많아요. 그런데 궁금한게 송금 기능은 있는데 왜 부모님 제외하고 다른 사람에게 입금 받는 기능은 없는 건가요?? 입금 기능까지 있으면 더 편리하고 좋을거 같아서 리뷰 남겨요☆ ^^","6e47592f1ae3","24.2.0","4","안녕하세요 회원님! 말씀주신 가상계좌번호 발행 기능은 현재 은행과 협상 중에 있습니다^^ 더욱 편리하고 유용한 퍼핀이 되기 위해 최선을 다해 노력하고 있으니 조금만 기다려주세요~ 감사합니다!!","2024-02-14","0","0","0","0","1","0","0","긍정","","아이의_학습_지속_흥미_이용의욕","다 좋아요! 돈 관리도 쉽고 재밌는 퀴즈들도 많아요. 그런데 궁금한게 송금 기능은 있는데 왜 부모님 제외하고 다른 사람에게 입금 받는 기능은 없는 건가요?? 입금…","아이의 학습(퀴즈·투자체험) 흥미·지속·의욕을 언급 (긍정)."
"351","1451f3b1-e929-493c-a29e-56a98c5aeb47","2024-02-12","4","많이 기다렸는데 드디어 출시했네요~카드가 한개뿐인지 고를수없어서 아쉽지만 교통카드도 얼른 되었음 좋겠어요~앞으로도 많이 업데이트 해주세요 카드로 현금찾기 기능도 있었음 좋겠어요~ 부모가 공동대표가 되어 언제든지 용돈을 수정할수 있었음 좋을거같아요 대표가 나갔다 다시 들어가는게 번거로워요","f733a266c71d","24.2.0","18","리뷰 감사합니다. 시간이 다소 걸리겠지만 카드디자인을 다양하게 제안드릴 수 있도록 준비해보겠습니다! 교통카드 기능은 이미 탑재되어 있으며 앱 내의 설정>고객센터에서 교통카드 사용 관련 안내를 자세히 보실 수 있으니 확인 부탁드려요^^ 앞으로 더욱 유용한 퍼핀이 될 수 있도록 최선을 다해 업데이트 해나가겠습니다.","2023-03-29","0","0","0","0","0","0","0","","","","","6개 항목 어디에도 해당하지 않음 (기능 요청·오류 신고·단순 만족 표현 등)."
"352","c497e930-8d4b-48fa-89a6-ebf90d91819a","2024-02-11","5","다 좋은데..화면이 자꾸 어두워져서 핸드폰 초기화를 하고 퍼핀을 들어가니 퀴즈탭이 무한 로딩에 걸려버렸어요...어떻게 해야할지 모르겠어요..","af11cbbc52c7","24.2.0","3","안녕하세요 회원님, 해당 경우 웹뷰 업데이트를 해야하는데 자세한 안내를 드릴테니 앱 내 고객센터에서 1:1 문의 주시겠어요? 자세한 안내 도와드리도록 하겠습니다! 감사합니다.","2024-02-14","0","0","0","0","0","0","0","","","","","6개 항목 어디에도 해당하지 않음 (기능 요청·오류 신고·단순 만족 표현 등)."
"353","e515591c-68e6-4329-9038-4fe44c112ecf","2024-02-11","5","자신의 돈을 퀴즈로 풀어 돈을 모으는 재미가 쏙쏙해서 재미있고 몰랐는데 돈의 소중함을 알았어요","8f074080ede6","24.2.0","0","","","0","0","1","0","1","0","1","긍정","","돈이_학습행동의_동기가_된_경험","자신의 돈을 퀴즈로 풀어 돈을 모으는 재미가 쏙쏙해서 재미있고 몰랐는데 돈의 소중함을 알았어요","퀴즈·문제풀이와 금전 보상을 연결지어 긍정적으로 서술 — 보상이 학습 행동의 이유로 제시됨."
"354","c0709c88-52d6-4cc7-a653-6e6af3a87fae","2024-02-05","5","자녀폰에서 퀴즈페이지가 열리지 않아요. 아이 폰의 문제려나요? ㅠ 아쉬움~~ 그래서 탭에다가도 깔아봤는데~ 탭에 연결하면 폰에서 로그아웃되어서~ 아이가 눈물바람~ 핸드폰을 바꾸어야하나봐욥~ 앱은 훈늉합니다. 카드 디자인이 다양했으면 좋겠어요~","a604060d38b2","24.1.3","21","안녕하세요 회원님, 퀴즈 페이지가 열리지 않는 경우는 인터넷을 할 수 있는 브라우저 앱의 문제일 가능성이 큽니다. 아직도 해결되지 않으셨다면 앱 내의 고객센터>1:1문의로 남겨주시면 자세히 해결방법을 안내드리도록 하겠습니다! 카드 디자인은 2월 말 추가되어 출시될 예정입니다^^ 감사합니다,","2024-02-14","0","0","0","0","0","0","0","","","","","6개 항목 어디에도 해당하지 않음 (기능 요청·오류 신고·단순 만족 표현 등)."
"355","0f84a0c2-2b5f-43a7-999f-29f878e6a32f","2024-01-29","5","나만의결재카드가생겨서좋아요 ㅎㅎㅎㅎㅎㅎ","71ffbbf1fe16","24.1.2","1","","","0","0","0","0","0","0","0","","","","","6개 항목 어디에도 해당하지 않음 (기능 요청·오류 신고·단순 만족 표현 등)."
"356","de50b3f1-7afd-4367-96ac-8f581162adab","2024-01-27","4","1. 제가 계좌를 입금을 할순 있지만 제가 계좌를 받는건 안돼서 불편해요 2. 송금할때 1달에 3번 무료이고 나머지 수수료가 불편해요","c50546efcaba","24.1.2","0","","","0","0","0","0","0","0","0","","","","","6개 항목 어디에도 해당하지 않음 (기능 요청·오류 신고·단순 만족 표현 등)."
"357","7ee9266a-6a23-4912-afe2-00a6d6076d1c","2024-01-22","4","아이들 핸드폰에서 검색을 하는데 안나오길래 열심히 찾아봤더니 핸드폰 버전이 낮아서 안되더라구요ㅠㅠ 아쉽습니다ㅠㅠ 써보고 싶은데..ㅠㅠ 쓰지는 못하지만 그래도 좋은 앱인거 같아 별4개 합니다^^;;;","2a2ea882fb5d","24.1.2","7","안녕하세요 회원님, 앱 버전이 맞지 않아 아쉽습니다. 자녀분 명의의 휴대번호가 있으신 경우, 인터넷만 가능한 태블렛PC에서 퍼핀앱 설치가 가능하오니 활용해보시길 바랍니다.(태블렛 PC에서 로그인 > 휴대폰으로 본인인증 >태블렛 PC로 사용) 자세한 문의는 고객센터 1:1문의를 통해 도와드리겠습니다^^ 감사합니다.","2024-01-22","0","0","0","0","0","0","0","","","","","6개 항목 어디에도 해당하지 않음 (기능 요청·오류 신고·단순 만족 표현 등)."
"358","c0a50abb-ce1e-4d85-b278-464536a28c31","2024-01-21","1","카드는 좋은데 분실되면 위치추적이 안돼서 쫌많이 불편해요..ㅠ(흑흑..내 카드..)","6173bf2bca04","24.1.2","14","안녕하세요 회원님, 위치 추적을 하기 위해서는 GPS 신호를 송신할 수 있는 장치가 필요한데 이런 기능을 갖춘 카드는 시중에 없다는 점 참고해주시면 감사하겠습니다! 최초 1회 재발급 신청은 무료이니(고객센터로 문의) 부담없이 재발급 신청해보시길 바랍니다^^","2024-01-22","0","0","0","0","0","0","0","","","","","6개 항목 어디에도 해당하지 않음 (기능 요청·오류 신고·단순 만족 표현 등)."
"359","2a56f892-ba32-4e7e-a961-9de552151a50","2024-01-21","5","카드신청어떻게하나요? 자녀 번호일치하지 않음 뜨네요","7cb5abf091a2","","1","안녕하세요, 자녀 인증 정보가 일치하지 않는다는 오류 메세지의 원인은 다양합니다. 앱 내 우측 상단 톱니바퀴 버튼(설정) > 고객센터로 문의주시면 자세한 상황 파악 후 해결될 수 있도록 도와드리겠습니다. 감사합니다.","2024-01-22","0","0","0","0","0","0","0","","","","","6개 항목 어디에도 해당하지 않음 (기능 요청·오류 신고·단순 만족 표현 등)."
"360","35feed55-2708-4d40-bbda-08447333e124","2024-01-20","4","잘 쓰고있고 소비 수입? 이런걸 알수있어서도 좋고 학교 급식도 알려주는게 그게 잘 안떠서 불편하긴해요 근데 언제 내가 이걸 쓴거지? 아 이때 썻구나 라는걸 알수있어서 넘 좋아요 근데 퍼핀 퀴즈 푸는게 바로 할수도 없고 용돈 계약을해도 부봉님 지갑에 돈이 없으면 못 쓰는게 넘 불편하긴해요","7bb858a47f08","24.1.2","7","안녕하세요 회원님, 리뷰 감사합니다^^ 급식 정보의 경우 학교에서 제공해주지 않으면 저희도 보여드릴 수가 없어서 아쉽습니다. 부모님의 지갑 잔액이 없어도 퀴즈를 풀려면 용돈 계약에서 학습보상을 0원으로 설정해주시거나, 퍼핀이 용돈 보상을 드리는 은행연합회 퀴즈를 풀어보시길 바랍니다! 용돈계약 및 부모님 보상과 관계없이 월 최대 15,000원까지 벌어가실 수 있습니다^^ 자세한 문의는 고객센터로 문의해주세요.","2024-01-22","0","0","0","0","0","0","0","","","","","6개 항목 어디에도 해당하지 않음 (기능 요청·오류 신고·단순 만족 표현 등)."
"361","826763fd-5ca0-406b-9f22-fe4cf834c130","2024-01-19","5","퍼핀 정말 잘쓰고 있습니다.그런데 은행에서 주는 리워드 문제가 갑자기 사라졌는데 버그인가요?","0b46d03b0b33","24.1.2","1","안녕하세요 회원님, 은행에서 주는 리워드 문제는 잘 운영되고 있는 중입니다! 작동이 잘 되지 않는다면 앱 내 우측 상단의 톱니바퀴(설정)>고객센터로 화면을 캡쳐해주시거나 문의 주시면 신속한 답변과 해결 도와드리도록 하겠습니다. 감사합니다!","2024-01-22","0","0","0","0","0","0","0","","","","","6개 항목 어디에도 해당하지 않음 (기능 요청·오류 신고·단순 만족 표현 등)."
"362","fe57ab4d-a883-4606-b94a-3b455ef1c9bf","2024-01-16","5","이거 진짜 잘쓰고 있어요!! 아이가 호기심으로 저금을 완료했는데 막 만든거라 삭제가 않되서 좀 불편해요ㅠㅠ 3개나 만들었는데 삭제가 않되서 저금기록 삭제를 만들어주시면 감사하겠습니다! 퍼핀덕분에 아이가 용돈습관같은거 진짜 많이많이 쌓였습니다. 진짜 이런 좋은 앱 만들어주셔서 감사합니다!!❤(*´ ˘ `*)","4af5df7fa985","24.1.2","2","안녕하세요 회원님, 리뷰 감사드립니다^^ 저금은 중도포기 하실 수 있으나 이미 생성했던 기록은 삭제가 불가능합니다. 혹시 기록을 삭제하고 싶은 이유가 있으실까요? 앱 내 고객센터 1:1 상담을 통해 건의해주시면 적극 수용하여 사용성 개선에 최선을 다하도록 하겠습니다! 감사합니다.","2024-01-22","0","0","0","0","0","0","1","","","","…를 만들어주시면 감사하겠습니다! 퍼핀덕분에 아이가 용돈습관같은거 진짜 많이많이 쌓였습니다. 진짜 이런 좋은 앱 만들어주셔서 감사합니다!!❤(*´ ˘ `*)","아이가 경제·금융 지식을 실제로 익혔다는 경험 기반 서술 (핵심 페인포인트에 대한 반증 자료)."
"363","bc092e28-f06a-40fd-9c8d-e3d7138541e9","2024-01-15","4","재가용돈을모아서현질을할려고했는데엄마가돈을가저가려고했는데돈을다시가저가는방법을몰르겠ㅇㅓ요","57cad63ac910","24.1.2","0","안녕하세요 회원님, 퍼핀에서 다른 지갑으로 돈을 옮긴 후 회수하는 방법은 돈을 받으신 분이 다시 돌려주는 법 밖에 없습니다. 이는 시중 은행 정책과 동일합니다! 반대로 부모님께서 자녀분께 돈을 잘못 보내셨다 하더라도, 자녀분이 직접 돌려주지 않으면 부모님께서 마음대로 회수할 수 없답니다^^ 보다 자세한 안내를 원하시면 앱 내 고객센터 1:1문의를 주시면 감사하겠습니다!","2024-01-22","0","0","0","0","0","0","0","","","","","6개 항목 어디에도 해당하지 않음 (기능 요청·오류 신고·단순 만족 표현 등)."
"364","193fa739-9974-4473-8864-32c2a6b491c0","2024-01-14","4","너무너무 좋아요 하지만 교통카드를 쓰러면 짜로 등록해야하는게 너무 귀찮아요 나중엔 앱에서 교통카드도 충전하고 하면 좋은것 같아요.","f3a393ffc341","24.1.2","2","안녕하세요 회원님, 우선 불편을 드려 죄송합니다. 교통카드의 경우 어린이/청소년 할인 등록을 별도로 해주셔야 하며 교통카드 기능 자체는 별도 등록이 필요하지 않습니다. 앱에서 충전과 내역 확인 되는 기능은 한국철도공사 레일플러스 측과 협력 개발을 추진하고 있으나 진행에 다소 시간이 소요되고 있습니다. 올 상반기에는 구현될 수 있도록 최선을 다하겠습니다! 감사합니다.","2024-01-22","0","0","0","0","0","0","0","","","","","6개 항목 어디에도 해당하지 않음 (기능 요청·오류 신고·단순 만족 표현 등)."
"365","32117352-55fe-40a3-aed1-7b9dfcbac3fd","2024-01-14","5","베리굿","d818c6fab804","24.1.2","2","","","0","0","0","0","0","0","0","","","","","6개 항목 어디에도 해당하지 않음 (기능 요청·오류 신고·단순 만족 표현 등)."
"366","ca29944a-7a33-4fbf-b0bb-422bf96aef27","2024-01-12","4","다 좋아요 근데 계좌 송금을 하려했는데 오류가 발생했다면서 안돼네요 이것 좀 고쳐주세요","638d3de83224","24.1.0","0","안녕하세요 회원님, 계좌 송금 오류의 가장 많은 이유는 수신자 정보가 잘못되었거나, 은행 점검 시간에 송금하시는 경우입니다. 밤 11시30분~새벽2시 사이는 대부분 은행의 시스템 점검 시간이어서 송금 오류가 발생하오니 참고 부탁드립니다^^ 감사합니다.","2024-01-22","0","0","0","0","0","0","0","","","","","6개 항목 어디에도 해당하지 않음 (기능 요청·오류 신고·단순 만족 표현 등)."
"367","c0d51c62-d5b2-45ef-b959-4bac9d96aa79","2024-01-09","1","제한이 너무 많네요","c0ddf32d05dd","24.1.0","3","안녕하세요 회원님, 퍼핀은 어린이들이 사용하는 금융앱이기에 안전 장치가 최대한 되어 있습니다. 어떤 제한으로 인해 불편함을 느끼시는지 더욱 자세히 알려주신다면 개선할 수 있도록 최선을 다해 노력하겠습니다^^ 퍼핀앱 내 고객센터 1:1 문의를 통해 말씀주시면 즉시 답변드리도록 하겠습니다. 감사합니다!","2024-01-11","0","0","0","0","0","0","0","","","","","6개 항목 어디에도 해당하지 않음 (기능 요청·오류 신고·단순 만족 표현 등)."
"368","492e5329-8c5a-4df4-ac6c-5a8447dd0f7e","2023-12-29","2","은행연합회 퀴즈에 들어갈수가 없어요. 오류가 많아보이네요.","9900c252634d","23.12.4","6","안녕하세요 회원님, 우선 이용에 불편을 드려 죄송합니다. 은행연합회 퀴즈에 어떤 오류가 발생하셨나요? 현재 공식적으로 발견된 이슈는 없는 상황입니다. 앱 내 고객센터 1:1문의를 통해 말씀주시면 해결할 수 있도록 빠르게 도와드리겠습니다. 감사합니다.","2024-01-03","0","0","0","0","0","0","0","","","","","6개 항목 어디에도 해당하지 않음 (기능 요청·오류 신고·단순 만족 표현 등)."
"369","fde4ed70-edbb-480b-9a62-af34d8ea01d6","2023-12-23","4","용돈절약에 도움이됬어요","1947e6171041","23.12.4","0","","","0","0","0","0","0","0","1","","","","용돈절약에 도움이됬어요","아이가 경제·금융 지식을 실제로 익혔다는 경험 기반 서술 (핵심 페인포인트에 대한 반증 자료)."
"370","79979eb5-8c0b-4757-8d63-e194b23f9212","2023-12-18","5","난 돈이좋아👌","ccce2ddb5ef8","23.12.0","1","","","0","0","0","0","0","0","0","","","","","6개 항목 어디에도 해당하지 않음 (기능 요청·오류 신고·단순 만족 표현 등)."
"371","454bac83-7e12-4741-a5ca-64e400c2d2c1","2023-12-18","5","너무 좋습니다 저 초딩인데 핸드온이 초기화 돼서 퍼친 앱이사라졌는데 비밀번호만 기억하고 그 때 썼던 이름 기억해서 하면 원래 있었던 것 처럼 돼니 너무 좋습니다 카드도 심플하고 좋고 문제 푸는 것도 다 맞추면 2000원이나 돼니 가성비 좋은 편이라고 생각합니다(문제랑 용돈은 부모님이 바꾸실 수도 있어서 사람마다 다릅니다)","36f021ce9ec6","23.12.0","25","","","0","0","1","0","0","0","0","","","돈이_학습행동의_동기가_된_경험","…던 것 처럼 돼니 너무 좋습니다 카드도 심플하고 좋고 문제 푸는 것도 다 맞추면 2000원이나 돼니 가성비 좋은 편이라고 생각합니다(문제랑 용돈은 부모님이 바꾸실…","퀴즈·문제풀이와 금전 보상을 연결지어 긍정적으로 서술 — 보상이 학습 행동의 이유로 제시됨."
"372","01660830-cb13-482f-bdc9-2bf0703d82c2","2023-12-18","2","아이가 구형 갤럭시폴더2 사용중입니다 구형기기에서는 설치가 안되요!! 아이부자나 아이쿠카 는 설치가능 한데 확인후 조치부탁드려요","dc0012c24d78","23.12.0","1","안녕하세요 회원님, 말씀주신 기기는 퍼핀에서 지원을 하지 않아 송구한 말씀 드립니다. 퍼핀월드 퀴즈를 풀기 위해 필요한 기기 사양 조건이 있다는 점 양해부탁드립니다 T.T","2023-12-19","0","0","0","0","0","0","0","","","","","6개 항목 어디에도 해당하지 않음 (기능 요청·오류 신고·단순 만족 표현 등)."
"373","d094694a-5051-485d-a870-c176a670f1b8","2023-12-18","5","엄청 좋음,정기용돈도 척척들어오고 아이부자는 버그가 많음 퍼핀 최고","35c1f6a7b3b1","23.11.3","5","","","0","0","0","0","0","0","0","","","","","6개 항목 어디에도 해당하지 않음 (기능 요청·오류 신고·단순 만족 표현 등)."
"374","2a34b0d9-20b6-4eb4-ad3e-0271acfacf7b","2023-12-17","3","자녀퍼핀카드 잔액으로 교통카드로 사용할수있게해주세요 카드잔액이 있는데 따로 또 충전을 해야하는건 불편하고 잔액확인도 찍어봐야 알수있고 그러니 이게좀 통합되면 좋겠네요","ada325774a34","23.12.0","3","우선 이용에 불편을 드려 죄송합니다. 퍼핀앱으로 교통카드 충전 및 잔액보기 기능은 현재 레일플러스 교통카드사 측과 협의 및 개발 중에 있으나 협력이 원활히 되고 있지 못하여 늦어지고 있습니다. 24년 상반기는 출시될 수 있도록 최선을 다하고 있으니 양해부탁드립니다. 기다려주셔서 감사합니다!","2023-12-19","0","0","0","0","0","0","0","","","","","6개 항목 어디에도 해당하지 않음 (기능 요청·오류 신고·단순 만족 표현 등)."
"375","a25b34c3-08c2-4c58-bf67-a3c4111927c3","2023-12-15","5","정말 만족해서 쓰고 있는데 진짜 다른 건 다 편한데 말하고 싶은게 있다면? 가족 대표가 아니어도 카드 해지 및 재발급신청이 되면 좋을 거 같아요.","9ee24b96c0ab","23.11.3","1","","","0","0","0","0","0","0","0","","","","","6개 항목 어디에도 해당하지 않음 (기능 요청·오류 신고·단순 만족 표현 등)."
"376","423e3379-4cfd-4ca2-9420-e5e5f54bb4b3","2023-12-10","2","일단 학교 급식을 보려고했는데 학교 선택이 안되고 안뜨더라구요 그것때문에 1차 실망을 하였고, 우여곡절 끝에 되어서 급식을 보려고 하는데 아무것도 안뜹니다. 와이파이가 잘못됬나? 해서 학교와이파이를 잡아 시도를 해보았습니다. 일단 급식기능이 잘 안 돼는것 같습니다. 그리고 카드를 충전할때 저희 집 근처엔 GS, 세븐일레븐이 많이 있는데 가서 충잔하려니 여기선 충전이 안된다고 하시더라구요. 이건 제 잘못인진 아닌진 모르겠지만 좀 불편합니다. 그리고 가끔 아스크림할인점에 가면 지점이 잘못된것 일수도 있지만 아이스크림을 사면 가끔씩 기타로 뜹니다. 지점이 잘못된것 일수도 있으니 진지하게 받아들이지는 않아 주셧음 합니다.","f9bea8b34717","23.11.3","28","안녕하세요 회원님, 우선 사용에 불편을 드려 죄송합니다. 학교급식에서 선택이 안되는 경우는 해당 학교에서 급식 정보를 제공하지 않는 경우 입니다. 버스카드의 경우 레일플러스 교통카드 기능이 제공되기 때문에 CU와 이마트24에서 충전이 가능해요^^ 저희가 개선할 수 있는 부분이라면 좋았을텐데 아쉽습니다. 더욱 자세한 안내는 앱 내 고객센터 > 1:1문의를 통해 해주시면 더욱 자세한 안내 도와드릴 수 있도록 하겠습니다!","2023-12-14","0","0","0","0","0","0","0","","","","","6개 항목 어디에도 해당하지 않음 (기능 요청·오류 신고·단순 만족 표현 등)."
"377","159b293e-37dc-4b05-9283-f1f1ff913317","2023-12-05","5","저금도 하며 돈을 아껴쓸수 있고,용돈을 받으며 뿌듯함,기쁨을 느낄수 있습니다.","1b83e423cd45","23.11.3","0","","","0","0","0","0","0","0","1","","","","저금도 하며 돈을 아껴쓸수 있고,용돈을 받으며 뿌듯함,기쁨을 느낄수 있습니다.","아이가 경제·금융 지식을 실제로 익혔다는 경험 기반 서술 (핵심 페인포인트에 대한 반증 자료)."
"378","d87abb56-2883-43f4-a941-4b0889dd670e","2023-12-01","3","나머지는 좋은데 송금기능은 없어요","1c0ddfd00509","23.11.3","0","안녕하세요 회원님, 앱 업데이트를 최신버전으로 해주신다면 계좌 송금 기능을 이용하실 수 있습니다^^ 감사합니다.","2023-12-14","0","0","0","0","0","0","0","","","","","6개 항목 어디에도 해당하지 않음 (기능 요청·오류 신고·단순 만족 표현 등)."
"379","fe0f726d-ad3f-4f6e-b914-77df941c14c7","2023-11-30","4","다좋은데 현금으로 뽑을수있게나 아이들이 현금으로퍼핀에 돈넣을수있게하면 아이들이 좋은경험을 할수있서 좋겠네요^^ 이럴게 업데이트 할수있음 부탁드립니다🙏","d42182edd796","23.11.3","1","안녕하세요 회원님, 의견 감사드립니다! 현금 입출금의 경우 추적이 불가능하고 사고로 이어질 수 있어서 지원하고 있지 않습니다만 소액으로 제한하여 이용하실 수 있도록 고려하여 서비스 제공될 수 있도록 노력해보도록 하겠습니다! 더욱 유용하고 편리한 퍼핀이 되기 위해 최선을 다하도록 하겠습니다. 감사합니다.","2023-12-14","0","0","0","0","0","0","0","","","","","6개 항목 어디에도 해당하지 않음 (기능 요청·오류 신고·단순 만족 표현 등)."
"380","8ebc0ce9-6298-44f1-a85c-731084cd9acc","2023-11-24","5","교통카드 웹에서 바로 확인 할수 있도록 빠른 업데이트 부탁드립니다","3a8ee7d22322","23.11.3","0","","","0","0","0","0","0","0","0","","","","","6개 항목 어디에도 해당하지 않음 (기능 요청·오류 신고·단순 만족 표현 등)."
"381","13f354a2-6262-4762-a05e-db56db0ac7fd","2023-11-22","5","정말 강력추천합니다 카드디자인도 멋지고 너무좋아요 근데 앱이 와이파이가있어야만 들어가지더라고요 와이파이 없이 해줄순 없나요?","8db1bc6c2e0f","23.11.2","9","안녕하세요 회원님, 리뷰 감사합니다^^ 퍼핀은 실시간으로 잔액 및 금융 데이터 확인이 필요하여서 와이파이 없이는 이용이 불가능합니다T.T","2023-12-14","0","0","0","0","0","0","0","","","","","6개 항목 어디에도 해당하지 않음 (기능 요청·오류 신고·단순 만족 표현 등)."
"382","f4c1ae8c-4694-47e4-9f19-43a27f45efc5","2023-11-20","5","잘 쓰고 있습니다. 감사합니다 1. 아이가 문제를 풀다가 틀리면 다시 풀 수 있어서, 그냥 번호만 막 누른다고 하네요. 제한을 주거나 다시 문제를 풀 수 없도록 해야할 것 같아요 2. 아이가 푼 문제도 확인해볼 수 있으면 좋겠습니다. 어떤 문제를 푸는지 궁금해요 3. 현금을 사용해야 하거나 계좌로 이체해야하는 경우, 사용할 수 없을까요? 붕어빵 먹고 싶다고 제가 사줬는데, 차감할 수 있는 방법이라도 있으면 좋겠습니다","6f6cc58d270f","23.11.2","25","리뷰 감사합니다^^ 어떤 문제를 푸는지 부모님도 함께 보실 수 있게 준비 중입니다! 계좌 이체 기능은 앱을 업데이트 하시어 사용해보시길 바랍니다. 앱 내 고객센터 1:1 상담을 통해 의견 주시면 더욱 자세한 답변 드릴 수 있으니 언제든 문의주세요! 최선을 다하여 업데이트 해나가도록 하겠습니다.","2023-11-21","1","1","0","1","0","0","0","","직접","아이_학습후_성장경험_부족","아이가 문제를 풀다가 틀리면 다시 풀 수 있어서, 그냥 번호만 막 누른다고 하네요 / 아이가 푼 문제도 확인해볼 수 있으면 좋겠습니다. 어떤 문제를 푸는지 궁금해요","①정답 학습 없이 보상만 획득하는 행동 ②부모가 아이의 학습 내용을 확인할 수 없음 — 아이·부모 페인포인트가 한 리뷰에 동시에 나타난 유일한 사례."
"383","7d240775-20a3-4054-88bc-8ca5c17b1198","2023-11-20","1","급식볼려 그랬는뒈","c5e74a9e60d9","23.11.2","4","안녕하세요 회원님, 우선 이용에 불편을 드려 죄송합니다. 급식 정보가 뜨지 않나요? 앱 내 고객센터 1:1 문의를 통해 문제 사항 알려주시면 빠르게 수정할 수 있도록 하겠습니다!","2023-11-21","0","0","0","0","0","0","0","","","","","6개 항목 어디에도 해당하지 않음 (기능 요청·오류 신고·단순 만족 표현 등)."
"384","92ee82e0-556f-4d18-8878-58d161e38343","2023-11-19","5","편리해요","02e547bbda6e","23.11.2","2","","","0","0","0","0","0","0","0","","","","","6개 항목 어디에도 해당하지 않음 (기능 요청·오류 신고·단순 만족 표현 등)."
"385","8744e26b-8756-44f9-9196-5cb42abd1d74","2023-11-19","5","너무너무좋아요","abadb32f672c","23.11.2","2","","","0","0","0","0","0","0","0","","","","","6개 항목 어디에도 해당하지 않음 (기능 요청·오류 신고·단순 만족 표현 등)."
"386","c7a23903-c2f6-49f4-bf28-44ee891fcace","2023-11-19","5","용돈관리카드로 아주 적합함","57e4df689a1d","23.11.2","1","","","0","0","0","0","0","0","0","","","","","6개 항목 어디에도 해당하지 않음 (기능 요청·오류 신고·단순 만족 표현 등)."
"387","c2973f19-8e66-4825-97c1-997d2bf2bd66","2023-11-18","1","깔고 부모한테 인증받기에서 계속 막힙니다","5df734ef221a","23.11.2","3","안녕하세요 회원님, 우선 이용에 불편을 드려 죄송합니다. 인증받기에서 어떤 부분이 막히는지 고객센터 1:1 문의를 통해 좀 더 자세히 말씀주시면 빠르게 해결될 수 있도록 도와드리겠습니다! https://www.firfin.family/help","2023-11-21","0","0","0","0","0","0","0","","","","","6개 항목 어디에도 해당하지 않음 (기능 요청·오류 신고·단순 만족 표현 등)."
"388","e41f8016-4973-49bc-8965-540d6f759019","2023-11-17","5","어린이가 용돈을 줄수 있는게 좋습니다","44f35334e227","23.11.2","1","","","0","0","0","0","0","0","0","","","","","6개 항목 어디에도 해당하지 않음 (기능 요청·오류 신고·단순 만족 표현 등)."
"389","b9613af2-5871-4f76-b45f-4719cba53934","2023-11-14","4","1.교통카드금액을 따로 충전해야하는점. 2.현재 교통카드 잔액이 확인이 안되는점. 이것만 개발되면 좋겠는데 아마 오래걸리겠죠? ㅜ 대략 예정하는 시점이라도 궁금하네요","e170e32bf430","23.11.2","3","","","0","0","0","0","0","0","0","","","","","6개 항목 어디에도 해당하지 않음 (기능 요청·오류 신고·단순 만족 표현 등)."
"390","92730072-d3a1-4e94-9b72-6cc676fd195a","2023-11-13","4","퍼핀카드로 알리익스프렉스에서 뭐 못사나요 ㅠㅠ 그래서 좀 아쉽네요","2ede6a95d54a","23.11.1","0","안녕하세요 회원님, 퍼핀카드는 국내 전용 결제 카드입니다. 국내 온라인서비스에서는 결제가 가능하오니 참고 부탁드립니다! 감사합니다.","2023-11-13","0","0","0","0","0","0","0","","","","","6개 항목 어디에도 해당하지 않음 (기능 요청·오류 신고·단순 만족 표현 등)."
"391","9b673a93-dce5-44be-b6ca-71027a23e953","2023-11-08","5","이거하세요저금할수있고좋아요거진말않하고하길바릴게요ㅎㅎㅎㅎㅎㅎ","c759890ad026","23.11.1","0","","","0","0","0","0","0","0","0","","","","","6개 항목 어디에도 해당하지 않음 (기능 요청·오류 신고·단순 만족 표현 등)."
"392","e782d0ea-1d40-4712-aec3-5ae9230a72d9","2023-11-07","5","퀴즈가 재밌어요","b655ae32eb2c","23.11.1","1","","","0","0","0","0","1","0","0","긍정","","아이의_학습_지속_흥미_이용의욕","퀴즈가 재밌어요","아이의 학습(퀴즈·투자체험) 흥미·지속·의욕을 언급 (긍정)."
"393","37df8ca5-b15f-4b77-b13b-53359cb968fc","2023-11-04","5","애들용돈주기 편해졌어요","6234cd04c10e","23.10.0","2","","","0","0","0","0","0","0","0","","","","","6개 항목 어디에도 해당하지 않음 (기능 요청·오류 신고·단순 만족 표현 등)."
"394","bb3211b0-3f04-4969-8238-d55ea98e4df0","2023-11-04","5","좋아요 진짜로","f721ae71b82b","23.11.0","3","","","0","0","0","0","0","0","0","","","","","6개 항목 어디에도 해당하지 않음 (기능 요청·오류 신고·단순 만족 표현 등)."
"395","b190f751-2127-44ba-ab5d-aef5171a5c9a","2023-11-04","5","어린이들이 쉽게 접근하기 좋아요 용돈계약이 있어 용돈벌기 쉬워요","c26cb46a7db6","23.11.0","1","","","0","0","0","0","0","0","0","","","","","6개 항목 어디에도 해당하지 않음 (기능 요청·오류 신고·단순 만족 표현 등)."
"396","389b29f1-ab1c-4513-883c-36e98bdc7fb5","2023-11-04","5","아이들 용돈 관리에 좋아요","02286c9699d1","23.11.1","2","","","0","0","0","0","0","0","0","","","","","6개 항목 어디에도 해당하지 않음 (기능 요청·오류 신고·단순 만족 표현 등)."
"397","75fa0116-de01-4aff-af62-f7fe26b2863e","2023-11-04","5","굿","ac2385cc5e54","23.11.1","3","","","0","0","0","0","0","0","0","","","","","6개 항목 어디에도 해당하지 않음 (기능 요청·오류 신고·단순 만족 표현 등)."
"398","9e27d0e1-60a8-4cdc-9467-aedda5ad90fe","2023-11-04","5","사용하기 편한앱이에요. 퀴즈 맞추면 돈도 주고 카드도 정말 예뻐요^^ 이벤트도 많이 하고 편리하구요, 소비했을 때 간단한 정보도 기록되어서 좋아요. 저금통도 매주 저금하고 있어요! 앞으로도 자주 이용할게영","937b630c27b8","23.11.1","20","","","0","0","1","0","1","0","0","긍정","","돈이_학습행동의_동기가_된_경험","사용하기 편한앱이에요. 퀴즈 맞추면 돈도 주고 카드도 정말 예뻐요^^ 이벤트도 많이 하고 편리하구요, 소비했을 때 간단한 정보도 기록되어서 좋아요. 저금통도 매주…","퀴즈·문제풀이와 금전 보상을 연결지어 긍정적으로 서술 — 보상이 학습 행동의 이유로 제시됨."
"399","e342d80a-d9da-4286-905c-d57e2d75302c","2023-11-04","4","어린이가 카드 쓰기 좋은앱이다","d2b41d0f0883","23.10.0","1","","","0","0","0","0","0","0","0","","","","","6개 항목 어디에도 해당하지 않음 (기능 요청·오류 신고·단순 만족 표현 등)."
"400","c8511e50-1c4e-4b45-a2f6-59ac23dc41af","2023-11-04","5","내가 사용한 내역을 바로알수있어서 좋고, 카드가 심플해서 좋아요!","a3a5a8bd6cc8","23.11.1","1","","","0","0","0","0","0","0","0","","","","","6개 항목 어디에도 해당하지 않음 (기능 요청·오류 신고·단순 만족 표현 등)."
"401","c05b0e6f-06b5-42ae-8797-48a7a5872f93","2023-11-04","5","부모님께서 퍼핀앱 해보자 해서 하는데 카드도 아주 잘 쓰고 있고 동생도 돈을 잘 관리해서 좋구요! 퀴즈에서도 열심히 퀴즈를 풀어서 돈을 많이 모았어요!","53d389218a9e","23.11.1","3","","","0","0","1","0","1","0","0","긍정","","돈이_학습행동의_동기가_된_경험","부모님께서 퍼핀앱 해보자 해서 하는데 카드도 아주 잘 쓰고 있고 동생도 돈을 잘 관리해서 좋구요! 퀴즈에서도 열심히 퀴즈를 풀어서 돈을 많이 모았어요!","퀴즈·문제풀이와 금전 보상을 연결지어 긍정적으로 서술 — 보상이 학습 행동의 이유로 제시됨."
"402","e1674d6b-4f32-4408-bfbd-0573f5d0f20c","2023-11-04","5","저는용돈관리잘못했는데잘하게돼어요","9fcd81c819a0","23.11.1","3","","","0","0","0","0","0","0","1","","","","저는용돈관리잘못했는데잘하게돼어요","아이가 경제·금융 지식을 실제로 익혔다는 경험 기반 서술 (핵심 페인포인트에 대한 반증 자료)."
"403","8ab0c1fe-db59-4d10-a2d7-7417af75f318","2023-11-04","5","카드 결제 간편하고 최고에요","245c363eb3d6","23.11.1","2","","","0","0","0","0","0","0","0","","","","","6개 항목 어디에도 해당하지 않음 (기능 요청·오류 신고·단순 만족 표현 등)."
"404","e2498fc7-08e2-44a0-a8fa-60fed03e5bfe","2023-11-04","5","편해요 엄마가 용돈 이걸로 주시고 퀴즈 풀면 추가 용돈 있어서 넘넘 좋아용♡♡-","645eff25ed62","23.9.1","2","","","0","0","1","0","0","0","0","","","돈이_학습행동의_동기가_된_경험","편해요 엄마가 용돈 이걸로 주시고 퀴즈 풀면 추가 용돈 있어서 넘넘 좋아용♡♡-","퀴즈·문제풀이와 금전 보상을 연결지어 긍정적으로 서술 — 보상이 학습 행동의 이유로 제시됨."
"405","6d8317b7-34e5-454d-99e0-5f69def08220","2023-11-04","4","이거 은근 괜찮네용!","e06323d00f2e","23.11.1","0","","","0","0","0","0","0","0","0","","","","","6개 항목 어디에도 해당하지 않음 (기능 요청·오류 신고·단순 만족 표현 등)."
"406","50343603-754b-4b3c-bfab-5c0d6c55dfa5","2023-11-04","5","좋다","af6704b7935b","23.11.1","3","","","0","0","0","0","0","0","0","","","","","6개 항목 어디에도 해당하지 않음 (기능 요청·오류 신고·단순 만족 표현 등)."
"407","8aeb805c-7d8d-43fe-bbd1-c5bcb4d97d0c","2023-11-04","5","진짜 이거 너무 좋아요.. 진짜 완전 추천하고 퀴즈로 돈을 얻을 수 있다는게.. 참 좋은것 같아요ㅠㅠ 친구 추천으로 시작했는데 이제는 제가 추천하고 있답니다😏","0f8f554595ea","","1","","","0","0","1","0","0","0","0","","","돈이_학습행동의_동기가_된_경험","진짜 이거 너무 좋아요.. 진짜 완전 추천하고 퀴즈로 돈을 얻을 수 있다는게.. 참 좋은것 같아요ㅠㅠ 친구 추천으로 시작했는데 이제는 제가 추천하고 있답니다😏","퀴즈·문제풀이와 금전 보상을 연결지어 긍정적으로 서술 — 보상이 학습 행동의 이유로 제시됨."
"408","9635fc26-a65f-4bf5-a646-9397ae3d79d9","2023-11-04","5","퍼핀을 사용하고 있는데요! 너무 좋습니다. 일단 퀴즈푸는것이 재밌고 카드가 예뻐요!","f14a68655ee4","23.11.1","1","","","0","0","0","0","1","0","0","긍정","","아이의_학습_지속_흥미_이용의욕","퍼핀을 사용하고 있는데요! 너무 좋습니다. 일단 퀴즈푸는것이 재밌고 카드가 예뻐요!","아이의 학습(퀴즈·투자체험) 흥미·지속·의욕을 언급 (긍정)."
"409","9454152d-307e-4251-958d-5faffbd9e428","2023-11-04","5","정말 좋아요","b3513d2eab22","23.11.0","3","","","0","0","0","0","0","0","0","","","","","6개 항목 어디에도 해당하지 않음 (기능 요청·오류 신고·단순 만족 표현 등)."
"410","de3ce7d1-9b1c-42e1-8468-3b10564c1b1c","2023-11-04","5","퀴즈도 좋고 생체인식도 돼서 넘 좋아욜","11564ad3b6c0","23.11.0","2","","","0","0","0","0","0","0","0","","","","","6개 항목 어디에도 해당하지 않음 (기능 요청·오류 신고·단순 만족 표현 등)."
"411","feaf7aef-3793-4729-9d12-6a809c0dd716","2023-11-04","5","광고도없고 그냥신청만하면 돼서좋음","f58897584adf","23.11.1","1","","","0","0","0","0","0","0","0","","","","","6개 항목 어디에도 해당하지 않음 (기능 요청·오류 신고·단순 만족 표현 등)."
"412","5c5ac1da-d4ed-4f41-bd6e-4daba687b56d","2023-11-04","5","퀴즈를 풀면서 지식도 얻을 수 있고, 부모님 께서 정해두신 용돈을 받을 수 있어요! 그리고 1달에 1번씩 용돈도 받고요. 이벤트도 많이하고 이벤트를 해서 돈을 벌 수 있어요. 참 좋은 앱 이에요!","97a661fd786f","23.11.1","1","","","0","0","0","0","0","0","1","","","","퀴즈를 풀면서 지식도 얻을 수 있고, 부모님 께서 정해두신 용돈을 받을 수 있어요! 그리고 1달에 1번씩 용돈도 받고요. 이벤트도 많이하고 이벤트를 해서 돈을 벌…","아이가 경제·금융 지식을 실제로 익혔다는 경험 기반 서술 (핵심 페인포인트에 대한 반증 자료)."
"413","568a33d4-7bed-40b5-a070-1f7ccb9d4930","2023-11-04","5","쓰기편해서 강추드려요","c7f21089b482","23.11.0","2","","","0","0","0","0","0","0","0","","","","","6개 항목 어디에도 해당하지 않음 (기능 요청·오류 신고·단순 만족 표현 등)."
"414","ecf2a0d9-be53-432a-8ce5-e30640914312","2023-11-04","5","용돈을 내일받을수있고 잴리가50할인 과같은헤택!!! 넘 좋아요❤️","3f6a0dd41db5","23.11.1","2","","","0","0","0","0","0","0","0","","","","","6개 항목 어디에도 해당하지 않음 (기능 요청·오류 신고·단순 만족 표현 등)."
"415","e81a53b0-2ff9-4ff3-96c6-4aa6161ea652","2023-11-04","5","너무 좋아요 강추!","e4ce4b4bf68b","23.11.1","2","","","0","0","0","0","0","0","0","","","","","6개 항목 어디에도 해당하지 않음 (기능 요청·오류 신고·단순 만족 표현 등)."
"416","04160b84-6360-42cb-8584-1ed27a80e0ba","2023-11-04","5","무료로 카드 발급이 되고 퀴즈도 매일 1번씩 풀수있어서 좋은것 같아요","7c47243d23ce","23.11.1","2","","","0","0","0","0","0","0","0","","","","","6개 항목 어디에도 해당하지 않음 (기능 요청·오류 신고·단순 만족 표현 등)."
"417","7aead2cb-c30c-41c5-b475-7a037db32610","2023-11-04","5","퍼핀 퀴즈풀기(경제문제), 예쁜 디자인의 카드,깔끔한 UI,교통카드 지원 등의 기능으로 아주 편리하게 쓰고 있습니다. 진짜 편리하고 첫 카드의 좋은 추억이 될 것 같습니다. 앞으로도 퍼핀 화이팅!!!!","88c8fdc69383","23.11.1","43","","","0","0","0","0","0","0","0","","","","","6개 항목 어디에도 해당하지 않음 (기능 요청·오류 신고·단순 만족 표현 등)."
"418","d4dbf468-c983-4d35-b306-a72c30c9501a","2023-11-04","5","너무 잘쓰고 있어요!!추천해요","325beaff03d9","23.11.1","2","","","0","0","0","0","0","0","0","","","","","6개 항목 어디에도 해당하지 않음 (기능 요청·오류 신고·단순 만족 표현 등)."
"419","697317a9-6332-4174-b411-654b7c9085f3","2023-11-04","5","용돈 기입장을 꾸준히 정리하는 것이 힘들어 매번 실패하곤 했는데 퍼핀에서는 사용기록과 받은 기록이 모두 한눈에 보여서 정말 편해요! 무엇보다 저금할 수 있는 기능이 정말 좋은 것 같아요! 점점 늘어가는 저금통을 보니 뿌듯하기도 하고요","3463cf493167","","30","","","0","0","0","0","0","0","1","","","","용돈 기입장을 꾸준히 정리하는 것이 힘들어 매번 실패하곤 했는데 퍼핀에서는 사용기록과 받은 기록이 모두 한눈에 보여서 정말 편해요! 무엇보다 저금할 수 있는 기능…","아이가 경제·금융 지식을 실제로 익혔다는 경험 기반 서술 (핵심 페인포인트에 대한 반증 자료)."
"420","6d3f4449-7de6-433a-a7e6-3140f56dd728","2023-11-03","5","좋다.","d8dc7cd371be","23.11.0","3","","","0","0","0","0","0","0","0","","","","","6개 항목 어디에도 해당하지 않음 (기능 요청·오류 신고·단순 만족 표현 등)."
"421","d709a4f4-c26c-49f5-b460-b6ab36057eae","2023-11-03","5","용돈관리개꿀","130887660f19","23.11.0","3","","","0","0","0","0","0","0","0","","","","","6개 항목 어디에도 해당하지 않음 (기능 요청·오류 신고·단순 만족 표현 등)."
"422","e536c12f-a1ce-41c3-8cdb-d2494c3b9b5a","2023-11-03","4","""퍼핀""이라는 앱을 설치했는데 부모가 신청을 하면 카드를 줍니다 그리고 추가용돈도 줄수 있고,받을수도 있고(어린이가ㅣ비) 퀴즈도 풀수있습니다.근데 보호자 들은 퀴즈를 풀수 없어서 ☆을 4개를 줬는데 좀 아쉽네요 어쨌든!이 앱을 추천합니다!👍","4f7acee09d59","23.11.1","6","","","0","1","0","0","0","0","0","","간접","부모_체계적_금융학습_확인_부족","보호자 들은 퀴즈를 풀수 없어서 ☆을 4개를 줬는데 좀 아쉽네요","부모가 학습 콘텐츠 자체에 접근할 수 없음 (간접 근거)."
"423","3d8042d1-4526-488b-b168-47653f3932ac","2023-11-03","5","퀴즈를 풀면 돈을 얻을 수 있고 경제에 대해 조금씩 공부할 수 있어서 좋아요 :) 또 카드를 쓰면 얼마를 썼는지, 무얼 샀는지도 알 수 있어서 좋습니다!! 너무 만족스러워요","2c314b26f715","23.9.1","5","","","0","0","1","0","0","0","1","","","돈이_학습행동의_동기가_된_경험","퀴즈를 풀면 돈을 얻을 수 있고 경제에 대해 조금씩 공부할 수 있어서 좋아요 :) 또 카드를 쓰면 얼마를 썼는지, 무얼 샀는지도 알 수 있어서 좋습니다!! 너무 …","퀴즈·문제풀이와 금전 보상을 연결지어 긍정적으로 서술 — 보상이 학습 행동의 이유로 제시됨."
"424","f1f25d8c-1dc9-4cab-8756-4c8ba82984c1","2023-11-03","5","용돈을 확인할수있으니까 좋아용 나중에 한번씩 써보세요!","818c8d8d5d89","23.11.0","1","","","0","0","0","0","0","0","0","","","","","6개 항목 어디에도 해당하지 않음 (기능 요청·오류 신고·단순 만족 표현 등)."
"425","141f5b86-89b4-4bd8-af9c-7ec9134b642e","2023-11-03","5","편리해요.","440e8a6f70f6","23.11.0","3","","","0","0","0","0","0","0","0","","","","","6개 항목 어디에도 해당하지 않음 (기능 요청·오류 신고·단순 만족 표현 등)."
"426","48eee214-c02b-4cf6-a8c4-cb12180f6460","2023-11-03","5","이거 진짜 대박임일단 카드도 주고용돈도 꼬박꼬박 받을수 있고 아이부자 쓰고싶었는데 이거 쓰고 생각없어짐 그리고 요즘에는 저금통도생겨서 완전 좋음 그래서 하길 잘 한것 같다!!","2d8b6eef000d","","2","","","0","0","0","0","0","0","0","","","","","6개 항목 어디에도 해당하지 않음 (기능 요청·오류 신고·단순 만족 표현 등)."
"427","abd54198-584a-4932-888a-23da0b463832","2023-11-03","5","용돈앱으로 좋네요","887d58835d8f","23.11.1","2","","","0","0","0","0","0","0","0","","","","","6개 항목 어디에도 해당하지 않음 (기능 요청·오류 신고·단순 만족 표현 등)."
"428","352e26c4-fe22-4ef7-b230-6d3168c1ac7a","2023-11-03","5","다양한 경제 관련 퀴즈를 풀 수 있어서 좋고 퀴즈를 풀면 돈을 받을 수 있어 좋아요!","7e8d9429a6eb","23.11.0","2","","","0","0","1","0","0","0","0","","","돈이_학습행동의_동기가_된_경험","다양한 경제 관련 퀴즈를 풀 수 있어서 좋고 퀴즈를 풀면 돈을 받을 수 있어 좋아요!","퀴즈·문제풀이와 금전 보상을 연결지어 긍정적으로 서술 — 보상이 학습 행동의 이유로 제시됨."
"429","f5b5ad86-05b8-4da0-8166-3f0c6a3fa2ad","2023-11-03","5","저금통도 있고 좋네요~~","fc3241777e7a","23.9.1","2","","","0","0","0","0","0","0","0","","","","","6개 항목 어디에도 해당하지 않음 (기능 요청·오류 신고·단순 만족 표현 등)."
"430","931d5ae1-5af5-44f1-877b-0cdfa74403ed","2023-11-03","5","퀴즈를 맞히고 용돈을 받는 것도 너무 재밌고 소비기록을 남기면 뿌듯해요","51f5725614c3","23.11.0","1","","","0","0","1","0","1","0","0","긍정","","돈이_학습행동의_동기가_된_경험","퀴즈를 맞히고 용돈을 받는 것도 너무 재밌고 소비기록을 남기면 뿌듯해요","퀴즈·문제풀이와 금전 보상을 연결지어 긍정적으로 서술 — 보상이 학습 행동의 이유로 제시됨."
"431","74a5b035-74cf-4af9-a9d9-357ca12b00cf","2023-11-03","5","용돈 좋음!!","77b7e9b532db","23.11.1","2","","","0","0","0","0","0","0","0","","","","","6개 항목 어디에도 해당하지 않음 (기능 요청·오류 신고·단순 만족 표현 등)."
"432","55e8e49c-f0b2-4068-b820-1aee9a1c6d3e","2023-11-03","4","카드가 생겨서 너무 편리해요 ! 본인이 계좌랑 돈관리를 할 수 없는게 아쉽지만 그게 장단점인 것 같아용 부모님이 관리해주셔서 안전하게 사용해여","d733272a7ece","23.11.1","1","","","0","0","0","0","0","0","0","","","","","6개 항목 어디에도 해당하지 않음 (기능 요청·오류 신고·단순 만족 표현 등)."
"433","37ca8171-ccf5-423b-bc2e-ae077496c714","2023-11-03","5","너무 용동을 관리안했는데 이것을 쓰고 바꾸었습니다","1778c362bcf3","23.11.1","1","","","0","0","0","0","0","0","0","","","","","6개 항목 어디에도 해당하지 않음 (기능 요청·오류 신고·단순 만족 표현 등)."
"434","911c32bc-2ce2-4a3a-ae32-ef66f3808610","2023-10-31","5","저녁에 애기 카드 신청할 예정 입니다. 아직은 연결할게 여러개있긴 하지만 크게 불편하지는 않네요","11463d5a46bf","","3","리뷰 감사합니다. 카드 신청은 잘 되셨나요? 과정 중에 질문이 생기셨다면 언제든 퍼핀앱 내 고객센터에서 1:1문의 주시길 바랍니다^^ 사용성 뿐 아니라 기능적으로 더욱 좋아지도록 노력하겠습니다!","2023-03-29","0","0","0","0","0","0","0","","","","","6개 항목 어디에도 해당하지 않음 (기능 요청·오류 신고·단순 만족 표현 등)."
"435","bb13dcbf-002e-4861-a1e3-d2c5b6f0ed3d","2023-10-19","5","폰 명의가 부모님 명의로 되있어서 제가 자녀가아니라 부모님으로 돼서 어렵네요 방법 있나요?","526f4c7601b4","23.9.1","2","안녕하세요, 퍼핀카드는 인터넷결제 및 모바일결제(네이버페이, 삼성페이)가 가능하여서 본인 명의로만 가입 및 발급할 수가 있습니다. 자녀 명의로 변경 해주시길 추천드려봅니다^^ 감사합니다.","2023-10-23","0","0","0","0","0","0","0","","","","","6개 항목 어디에도 해당하지 않음 (기능 요청·오류 신고·단순 만족 표현 등)."
"436","27b411ee-6546-4f79-8168-9674e2c24ea4","2023-10-17","5","처음에는 기능도 없고 별로였는데 지금 개선된부분과 퀄리티 들이 너무 좋고 마음에들어요 초등학생이 용돈관리하기 좋은 앱인거 같습니다! 추천합니다 장점:신기능이 많고 좋음 단점: 그래도 퀴즈나 이런 부분이 약간 아쉬움","6a80319f5d51","23.9.1","29","","","0","0","0","0","0","0","0","","","","","6개 항목 어디에도 해당하지 않음 (기능 요청·오류 신고·단순 만족 표현 등)."
"437","0684b506-1fd6-444e-8cec-58102de9e6d5","2023-10-12","5","좋은데 계좌번호 없어서 실망임","ce52478f80ad","23.9.1","1","안녕하세요^^ 가상계좌 번호 보기 기능이 업데이트 되었습니다! 최신 버전으로 업데이트 해주시길 바랍니다. 이용해주셔서 감사합니다~!","2024-06-18","0","0","0","0","0","0","0","","","","","6개 항목 어디에도 해당하지 않음 (기능 요청·오류 신고·단순 만족 표현 등)."
"438","3a3ce32d-22b3-4012-84a3-270421794e7e","2023-10-08","3","친구들끼리 돈을 보내는기능인 송금기능이 있습면좋겠어요","3c09184a4dc5","23.9.1","0","안녕하세요 회원님, 외부 계좌로 송금기능은 11월 첫 주에 업데이트 될 예정입니다^^ 조금만 기다려주세요~","2023-10-16","0","0","0","0","0","0","0","","","","","6개 항목 어디에도 해당하지 않음 (기능 요청·오류 신고·단순 만족 표현 등)."
"439","489fc040-cd68-4d80-82c3-418fd1cfa4e7","2023-09-29","5","퍼핀카드가있어서 현금을들고다닐필요없이 카드하나만들고다닐수 있어서 너무편하고여 문제를풀면서 돈을어떠게 쓰는건지 더욱더 잘알수있었어요.","b1bb7d97c2d0","23.9.1","5","","","0","0","0","0","0","0","1","","","","퍼핀카드가있어서 현금을들고다닐필요없이 카드하나만들고다닐수 있어서 너무편하고여 문제를풀면서 돈을어떠게 쓰는건지 더욱더 잘알수있었어요.","아이가 경제·금융 지식을 실제로 익혔다는 경험 기반 서술 (핵심 페인포인트에 대한 반증 자료)."
"440","d727b3af-84ed-443b-9592-ef14d5ba958f","2023-09-28","3","갤럭시A23 기종은 호환되지 않는다고하네요... 업데이트좀 해주세요","e2a4885a2894","","1","안녕하세요 회원님, 우선 이용에 불편을 드려 죄송합니다. 퍼핀 앱의 퀴즈 기능이 잘 구동되기 위해서는 최소한의 사양이 충족되어야 하며 호환되지 않는 기종의 경우 구동이 되지 않는다는 점 양해 부탁드립니다. 만족스러운 답변 드리지 못해 죄송합니다.","2023-10-16","0","0","0","0","0","0","0","","","","","6개 항목 어디에도 해당하지 않음 (기능 요청·오류 신고·단순 만족 표현 등)."
"441","359bb1d1-f87d-4831-9daf-2d508659c294","2023-09-24","5","질문드려요 아직 아이명의 폰은없는데 그럼 이카드를 만들수 없나요?","217893b9dfb9","23.9.0","1","안녕하세요 회원님, 퍼핀은 네이버페이 및 삼성페이 등 온라인/모바일 결제가 가능한 카드여서 본인인증이 필요해요. 아이 본인 명의의 폰이 있어야 발급 가능하십니다^^ 자녀 명의로 변경해주시는 것을 추천드려보아요 :) 감사합니다.","2023-09-27","0","0","0","0","0","0","0","","","","","6개 항목 어디에도 해당하지 않음 (기능 요청·오류 신고·단순 만족 표현 등)."
"442","4832b398-6704-40d4-aa70-29323c9e5d5d","2023-09-22","5","너무 잘이용하고 있는데요 저희 아들은 한번에 주면 주는대로 다써서 매일매일 일정 소금액씩 줄 수 있는 용돈방식이 도입되길 바랍니다","89123c937c12","23.9.0","1","리뷰 감사합니다! 용돈 교육을 체계적으로 해주시기 위해서는 가능한 일주일 단위 또는 한달 단위로 정해진만큼의 용돈을 주시고 계획적으로 쓰지 않으면 매우 힘들어진다는 것을 스스로 느낄 수 있도록 지켜봐주시는 것을 추천드립니다! 오히려 매일 조금씩 주시게 되면 계획적으로 아껴서 써야한다는 생각을 하기 어렵기 때문에 교육 효과를 얻기 어렵답니다^^","2023-09-27","0","0","0","0","0","0","0","","","","","6개 항목 어디에도 해당하지 않음 (기능 요청·오류 신고·단순 만족 표현 등)."
"443","1c7c010c-f9ff-4ad2-88f1-1f6505b4fe58","2023-09-22","5","너무좋아요","12bf8e471a0c","23.8.2","3","","","0","0","0","0","0","0","0","","","","","6개 항목 어디에도 해당하지 않음 (기능 요청·오류 신고·단순 만족 표현 등)."
"444","70fc73bc-4f6d-47d2-8895-11c0146ed509","2023-09-21","5","퀴즈 푸는것도 너무 재밌고 가장 재밌는 건 용돈 저금하기내요^^ 감사해요♡","3744b5206277","23.9.0","1","","","0","0","0","0","1","0","0","긍정","","아이의_학습_지속_흥미_이용의욕","퀴즈 푸는것도 너무 재밌고 가장 재밌는 건 용돈 저금하기내요^^ 감사해요♡","아이의 학습(퀴즈·투자체험) 흥미·지속·의욕을 언급 (긍정)."
"445","4f1c5179-2f45-45ac-97c2-7ca6afd927db","2023-09-21","5","애들이 너무 좋아해요 퍼핀마을에 집도 있고 회사도 있고 은행도 있고 보험사에 스톡마켓도 있어서 아이들이 이건 뭐냐면서 재미있어해요 카드사용도 편하고요 부모님도 퍼핀마을을 같이 볼수있게 해주시면 안될까요? ㅎㅎ","77348c7e35c1","23.9.0","1","리뷰 매우 감사합니다^^ 퍼핀월드는 아이들이 경제/금융은 어려운 것이 아니라 생활 그 자체라는 것을 알려주고 싶은 마음으로 기획되었답니다. 부모님도 어떤 문제를 풀었는지 보실 수 있는 기능은 향후 지원할 예정이에요! 앞으로 더욱 편리하고 유용한 퍼핀이 되도록 최선을 다하여 노력하겠습니다.","2023-09-21","0","1","0","0","1","0","0","긍정","직접","부모_체계적_금융학습_확인_부족","부모님도 퍼핀마을을 같이 볼수있게 해주시면 안될까요?","아이가 학습하는 공간을 부모가 볼 수 없어 확인이 불가능함."
"446","2e8f0f80-83c2-4cca-9a63-f04f4b702274","2023-09-21","5","진짜 좋아요!! 좋은데 장점과 단점이 있기도 해요! 장점1. 퀘스트가 있다! 이게 뭐냐면 경제 상식을 맞추면 100원을 줘요!! 근데 이게 부모님 통장에서 나감...^^ 하루에 5가지 만 가능!! (과몰입 방지) 장점2.보안이 있어서 좋아요!! 비밀번호가 있어서 좋고, 근데 이게...보안이 좀 쎄요!!! ..^^ 막 잠깐~~ 홈화면 나가도 보안이 열려요.. 솔직히 조금 귀찮을때도 있어요. 이번업데이트때 생긴 저금통 기능! 좋은것같아용! 메모기능도 너무 좋구여 제 긴글 읽어주셔서 감사합니닷!!","6163beec2859","23.9.0","205","진심 가득 담긴 의견과 리뷰 너무나 감사드립니다^^ 생체인증으로 보다 간편한 보안 검증이 될 수 있도록, 소비 기록을 잘 할 수 있도록 하는 기능을 개발 중에 있어요~ 소비 기록 뿐 아니라 부모님께서 용돈 보내주실 때 메모를 입력해주시는 기능까지 더해서 다음 주에 업데이트 될 예정이니 기대해주세요~ 더욱 편리하고 유용한 퍼핀이 되기 위해 최선을 다하겠습니다!!","2023-06-30","0","0","1","1","0","1","0","","","돈보상의_아쉬움_또는_부작용","경제 상식을 맞추면 100원을 줘요!! 근데 이게 부모님 통장에서 나감...^^","보상금 출처가 부모 통장임을 단점 뉘앙스로 언급."
"447","aa672eb0-1677-40da-990a-7115b8c5a28d","2023-09-21","5","카드가 배송전이라 아직 사용전이라 잘 모르겠지만 부모가 앱사용할때 보안에 생체인증 지문도 추가 됐으면좋겠습니다","da719f45daf1","23.9.0","1","","","0","0","0","0","0","0","0","","","","","6개 항목 어디에도 해당하지 않음 (기능 요청·오류 신고·단순 만족 표현 등)."
"448","ce19c327-088f-4a11-9170-abd958448a51","2023-09-20","5","안녕하세요, 저는 부모님 지인의 추천으로 이 어플을 다운 받게 된 학생입니다. 이 카드는 부모님이 카드에 돈을 넣어주면 바로 쓸수 있는 체크카드 인데요 정말 좋습니다 카드도 심플하고 학생이 잘 쓸수 있게 깔끔 하고 세련된 디자인이라서 좋구요 . 또 용돈의 관련된 퀴즈를 풀면 부모님이 정한 돈을 얻게되요 틀리더라도 그 돈의 반을 얻게 되서 기뻐요 ! 그런데 한 가지 궁금한 점이 있습니다 그 퀴즈로 얻게 되는 돈은 어플에서 주는건가요 아님 부모님 계좌에서 돈이 나오는 건가요?","787baf3d0ded","23.8.2","2","리뷰 감사합니다^^ 퀴즈로 얻게 되는 보상은 부모님께서 보너스로 주시는 용돈이에요! 퍼핀에서 드리는 보상을 받을 수 있는 새로운 MAP도 12월 경에 생길 예정이랍니다~ 더욱 편리하고 유용한 퍼핀이 되기 위해 최선을 다하겠습니다!!","2023-09-21","0","0","1","0","0","0","0","","","돈이_학습행동의_동기가_된_경험","…하고 세련된 디자인이라서 좋구요 . 또 용돈의 관련된 퀴즈를 풀면 부모님이 정한 돈을 얻게되요 틀리더라도 그 돈의 반을 얻게 되서 기뻐요 ! 그런데 한 가지 궁금…","퀴즈·문제풀이와 금전 보상을 연결지어 긍정적으로 서술 — 보상이 학습 행동의 이유로 제시됨."
"449","ff6a440d-2cdb-478b-abcb-48109a91e59e","2023-09-17","5","잘 사용중이예요. 그런데 비밀번호대신 지문인식 가능했으면 좋겠어요. 매번 여섯자리입력 귀찮네요","712a5dd4e04d","23.8.2","2","","","0","0","0","0","0","0","0","","","","","6개 항목 어디에도 해당하지 않음 (기능 요청·오류 신고·단순 만족 표현 등)."
"450","2d05bca6-1638-4076-91e0-0eafc9c83f2c","2023-09-16","1","1. 회원가입 및 비번 등록후 가족확인하고 로그아웃함. 다시 앱 들어가니 인증번호 다시 받고 동의버튼 또 누르고 가입절차랑 똑같이 나오네요. 이게 정상인가요? 2. 핸드폰 설정에 알림이 이미 체크되어있는데 알림설정하라는 창이 계속뜸","1607fb3d8048","23.8.2","14","안녕하세요, 문의에 답변 드립니다. 1) 정상입니다! 퍼핀은 별도의 아이디가 없으며 로그인 과정이 본인 인증 절차 과정과 동일합니다. 로그아웃을 하시면 매번 본인인증 후 로그인을 하셔야 해요. 2) 알림 설정 창은 체크 여부와 관계없이 기본으로 나오는 창입니다. 가능한 로그인을 유지해주시길 권장드립니다! 자세한 문의는 퍼핀 앱 내 고객센터를 통해 주시면 더욱 빠르고 자세하게 답변드릴 수 있도록 하겠습니다. 감사합니다.","2023-09-21","0","0","0","0","0","0","0","","","","","6개 항목 어디에도 해당하지 않음 (기능 요청·오류 신고·단순 만족 표현 등)."
"451","0b736d14-af15-4965-9937-cf4d419dc271","2023-09-13","5","좋아용 추천합니다","b35ab5666c45","","1","","","0","0","0","0","0","0","0","","","","","6개 항목 어디에도 해당하지 않음 (기능 요청·오류 신고·단순 만족 표현 등)."
"452","2b93a5b5-7445-4151-a959-288f43876e32","2023-09-13","5","너무 좋은 어플이에요 현금을 들고다니지 않아도되고 무게도 줄일수잇는개 정말 좋은 a플 인거같아요","29af30440301","23.8.2","0","","","0","0","0","0","0","0","0","","","","","6개 항목 어디에도 해당하지 않음 (기능 요청·오류 신고·단순 만족 표현 등)."
"453","25ded834-30c9-4ab7-ae64-590bacd2c4b0","2023-09-13","5","좋아요","65040cd89555","23.8.2","2","","","0","0","0","0","0","0","0","","","","","6개 항목 어디에도 해당하지 않음 (기능 요청·오류 신고·단순 만족 표현 등)."
"454","7c913dc1-8b98-421b-85c4-88594722dafc","2023-09-12","4","로그인이 번호라 번거러워요. 로그인방법을 지문인식으로 할수있으면 좋을것같아요.","a360aa2162e1","23.8.2","2","","","0","0","0","0","0","0","0","","","","","6개 항목 어디에도 해당하지 않음 (기능 요청·오류 신고·단순 만족 표현 등)."
"455","b932c96c-e3dd-42d5-8ba9-83daa5eeaa93","2023-09-09","4","신통방통앱! 초딩이라 은행가서 체크카드 만들어주기 걱정이 앞섰는데 퍼핀으로 고민해결요! 부모외에 조부모나 삼촌이모등 용돈부여할수있는 계정연결이 추가로 될 수 있었으면 좋겠어요.","b4e839b39d9d","23.8.2","1","","","0","0","0","0","0","0","0","","","","","6개 항목 어디에도 해당하지 않음 (기능 요청·오류 신고·단순 만족 표현 등)."
"456","d829ffc8-3871-45fc-982f-422597727d32","2023-09-01","5","재밌다","bd9084af277a","23.8.2","3","","","0","0","0","0","0","0","0","","","","","6개 항목 어디에도 해당하지 않음 (기능 요청·오류 신고·단순 만족 표현 등)."
"457","16c5c075-8408-483b-b97d-de9f02e5721e","2023-08-29","5","카드로 쓰니까 더 편해요^^","c4db43d35f49","23.8.2","2","","","0","0","0","0","0","0","0","","","","","6개 항목 어디에도 해당하지 않음 (기능 요청·오류 신고·단순 만족 표현 등)."
"458","d8e46677-f0d3-4b45-b556-69220fcdc85d","2023-08-29","2","외국인 가정도 쓸수 있게해주세요ㅜㅜ 인증이 안되네요.ㅜㅜ사용하고싶습니다","569f09f2cff6","","0","안녕하세요 회원님^^ 이제 외국인도 퍼핀을 이용하실 수 있도록 기능이 모두 개선되었습니다! 다시 찾아주시면 매우 감사하겠습니다 :)","2024-06-13","0","0","0","0","0","0","0","","","","","6개 항목 어디에도 해당하지 않음 (기능 요청·오류 신고·단순 만족 표현 등)."
"459","a9dbd959-3f0f-49e1-a553-138cf41b7d2f","2023-08-28","2","왜 이벤트로 카드발급신청하면 이앱리뷰만보이고 신청페이지가 안들어갈까요?","081cf9dd3abd","23.8.2","0","안녕하세요, 카드 발급 신청은 퍼핀앱에서 하실 수 있습니다^^ 부모님께서 퍼핀앱 다운로드 받으신 후 휴대폰 인증을 거쳐 자녀의 카드 발급 신청을 하실 수 있어요. 자세한 문의는 퍼핀 고객센터(https://www.firfin.family/help)로 문의 주시면 더욱 빠르고 자세하게 안내 도와드리도록 하겠습니다^^ 감사합니다.","2023-09-21","0","0","0","0","0","0","0","","","","","6개 항목 어디에도 해당하지 않음 (기능 요청·오류 신고·단순 만족 표현 등)."
"460","99e81a59-5493-44dc-bebf-7b6ed5eebf8d","2023-08-25","5","너무 좋아요","f8ec8d081feb","23.8.2","2","","","0","0","0","0","0","0","0","","","","","6개 항목 어디에도 해당하지 않음 (기능 요청·오류 신고·단순 만족 표현 등)."
"461","54c68ca1-67c4-4863-88b3-7bfb42738436","2023-08-25","5","애들한테 용돈주기편해요. 매번까먹을때있었는데 연동시켜놓으니 알아서 시간이 되면 용돈이체시키고 어디썼는지 확인할수있고 좋네요","ab0be2201c6e","23.8.1","0","","","0","0","0","0","0","0","0","","","","","6개 항목 어디에도 해당하지 않음 (기능 요청·오류 신고·단순 만족 표현 등)."
"462","10056fbc-745b-48a3-9c28-d69c577f9c32","2023-08-16","5","너무 편해요","0442be44f40c","23.8.0","2","","","0","0","0","0","0","0","0","","","","","6개 항목 어디에도 해당하지 않음 (기능 요청·오류 신고·단순 만족 표현 등)."
"463","901d8126-43e1-4cdd-81ba-203f2ee5829f","2023-08-16","5","딸아이가 요즘 경제문제에 푹 빠졌어요. 매일마다 문제 풀어서 용돈 타가기도 해요. 지식도 쌓이고., 너무 재밌더래요.~","a6cb98cf1be9","23.8.0","2","","","0","0","1","0","1","0","1","긍정","","돈이_학습행동의_동기가_된_경험","딸아이가 요즘 경제문제에 푹 빠졌어요. 매일마다 문제 풀어서 용돈 타가기도 해요. 지식도 쌓이고., 너무 재밌더래요.~","퀴즈·문제풀이와 금전 보상을 연결지어 긍정적으로 서술 — 보상이 학습 행동의 이유로 제시됨."
"464","b3496bc4-a962-419b-80ec-d90a87c51810","2023-08-16","5","교통카드로 쓰려면 잔액이 남아있어도 충전을 따로 해야하는 번거로움이 있네요ㅜ 그래도 아이들도 저도 퍼핀카드 완전 맘에 들어요","4d05014d2d25","23.8.0","1","","","0","0","0","0","0","0","0","","","","","6개 항목 어디에도 해당하지 않음 (기능 요청·오류 신고·단순 만족 표현 등)."
"465","ab05391b-74d2-4004-8975-7aeeafbc5ec7","2023-08-16","5","필요한 기능이 다 있네요 교통카드 충전까지 된다니 더 편하겠어요","ba1223306f0f","23.8.0","1","","","0","0","0","0","0","0","0","","","","","6개 항목 어디에도 해당하지 않음 (기능 요청·오류 신고·단순 만족 표현 등)."
"466","ec3d6090-00ec-4a1e-bd17-0190d2bcf006","2023-08-16","5","아이들 해주길 너무 잘한거 같아요^^","39d70bdf600d","23.8.0","2","","","0","0","0","0","0","0","0","","","","","6개 항목 어디에도 해당하지 않음 (기능 요청·오류 신고·단순 만족 표현 등)."
"467","a7c97910-6671-4b70-8515-6df44641341b","2023-08-14","5","퍼핀 퀴즈도 재밌는데 퀴즈 틀리면 X누르고 다시하면 돼서 좋고요. 부모님도 아는데 엄마가 다시 하는 방법 막을수 없어서 좋음..^^그리고 용돈을 더 잘 보관 할수 있어서 좋고,이벤트도 많이 해서 좋습니다","8d248c0551e1","23.8.0","2","","","0","0","0","1","1","0","0","긍정","","돈보상의_아쉬움_또는_부작용","퍼핀 퀴즈도 재밌는데 퀴즈 틀리면 X누르고 다시하면 돼서 좋고요. 부모님도 아는데 엄마가 다시 하는 방법 막을수 없어서 좋음","아이가 재시도로 보상을 확보하는 행동을 스스로 서술 — 보상 구조의 허점이 아이 시점에서 드러난 사례."
"468","d4625705-5787-4da5-badf-9b34e2adb259","2023-08-14","5","전 1등이라고 봅니다 아이부자? 뭐그딴건 걍허접광고 때메 그런거고 퍼핀이 누가뭐래도짱인것 같습니다 버그 같은거 살짝만 고쳐주셔도 장점뿐인것같네요. 간편하기도해서 좋습니다. 👍","848b42644212","23.8.0","2","","","0","0","0","0","0","0","0","","","","","6개 항목 어디에도 해당하지 않음 (기능 요청·오류 신고·단순 만족 표현 등)."
"469","e497d98d-8bcf-45a9-b424-70775aeab82a","2023-08-11","5","좋아요","18cfac6f8a42","23.8.0","2","","","0","0","0","0","0","0","0","","","","","6개 항목 어디에도 해당하지 않음 (기능 요청·오류 신고·단순 만족 표현 등)."
"470","3ee7e470-c9f5-41ec-890a-6e135db58fd2","2023-08-11","4","아이 용돈카드로 좋아요. 경제퀴즈도 푸는건 좋은데 부모님통장에서 나간다는거...ㅎㅎ 그리고 아이가 사용한 용돈내역을 아이가 공개해줘야 부모가 볼수 있다는 점이 아쉬워요. 부모도 볼수 있도록 설정하는 기능이 있으면 좋겠습니다.","db1da6cf0118","23.8.0","5","","","0","0","0","1","0","1","0","","","돈보상의_아쉬움_또는_부작용","경제퀴즈도 푸는건 좋은데 부모님통장에서 나간다는거...ㅎㅎ","보상금을 부모가 부담한다는 점을 아쉬움으로 표현."
"471","b7110f45-1f3b-4e97-be5d-a11b6e09221d","2023-08-11","5","잘쓸께요","9f3ebf55ec72","23.8.0","2","","","0","0","0","0","0","0","0","","","","","6개 항목 어디에도 해당하지 않음 (기능 요청·오류 신고·단순 만족 표현 등)."
"472","d090237b-ca01-41b8-87f2-0df2e3dbfcb1","2023-08-11","5","아이에게 카드를 쓰고 용돈관리를 앱으로 할수있게 되면서 경제관리도 되서 좋고 뭣보다 퀘스트를 하고 보상을 받으니까 흥미가득한거 같아요 아빠 엄마가 같이 어플 관리가 되는것도 좋은거 같아요^-^","fb45bace9bc8","23.8.0","0","","","0","0","1","0","1","0","0","긍정","","돈이_학습행동의_동기가_된_경험","… 앱으로 할수있게 되면서 경제관리도 되서 좋고 뭣보다 퀘스트를 하고 보상을 받으니까 흥미가득한거 같아요 아빠 엄마가 같이 어플 관리가 되는것도 좋은거 같아요^-^","퀴즈·문제풀이와 금전 보상을 연결지어 긍정적으로 서술 — 보상이 학습 행동의 이유로 제시됨."
"473","69677a97-3c6a-4600-aea0-c4bf31878542","2023-08-11","5","퍼핀앱은 퀴즈를풀면 상금도받고 용돈을 많이받아갈수있다 퍼핀은 초등학생 고등학생 대학생들 다 이 퍼핀앱을 할수있다 이 퍼핀앱 짱♡","61e7f0b570a7","23.8.0","1","","","0","0","1","0","0","0","0","","","돈이_학습행동의_동기가_된_경험","퍼핀앱은 퀴즈를풀면 상금도받고 용돈을 많이받아갈수있다 퍼핀은 초등학생 고등학생 대학생들 다 이 퍼핀앱을 할수있다 이 퍼핀앱 짱♡","퀴즈·문제풀이와 금전 보상을 연결지어 긍정적으로 서술 — 보상이 학습 행동의 이유로 제시됨."
"474","683592b9-51ab-4cf2-8397-fac591ab6497","2023-08-11","5","아이가 스스로 용돈관리를 할수 있어요. 추천하고싶은 카드와 앱입니다. 용돈계약알림에 스스로 관리하는것에 흥미를 느끼고, 경제문제를 풀고 보너스 용돈 받는것도 재미있어해요^^ 교통카드 기능도 좋고 , 아이가 실시간 카드잔액을 확인할 수 있어서 좋네요!!","f1564dca8604","23.8.0","3","","","0","0","1","0","1","0","0","긍정","","돈이_학습행동의_동기가_된_경험","…용돈계약알림에 스스로 관리하는것에 흥미를 느끼고, 경제문제를 풀고 보너스 용돈 받는것도 재미있어해요^^ 교통카드 기능도 좋고 , 아이가 실시간 카드잔액을 확인할 …","퀴즈·문제풀이와 금전 보상을 연결지어 긍정적으로 서술 — 보상이 학습 행동의 이유로 제시됨."
"475","67d21ba6-cc81-4a43-b815-b08e850e9e23","2023-08-11","5","또래 아이들의 평균 용돈 금액을 알려줘서 좋았고 아이들의 용돈 사용 내역을 바로 확인가능하고 부족할때 바로 용돈을 보내줄 수 있어서 편하네요","e75ec33c0ec4","23.8.0","1","","","0","0","0","0","0","0","0","","","","","6개 항목 어디에도 해당하지 않음 (기능 요청·오류 신고·단순 만족 표현 등)."
"476","4679c10c-9f02-4308-91f2-ba2c41fc7cd1","2023-08-11","4","아이가 용돈개념에 더욱깊이알게되었구요 자기돈의금액이 눈에보이고 쓸때는 줄어드는것도확실히보이니 돈을아껴쓰겠다고 다짐또다짐을하네요ㅋㅋ 학습보상도있으니 즐거워하네요 별하나를뺀건 새로운맵을열때 금액이들어가는게 조금그렇네요 무료맵이다양하게생겼으면좋겠어요 그걸여는재미도있나봐요","b3c7a9f07ca8","23.8.0","0","","","0","0","1","0","1","0","1","긍정","","돈이_학습행동의_동기가_된_경험","…것도확실히보이니 돈을아껴쓰겠다고 다짐또다짐을하네요ㅋㅋ 학습보상도있으니 즐거워하네요 별하나를뺀건 새로운맵을열때 금액이들어가는게 조금그렇네요 무료맵이다양하게생겼으면좋…","퀴즈·문제풀이와 금전 보상을 연결지어 긍정적으로 서술 — 보상이 학습 행동의 이유로 제시됨."
"477","8b848673-180e-46e1-b545-4fe2216db457","2023-08-11","5","아이가 매일 경제퀴즈를 풀면서 다람쥐가 도토리까먹듯 용돈을 챙겨가요. 그 모습이 귀엽기도 하고 즐겁게 경제상식을 배울 수 있어서 만족합니다. 용돈이 얼마나 남았는지 시각적으로 확인하고 계획하면서 용돈을 쓰게되어서 만족합니다^^","3bad5abd8e57","23.8.0","1","","","0","0","1","0","1","0","1","긍정","","돈이_학습행동의_동기가_된_경험","아이가 매일 경제퀴즈를 풀면서 다람쥐가 도토리까먹듯 용돈을 챙겨가요. 그 모습이 귀엽기도 하고 즐겁게 경제상식을 배울 수 있어서 만족합니다. 용돈이 얼마나 남았는…","퀴즈·문제풀이와 금전 보상을 연결지어 긍정적으로 서술 — 보상이 학습 행동의 이유로 제시됨."
"478","e3465cd2-b0cd-401b-be63-41e03fd7eeba","2023-08-11","5","초등학생 아이에게 편하게 용돈을 지급할수도 있구요 현금으로 가지고 다닐때는 펑펑쓰더니 카드가 생기고 잔액이 눈에 보이다보니 구두쇠가 됐네요^^","5c0dda260045","23.8.0","1","","","0","0","0","0","0","0","1","","","","초등학생 아이에게 편하게 용돈을 지급할수도 있구요 현금으로 가지고 다닐때는 펑펑쓰더니 카드가 생기고 잔액이 눈에 보이다보니 구두쇠가 됐네요^^","아이가 경제·금융 지식을 실제로 익혔다는 경험 기반 서술 (핵심 페인포인트에 대한 반증 자료)."
"479","2cdce8c1-e2db-40d0-807a-eebe4329d2b3","2023-08-11","5","아이카드사용 내역을 저도 알수있어서 넘 좋아요~","ce8baab76124","23.8.0","0","","","0","0","0","0","0","0","0","","","","","6개 항목 어디에도 해당하지 않음 (기능 요청·오류 신고·단순 만족 표현 등)."
"480","ddcab44d-eadc-40ec-9eaf-66ff70da6fc0","2023-08-11","5","초3, 아빠 체크카드로 사용하다가 자기 이름으로 된 카드를 갖게 되니 정말 좋아합니다. 교통카드. 문구점. 편의점. 거의 다 쓸 수 있어서 편리하네요. 아이도 돈이 얼마나 들어오고 나가는지 앱으로 확인 할 수 있어서 좋다고 해요. 그리고 문제 풀 때마다 일정 금액이 들어오니 매일 아침에 스스로 풀고있어요. 주변에 적극 추천중입니다.","e23397ee20db","23.8.0","39","","","0","0","1","0","1","0","0","긍정","","돈이_학습행동의_동기가_된_경험","…는지 앱으로 확인 할 수 있어서 좋다고 해요. 그리고 문제 풀 때마다 일정 금액이 들어오니 매일 아침에 스스로 풀고있어요. 주변에 적극 추천중입니다.","퀴즈·문제풀이와 금전 보상을 연결지어 긍정적으로 서술 — 보상이 학습 행동의 이유로 제시됨."
"481","563855de-293e-483d-b939-ca1ac3c7637d","2023-08-11","5","아이들 경제개념이 부족해서 만들어줬어요^^ 엄카 찬스를 주면 무제한으로 쓰더라구요ㅜㅠ 퍼핀알고난 후부터는 본인 용돈 내에서 써야한다는 생각 때문인지 조금씩 아끼더라구요~ 이제 생활화가 되면 더 나아지겠죠^^ 매일 푸는 퀴즈도 유용합니다.","0668dcd893b5","23.8.0","1","","","0","0","0","0","0","0","1","","","","아이들 경제개념이 부족해서 만들어줬어요^^ 엄카 찬스를 주면 무제한으로 쓰더라구요ㅜㅠ 퍼핀알고난 후부터는 본인 용돈 내에서 써야한다는 생각 때문인지 조금씩 아끼더…","아이가 경제·금융 지식을 실제로 익혔다는 경험 기반 서술 (핵심 페인포인트에 대한 반증 자료)."
"482","18a2205c-b604-4d64-8b7b-72aa724657fd","2023-08-11","5","아이 용돈 관리하기 좋아요","f60271ea0a8b","23.8.0","1","","","0","0","0","0","0","0","0","","","","","6개 항목 어디에도 해당하지 않음 (기능 요청·오류 신고·단순 만족 표현 등)."
"483","c32c1823-acf2-4b84-9da9-da8f83cd65ed","2023-08-11","5","아이가 용돈쓰는내용 확인도 가능하고 스스로 퀴즈풀고 하는모습이 참 좋더라구요. 근데 지금 저랑 아들 둘만 연결했는데 아빠를 같이 연결하려고 했더니 이미 등록된자녀라 아빠는 연결못했어요- 이거 세가족이 한번에 들어가려면 어떻게 해야하나요??","522c688c375e","23.8.0","0","리뷰 감사합니다^^ 어머니께서 설정>우리가족>배우자초대로 아버지를 초대해주시면 한 가족으로 연결이 되어요~ 자세한 안내는 퍼핀 앱 내 설정>고객센터에서 문의주시면 더욱 친절하고 빠르게 도와드리도록 하겠습니다!","2023-08-11","0","0","0","0","1","0","0","긍정","","아이의_학습_지속_흥미_이용의욕","아이가 용돈쓰는내용 확인도 가능하고 스스로 퀴즈풀고 하는모습이 참 좋더라구요. 근데 지금 저랑 아들 둘만 연결했는데 아빠를 같이 연결하려고 했더니 이미 등록된자녀…","아이의 학습(퀴즈·투자체험) 흥미·지속·의욕을 언급 (긍정)."
"484","b6bf9e62-da3e-431a-9f97-4e60a0a66270","2023-08-11","5","너무 좋아요 😍","fd42a9c380e3","","1","","","0","0","0","0","0","0","0","","","","","6개 항목 어디에도 해당하지 않음 (기능 요청·오류 신고·단순 만족 표현 등)."
"485","d7a150e0-9c75-4cee-9227-d052a8475258","2023-08-11","5","엄마가 깔아주셨는데 평소에 지폐를 핸드촌 케이스 뒤에 넣어서 잃어버리거나 핸드폰케이스가 자꾸 떨어졌는데 이제 퍼핀카드로 그냥 쏙 넣어서 좋아요 그리고 돈도 빨리빨리 받을수있어요 퍼핀 최고!","8addccf3af30","23.8.0","0","","","0","0","0","0","0","0","0","","","","","6개 항목 어디에도 해당하지 않음 (기능 요청·오류 신고·단순 만족 표현 등)."
"486","248c5788-9d21-41b4-905c-a077691933ac","2023-08-11","5","사용이 편리하고 아이가 돈을 어디에 썼는지 한눈에 확인할수 있어 좋아요 주변에 적극추천하였습니다","3b2b43bc1468","23.8.0","1","","","0","0","0","0","0","0","0","","","","","6개 항목 어디에도 해당하지 않음 (기능 요청·오류 신고·단순 만족 표현 등)."
"487","594cdecc-8cd2-464d-b7b2-dbc70491c088","2023-08-11","5","자신이 용돈을 어떻게 쓰는지 다시한번 되돌아보며 생각하게 해준다 쓸데없는곳에 쓰지 않고 필요한곳에 쓰도록 도와주는 앱이다","9a74f04999e8","23.8.0","0","","","0","0","0","0","0","0","1","","","","자신이 용돈을 어떻게 쓰는지 다시한번 되돌아보며 생각하게 해준다 쓸데없는곳에 쓰지 않고 필요한곳에 쓰도록 도와주는 앱이다","아이가 경제·금융 지식을 실제로 익혔다는 경험 기반 서술 (핵심 페인포인트에 대한 반증 자료)."
"488","433699d8-3ad3-439b-a69e-92f081a6ddcf","2023-08-11","5","아이들 용돈관리 편하게 할 수 있어서 너무 좋아요","7fe620aa13ed","23.8.0","1","","","0","0","0","0","0","0","0","","","","","6개 항목 어디에도 해당하지 않음 (기능 요청·오류 신고·단순 만족 표현 등)."
"489","d7f93c15-ddf4-446f-b900-d5883280028c","2023-08-11","5","아이들 너무 유용하게 잘사용하고 있습니다^^","71c550c2d454","23.8.0","0","","","0","0","0","0","0","0","0","","","","","6개 항목 어디에도 해당하지 않음 (기능 요청·오류 신고·단순 만족 표현 등)."
"490","b39db775-7293-4d47-912e-4e227c3f32a8","2023-08-11","5","아직까지는 별문제없이 아이와 잘 사용하고 있어요. 남자아이라 뭘 들고 다니길 귀찮아해서 퍼핀카드 발급해주었는데 지류현금 가지고 다니는것보다 아이도 저도 무척 편하긴하네요. 매일 용돈퀴즈 풀며 추가용돈 챙기는것도 재미있어합니다.","ced1c3446eb7","23.8.0","5","","","0","0","1","0","1","0","0","긍정","","돈이_학습행동의_동기가_된_경험","…다니는것보다 아이도 저도 무척 편하긴하네요. 매일 용돈퀴즈 풀며 추가용돈 챙기는것도 재미있어합니다.","퀴즈·문제풀이와 금전 보상을 연결지어 긍정적으로 서술 — 보상이 학습 행동의 이유로 제시됨."
"491","e03b929e-f05b-4006-9822-f221dbad5c4c","2023-08-11","5","아이가 너무 좋아해요 ^^ 자기만의 카드가생겨서 좋고 결제도 간편하게 할수있어서 👍","a94b0a6126ef","23.8.0","1","","","0","0","0","0","0","0","0","","","","","6개 항목 어디에도 해당하지 않음 (기능 요청·오류 신고·단순 만족 표현 등)."
"492","22e326e9-45cc-4cac-827a-5cd504d2f0ae","2023-08-11","5","아이들에게 제명의카드를 주기도그렇고 현금주기도 불안했는데 아이들 본인이름적힌카드라 소중히챙기고 무엇보다 생각지못한 기능들 웹연동이 잘되어있어서 넘×100 만족합니다. 애들이 본인폰으로 확인도되니까 절약도하려고하고 형제끼리 서로 아껴쓸려고 경쟁도되고 부모들이 용돈보상도 쉽게할수있어 여러모로 만족합니다. 애들 용돈벌이 퀴즈도있는데 아쉬운점은 좀더 다양하고 유익했으면합니다. 그리고 티머니 교통카드 기능짱! 이것땜에 울큰애 혼자 대중교통타기 도전해서 지금도 잘타고다닙니다! 굿굿👍지인.아이친구들 추천많이했답니다! 앞으로 더더 기능들이 발전될거라 기대중입니다.","daec2f1d13af","23.8.0","18","","","0","1","0","0","0","0","1","","간접","부모_체계적_금융학습_확인_부족","애들 용돈벌이 퀴즈도있는데 아쉬운점은 좀더 다양하고 유익했으면합니다","학습 콘텐츠의 다양성·유익성이 부족하다는 지적."
"493","cf61b446-44f0-4eae-9425-21b3d7cd8f3a","2023-08-11","5","너무좋아요!! 😍😍 용돈이없어는데 이 퍼핀카드 하나만있어도 용돈걱정은없께네요!! 하루마다 미션을할수있서서 너무좋고 미션 하나하나가 공부가돼서좋아요 무제하나당 무려60원!!! 😳 그리고 퍼핀카드가있어서 편리해요! 어디 선지쓸수있는 퍼핀카드!!💯💯💯 이건꼭신청해야돼겠네요 !! 그리고또 좋은점은 이퍼핀카드로 장남가도 먹을거 다살수있어요!!그러니까 다좋아요!💯😍😍","f71ef74e5994","23.8.0","8","","","0","0","1","0","0","0","1","","","돈이_학습행동의_동기가_된_경험","… 퍼핀카드 하나만있어도 용돈걱정은없께네요!! 하루마다 미션을할수있서서 너무좋고 미션 하나하나가 공부가돼서좋아요 무제하나당 무려60원!!! 😳 그리고 퍼핀카드가있어…","퀴즈·문제풀이와 금전 보상을 연결지어 긍정적으로 서술 — 보상이 학습 행동의 이유로 제시됨."
"494","7c256112-a943-43b6-a3ca-f4488165a9ec","2023-08-10","5","너무좋고 편해요!","f4de5aba45f9","23.8.0","1","","","0","0","0","0","0","0","0","","","","","6개 항목 어디에도 해당하지 않음 (기능 요청·오류 신고·단순 만족 표현 등)."
"495","787ddcc8-f415-4e4a-8ab4-05d6a9fc1375","2023-08-10","5","참 좋고 아이가 좋아하네요. 잘 관리 할수 있도록 도와주는 앱인거 같습니다.","c38609a5a224","23.7.1","1","","","0","0","0","0","0","0","0","","","","","6개 항목 어디에도 해당하지 않음 (기능 요청·오류 신고·단순 만족 표현 등)."
"496","fe1da56f-0495-4670-8467-313668b3f203","2023-08-10","5","용돈을 앱으로 주고, 아이가 용돈을 사용할때마다 내역이 알림으로 오니 좋네요. 그리고 아이도 현금으로 용돈을 사용할때보다 카드를 쓰니 잔액이 한눈에 보여, 용돈을 더 아껴쓰게 된다고 합니다.","5c62aaefcf00","23.8.0","0","","","0","0","0","0","0","0","1","","","","용돈을 앱으로 주고, 아이가 용돈을 사용할때마다 내역이 알림으로 오니 좋네요. 그리고 아이도 현금으로 용돈을 사용할때보다 카드를 쓰니 잔액이 한눈에 보여, 용돈을…","아이가 경제·금융 지식을 실제로 익혔다는 경험 기반 서술 (핵심 페인포인트에 대한 반증 자료)."
"497","8da9e268-7662-4272-ac0e-417b90cb4f06","2023-08-10","5","퍼핀카드,교통카드 너무좋아요 바로 결제도 되서 편하고 교통카드도 한번에되고~ 용돈기입장 역활도 함께되요 특히 용돈 퀴즈 재미가 솔솔~~~~ 추천합니다 많이많이 쓰세요~^^","7c813d1c3d93","23.8.0","4","","","0","0","0","0","1","0","0","긍정","","아이의_학습_지속_흥미_이용의욕","…번에되고~ 용돈기입장 역활도 함께되요 특히 용돈 퀴즈 재미가 솔솔~~~~ 추천합니다 많이많이 쓰세요~^^","아이의 학습(퀴즈·투자체험) 흥미·지속·의욕을 언급 (긍정)."
"498","9d8bcbb2-e3c2-44a5-85ea-e697a05c06e2","2023-08-10","5","아이가 너무 좋아해요^^ 공부도 되고 용돈도 벌고 행복해 하내요~","ca954dff0c05","23.8.0","0","","","0","0","1","0","1","0","1","긍정","","돈이_학습행동의_동기가_된_경험","아이가 너무 좋아해요^^ 공부도 되고 용돈도 벌고 행복해 하내요~","퀴즈·문제풀이와 금전 보상을 연결지어 긍정적으로 서술 — 보상이 학습 행동의 이유로 제시됨."
"499","25648916-970b-437e-b525-cb9995058e63","2023-08-10","5","초3아이 기프티콘으로 용돈주다가 이거쓰니 훨씬 편하고 좋네요~","653639cb5b40","23.8.0","0","","","0","0","0","0","0","0","0","","","","","6개 항목 어디에도 해당하지 않음 (기능 요청·오류 신고·단순 만족 표현 등)."
"500","558ce60a-a059-46c8-847a-a779109f4e7d","2023-08-10","5","용돈관리 할수있어서 좋음","6a73d3a5482e","23.8.0","1","","","0","0","0","0","0","0","0","","","","","6개 항목 어디에도 해당하지 않음 (기능 요청·오류 신고·단순 만족 표현 등)."
"501","1d856b52-3e9a-4c18-a8c0-77d4390fd286","2023-08-10","5","초3 아이 첫카드로 만들어줬는데 매일 퀴즈도 재미있게 풀고 용돈관리도 스스로 하며 너무 즐거워하네요","e834e325f1f4","23.8.0","4","","","0","0","0","0","1","0","0","긍정","","아이의_학습_지속_흥미_이용의욕","초3 아이 첫카드로 만들어줬는데 매일 퀴즈도 재미있게 풀고 용돈관리도 스스로 하며 너무 즐거워하네요","아이의 학습(퀴즈·투자체험) 흥미·지속·의욕을 언급 (긍정)."
"502","eb0d805f-7b69-469e-81f1-12d4a8a1b3f9","2023-08-10","5","아이가 이제 커서 용돈을 정기적으로주기도하고 배고플때 모사먹으라고 바로만들어주고 주위 엄마들한테도 추천해서 몇만들었네요","caba7027645b","23.8.0","0","","","0","0","0","0","0","0","0","","","","","6개 항목 어디에도 해당하지 않음 (기능 요청·오류 신고·단순 만족 표현 등)."
"503","9605cd76-0ad8-451d-8181-bb2d1b35854f","2023-08-10","5","만족도 최상","39b501874557","23.8.0","1","","","0","0","0","0","0","0","0","","","","","6개 항목 어디에도 해당하지 않음 (기능 요청·오류 신고·단순 만족 표현 등)."
"504","fcdb26e9-4668-4752-8042-ec424735ae6b","2023-08-10","5","부모가 아이와함께 용돈 관리를 할수있어서 좋네요","19ae13d14145","23.7.1","1","","","0","0","0","0","0","0","0","","","","","6개 항목 어디에도 해당하지 않음 (기능 요청·오류 신고·단순 만족 표현 등)."
"505","9f9c0ec3-6c95-4e5d-bdea-f99b994aa215","2023-08-10","5","정말좋아요 감추","ee07a7d1cf18","23.8.0","1","","","0","0","0","0","0","0","0","","","","","6개 항목 어디에도 해당하지 않음 (기능 요청·오류 신고·단순 만족 표현 등)."
"506","27169f35-f628-45e0-a317-f2992d6dacad","2023-08-10","5","카드가 와서 너무 좋아요!!","51cc98aa4131","23.8.0","2","","","0","0","0","0","0","0","0","","","","","6개 항목 어디에도 해당하지 않음 (기능 요청·오류 신고·단순 만족 표현 등)."
"507","9a4c0f9c-35d5-4f12-b591-dbd113a13bae","2023-08-10","4","제 카드가 생겨서 너무 좋아요. 용돈도 매달 받고, 문제 풀어서 추가용돈까지 받을 수 있어서 매일매일 아침이 기다려져요. 다만 아쉬운 점은 나도 폰으로 계산 하고 싶은데 안 되는 가게가 있어서 이제는 카드를 꼭 챙겨다녀요","c4763e8a37f3","23.8.0","0","","","0","0","1","0","1","0","0","긍정","","돈이_학습행동의_동기가_된_경험","제 카드가 생겨서 너무 좋아요. 용돈도 매달 받고, 문제 풀어서 추가용돈까지 받을 수 있어서 매일매일 아침이 기다려져요. 다만 아쉬운 점은 나도 폰으로 계산 하고…","퀴즈·문제풀이와 금전 보상을 연결지어 긍정적으로 서술 — 보상이 학습 행동의 이유로 제시됨."
"508","3fcd046e-e5d2-4c64-ad20-841893ca66de","2023-08-10","5","아이가 혼자서 카드를 사용하면서 경제관념을 익히고 자기 용돈관리를 하게 되니, 제가 원하던 방향으로 성장해가는 것같아 좋습니다. 앱을 통해 많은 도움 받았어요 ^^","978d45f144cf","23.8.0","3","","","0","0","0","0","0","0","1","","","","아이가 혼자서 카드를 사용하면서 경제관념을 익히고 자기 용돈관리를 하게 되니, 제가 원하던 방향으로 성장해가는 것같아 좋습니다. 앱을 통해 많은 도움 받았어요 ^…","아이가 경제·금융 지식을 실제로 익혔다는 경험 기반 서술 (핵심 페인포인트에 대한 반증 자료)."
"509","b142ef18-f6c1-47e4-a309-5c52b731340c","2023-08-10","5","부모님과 용돈 사용 내역을 공유할 수 있어서 좋고 추가로 용돈을 더 받을 수도 있어요!","d2728df07e28","23.8.0","1","","","0","0","0","0","0","0","0","","","","","6개 항목 어디에도 해당하지 않음 (기능 요청·오류 신고·단순 만족 표현 등)."
"510","c428bf28-2c02-466d-bc3d-ee8baa216132","2023-08-10","5","초3 아이 용돈카드로 몇가지 고민하다가 퍼핀으로 만들어줬어요. 요즘 무인 가게가 많아서 잘 사용 중입니다. 카드 만들어놓길 잘했어요.","d8d41f0c68c7","23.8.0","1","","","0","0","0","0","0","0","0","","","","","6개 항목 어디에도 해당하지 않음 (기능 요청·오류 신고·단순 만족 표현 등)."
"511","987195ce-9ffc-4476-9d53-2c1d29ed9d5f","2023-08-10","5","용돈을 벌수도있고 편하게 사용도되고 좋아요","6366fb28aea8","","1","","","0","0","0","0","0","0","0","","","","","6개 항목 어디에도 해당하지 않음 (기능 요청·오류 신고·단순 만족 표현 등)."
"512","ac7f152b-b469-4f7e-ae99-448fbd1b7e71","2023-08-10","5","돈을벌수있어서좋아요","332ab48c2f2e","23.8.0","1","","","0","0","0","0","0","0","0","","","","","6개 항목 어디에도 해당하지 않음 (기능 요청·오류 신고·단순 만족 표현 등)."
"513","b9bc1483-461c-4890-8793-3e2c953ff825","2023-08-10","5","아이가 꾸준히 퀴즈를 풀며 차곡차곡 모으고 소비하고 있습니다. 용돈 관리가 매우 용이 합니다.","8ca67001e686","23.8.0","1","","","0","0","0","0","1","0","0","긍정","","아이의_학습_지속_흥미_이용의욕","아이가 꾸준히 퀴즈를 풀며 차곡차곡 모으고 소비하고 있습니다. 용돈 관리가 매우 용이 합니다.","아이의 학습(퀴즈·투자체험) 흥미·지속·의욕을 언급 (긍정)."
"514","6f80e35d-2aeb-47d7-8815-ab3c93fb1692","2023-08-10","5","사소한 경제지식 습득은 물론 용돈은 보너스~~^^ 교통카드 기능도 있어 자주 이용은 않하지만 편리해서 좋습니다.","b7223cff36a8","23.8.0","3","","","0","0","0","0","0","0","1","","","","사소한 경제지식 습득은 물론 용돈은 보너스~~^^ 교통카드 기능도 있어 자주 이용은 않하지만 편리해서 좋습니다.","아이가 경제·금융 지식을 실제로 익혔다는 경험 기반 서술 (핵심 페인포인트에 대한 반증 자료)."
"515","50fc0dbc-8364-4970-a8d2-f10a96af4ecd","2023-08-10","5","아이들이 하루도 빠짐없이 즐겁게 퀴즈풀어요. 어디에 얼마를 썼는지 한눈에 보이니 좋네요.","c08e38595a25","23.8.0","0","","","0","0","0","0","1","0","0","긍정","","아이의_학습_지속_흥미_이용의욕","아이들이 하루도 빠짐없이 즐겁게 퀴즈풀어요. 어디에 얼마를 썼는지 한눈에 보이니 좋네요.","아이의 학습(퀴즈·투자체험) 흥미·지속·의욕을 언급 (긍정)."
"516","b5b8e868-039d-42b0-bd8d-2d7f7f66696d","2023-08-10","5","퍼핀 이 앱 진짜 최고!!!!! 나만의 카드가 생긴 것도 너무 좋고 얼마전까지는 돈을 못 뺐는데 이제는 가능해서 너무 좋아요!!","17a10da05b14","23.8.0","1","","","0","0","0","0","0","0","0","","","","","6개 항목 어디에도 해당하지 않음 (기능 요청·오류 신고·단순 만족 표현 등)."
"517","a2109450-2b8c-4b0b-be5b-0c3ba9671f12","2023-08-10","4","초2아이 드뎌 카드를 만들어 주었습니다. 이제야 알게된 퍼핀카드^^ 용돈관리 시작은 퍼핀으로 시작해보겠습니다.","452a02dc1aca","23.8.0","0","","","0","0","0","0","0","0","0","","","","","6개 항목 어디에도 해당하지 않음 (기능 요청·오류 신고·단순 만족 표현 등)."
"518","bba8a715-64af-49fa-b7bf-06729d89c8bb","2023-08-10","5","아이 이름으로 만들고 사용내역도 아이핸드폰으로 확인가능하니 아이가 잘쓰고있어요~ 용돈퀴즈도 한몫합니다^^","3195ed27b1b7","23.8.0","1","","","0","0","0","0","0","0","0","","","","","6개 항목 어디에도 해당하지 않음 (기능 요청·오류 신고·단순 만족 표현 등)."
"519","e29f2721-56b7-4671-8635-8bc514afe526","2023-08-10","5","굿굿굿 퍼핀쓰니까 좋아짐~","6232f50c9dbf","23.8.0","3","","","0","0","0","0","0","0","0","","","","","6개 항목 어디에도 해당하지 않음 (기능 요청·오류 신고·단순 만족 표현 등)."
"520","8ac06ea7-a87a-4ae8-9e16-94009b4728f6","2023-08-10","5","용돈 버는게 쉽고 재미있는 앱 이예요","e6b865c4dc74","23.8.0","0","","","0","0","0","0","0","0","0","","","","","6개 항목 어디에도 해당하지 않음 (기능 요청·오류 신고·단순 만족 표현 등)."
"521","e4c7779e-40fb-45dc-b027-bedc32fd7dd0","2023-08-10","5","아이가 용돈카드로 잘 사용하고있어요. 실시간 이용위치 금액 알림오니 편해요. 잔액확인도 쉽고 좋아요.","d74276a97d4b","23.7.1","4","","","0","0","0","0","0","0","0","","","","","6개 항목 어디에도 해당하지 않음 (기능 요청·오류 신고·단순 만족 표현 등)."
"522","443cc88c-dc63-43d8-bf44-a7bf0e895800","2023-08-10","5","아이들에게 용돈주기 좋아요^^","0e78bace98da","23.8.0","1","","","0","0","0","0","0","0","0","","","","","6개 항목 어디에도 해당하지 않음 (기능 요청·오류 신고·단순 만족 표현 등)."
"523","a49bb08d-29b4-49b2-acbc-acedcc94a4d8","2023-08-10","5","초등학생에게 가장 좋은 입문카드입니다. 별도의 어려운 절차없이 가입 가능한 것 이 가장 큰 장점 같습니다.","e6b865c4dc74","23.8.0","4","","","0","0","0","0","0","0","0","","","","","6개 항목 어디에도 해당하지 않음 (기능 요청·오류 신고·단순 만족 표현 등)."
"524","7cb1b0f9-3fb8-4d1e-9b67-db0ba6e6e217","2023-08-10","5","스스로 계획적인 소비를 할수있어 좋아요. 잔액도 확인가능하고","adbc432a6278","23.8.0","1","","","0","0","0","0","0","0","0","","","","","6개 항목 어디에도 해당하지 않음 (기능 요청·오류 신고·단순 만족 표현 등)."
"525","6da00fb3-f392-4d87-a5fa-97937eeb54ad","2023-08-10","4","용돈 계약을 하면 한문제당 얻을수 있는 돈을 직접 선택할수 있고요 (부모님) 단점은..개인적으로 용돈이 너무 적다고 생각 합니다..","e32fb95151ec","23.8.0","1","","","0","0","0","0","0","0","0","","","","","6개 항목 어디에도 해당하지 않음 (기능 요청·오류 신고·단순 만족 표현 등)."
"526","eedc755c-6163-4315-bca8-07fe3775ca04","2023-08-10","5","카드신청도 쉽게하고 퀘스트를 하면서 새로운 건물들을 풀게하는 재미도 있고 문제도 좋은 내용만 있고 새로운걸 알수있는 내용도 많아서 강추합니다 직원분들도 친절하신것 같고 너무 좋아요","2ff84810e13c","23.8.0","10","","","0","0","0","0","1","0","1","긍정","","아이의_학습_지속_흥미_이용의욕","…도 쉽게하고 퀘스트를 하면서 새로운 건물들을 풀게하는 재미도 있고 문제도 좋은 내용만 있고 새로운걸 알수있는 내용도 많아서 강추합니다 직원분들도 친절하신것 같고 …","아이의 학습(퀴즈·투자체험) 흥미·지속·의욕을 언급 (긍정)."
"527","1c33c216-da90-477d-9e0b-efc9437425a7","2023-08-10","5","정해진 금액안에서 절제하면서 사용할 수 있고 카드 한장으로 교통카드도 가능하고 매번 현금을 준비하지 않아도 쉽게 용돈을 넣어줄 수 있으니 너무 편합니다 현금을 쓸 때보다 어디에 돈을 썼는지도 쉽고 편하게 알 수 있어서 넘 좋아요","7a73487518b1","23.8.0","5","","","0","0","0","0","0","0","0","","","","","6개 항목 어디에도 해당하지 않음 (기능 요청·오류 신고·단순 만족 표현 등)."
"528","c0bbbfdd-1196-49e3-b6e0-224b97bdd8cf","2023-08-10","5","일단은 카드가 정말 예쁘고 앱으로 잔액을 확인할수있어서 좋았어요 그리고 제가 아는 카드와 달리 문제도 풀어서 최대보상 500원씩 받을수 있어서 좋았어요 이 퍼핀이 저의 첫 카든데 이게 저의 첫카든데 내가 왜 이카드를 이제 썻지? 라는 생각이 들정도로 좋았어요 앱으로 확이도 할수있어서 퍼핀 짱짱!","df64ff5a4b1f","","3","","","0","0","1","0","0","0","0","","","돈이_학습행동의_동기가_된_경험","…확인할수있어서 좋았어요 그리고 제가 아는 카드와 달리 문제도 풀어서 최대보상 500원씩 받을수 있어서 좋았어요 이 퍼핀이 저의 첫 카든데 이게 저의 첫카든데 내가…","퀴즈·문제풀이와 금전 보상을 연결지어 긍정적으로 서술 — 보상이 학습 행동의 이유로 제시됨."
"529","65be22ea-3bb4-4677-9cec-4f8c08b5f09f","2023-08-10","5","편해용","6c23ba6b1648","23.8.0","2","","","0","0","0","0","0","0","0","","","","","6개 항목 어디에도 해당하지 않음 (기능 요청·오류 신고·단순 만족 표현 등)."
"530","0566b566-24a4-484b-bb3b-65b5559051fa","2023-08-10","4","이 앱을 깔기 전에는 용돈이 필요할때 마다 용돈을 받는 거였는데 이 앱을 깔고 나서 용돈을 정기적으로 받을 수 있어서 좋아요. 그리고 경제 퀴즈를 풀어서 부모님이 설정하신 돈을 받을 수 있어서 더 좋은 것 같습니다. 또 단점이 있는데 어디서 산 물건을 공부하는데, 먹는데 등등 나타나는데 가게 이름을 보고 직접 정해주는데 그걸 자신이 선택할 수 있게 하면 좋겠습니다. 많이 추천합니다","5d2f1903e83b","23.8.0","4","","","0","0","1","0","0","0","0","","","돈이_학습행동의_동기가_된_경험","…돈을 정기적으로 받을 수 있어서 좋아요. 그리고 경제 퀴즈를 풀어서 부모님이 설정하신 돈을 받을 수 있어서 더 좋은 것 같습니다. 또 단점이 있는데 어디서 산 물…","퀴즈·문제풀이와 금전 보상을 연결지어 긍정적으로 서술 — 보상이 학습 행동의 이유로 제시됨."
"531","c1b15ae8-1630-4256-bd1c-7434e5150cb1","2023-08-10","4","경제에 훨씬 더 많은 친근감을 느낄 수 있는 좋은앱이다.","e3d0e4cbc1b1","23.8.0","1","","","0","0","0","0","0","0","1","","","","경제에 훨씬 더 많은 친근감을 느낄 수 있는 좋은앱이다.","아이가 경제·금융 지식을 실제로 익혔다는 경험 기반 서술 (핵심 페인포인트에 대한 반증 자료)."
"532","07e031d9-e531-4d01-9846-a6ee5d22e775","2023-08-10","5","아이명의카드 만들어주기도 좋고. 디자인도 예뻐요. 매일 퀴즈를 시키지않아도 꾸준히 풀면서 조금씩 용돈을 모으는일들이 아이에게도 의미가 큰가봐요 거의 빠짐없이 풀어요","b2d83a386f04","23.8.0","4","","","0","0","1","0","1","0","0","긍정","","돈이_학습행동의_동기가_된_경험","…이명의카드 만들어주기도 좋고. 디자인도 예뻐요. 매일 퀴즈를 시키지않아도 꾸준히 풀면서 조금씩 용돈을 모으는일들이 아이에게도 의미가 큰가봐요 거의 빠짐없이 풀어요","퀴즈·문제풀이와 금전 보상을 연결지어 긍정적으로 서술 — 보상이 학습 행동의 이유로 제시됨."
"533","adb702a9-18a1-4f3b-94a4-8b53d87bc0d5","2023-08-10","5","사용할수있는곳이 많음","0decb0d691c5","23.8.0","1","","","0","0","0","0","0","0","0","","","","","6개 항목 어디에도 해당하지 않음 (기능 요청·오류 신고·단순 만족 표현 등)."
"534","aefc9fee-599a-476a-aa45-27f8d434811a","2023-08-10","5","돈을 더욱 잘 관리 할수 있어서 너무 좋아요","665dc28b78ae","23.8.0","1","","","0","0","0","0","0","0","0","","","","","6개 항목 어디에도 해당하지 않음 (기능 요청·오류 신고·단순 만족 표현 등)."
"535","c4970296-7881-488c-ab53-7602ec059148","2023-08-10","5","딸아이가 사용한 장소도 알리미가 와서 용돈 기입장을 안써서 용돈관리 안되는 아이에게 도움이 됩니다.","053c246f616a","23.8.0","1","","","0","0","0","0","0","0","1","","","","딸아이가 사용한 장소도 알리미가 와서 용돈 기입장을 안써서 용돈관리 안되는 아이에게 도움이 됩니다.","아이가 경제·금융 지식을 실제로 익혔다는 경험 기반 서술 (핵심 페인포인트에 대한 반증 자료)."
"536","a3fb0cde-5bbb-4061-8d87-df231ce09018","2023-08-10","5","아이의 소비 패턴을 한눈에 볼수있어서 너무 좋았습니다","6935358dd8ee","23.8.0","0","","","0","0","0","0","0","0","0","","","","","6개 항목 어디에도 해당하지 않음 (기능 요청·오류 신고·단순 만족 표현 등)."
"537","47caaaa7-f01c-4701-804c-e24428053a34","2023-08-10","5","앱버그도 안 뜨고 좋아요!!! 더 좋은거는 카드도생기고 용돈도 받는게 좋아요 안 좋은점없는게 없어서 좋기도 하고ㅎㅎ 월래용돈보다 더 많이받아 친구들과 돈을 많이쓰게되네요ㅎㅎ 보시는분들은 적당하게 쓰는게좋아요!!!","e59ef2001476","","3","","","0","0","0","0","0","0","0","","","","","6개 항목 어디에도 해당하지 않음 (기능 요청·오류 신고·단순 만족 표현 등)."
"538","5a22218c-3f44-4ed4-ba82-8ed9793f67ff","2023-08-10","5","아이들 용돈관리도 쉽고 아이도 제 폰에도 쉽게 볼수있어서 편해요^^","51f5725614c3","23.8.0","0","","","0","0","0","0","0","0","0","","","","","6개 항목 어디에도 해당하지 않음 (기능 요청·오류 신고·단순 만족 표현 등)."
"539","720a6965-824b-4704-a571-935aaf1b90cf","2023-08-09","4","기본용돈외에 학습보상을 따로해서 용돈 가져가는 재미가 있네요. 아들이 좋아해요^^","50a9d14bfab0","23.8.0","0","","","0","0","1","0","1","0","0","긍정","","돈이_학습행동의_동기가_된_경험","기본용돈외에 학습보상을 따로해서 용돈 가져가는 재미가 있네요. 아들이 좋아해요^^","퀴즈·문제풀이와 금전 보상을 연결지어 긍정적으로 서술 — 보상이 학습 행동의 이유로 제시됨."
"540","12576c02-d666-427e-bcdf-919348b66391","2023-08-09","5","교통카드를 쓸수있고,보안시스탬너무좋습니다.그리고이번업데이트정말잘됀것같습니다","5b302ea2e091","23.8.0","3","","","0","0","0","0","0","0","0","","","","","6개 항목 어디에도 해당하지 않음 (기능 요청·오류 신고·단순 만족 표현 등)."
"541","0ccea6a8-9ec5-4560-8947-02d3796de2b0","2023-08-09","5","이벤트도 많이 하고 카드 지출 기록도 볼수 있어서 편해요 !! 그리고 카드 디자인도 무난하게 이쁘고 엄청 잘쓰고 있어요 💗","62a1423acf09","23.8.0","5","","","0","0","0","0","0","0","0","","","","","6개 항목 어디에도 해당하지 않음 (기능 요청·오류 신고·단순 만족 표현 등)."
"542","537e174a-f1b9-4814-a203-3de3b61b4271","2023-08-09","5","아이 용돈카드로 너무 좋아요. 기존에는 제 명의 체크카드를사용하였는데 잔액을 저만 확인할 수 있어 아이가 불편해하여 검색 후 비교해보고 퍼핀으로 결정했어요~ 1.부모,아이도 사용금액 알림 아이 어플에서 사진 첨부로 용돈기입장 꾸미기 기능 같은게 있어요 ㅎ 2. 아이,부모 모두 실시간 잔액확인 가능 3.매일 금융퀴즈 보상(부모가 금액 설정 가능 ,소소하지만 매일매일 차곡차곡 쌓임. 4.그외 용돈 송금하고 메모 남길 수 있는 기능도 전 잘 이용합니다. 5.매월,매주 용돈 주기,금액 설정 가능해서 정말 말그대로 용돈카드입니다. 기능 다 만족하며 잘 쓰고 있습니다. 교통카드만 어플에서 충전 가능하도록 얼른 개서해주세요^^","d58702e002ae","23.8.0","14","","","0","0","1","0","0","0","0","","","돈이_학습행동의_동기가_된_경험","…. 아이,부모 모두 실시간 잔액확인 가능 3.매일 금융퀴즈 보상(부모가 금액 설정 가능 ,소소하지만 매일매일 차곡차곡 쌓임. 4.그외 용돈 송금하고 메모 남길 수…","퀴즈·문제풀이와 금전 보상을 연결지어 긍정적으로 서술 — 보상이 학습 행동의 이유로 제시됨."
"543","e557bf96-7308-44af-a498-f5bbd680bf00","2023-08-09","5","카드 디자인도 예쁘고 월드도 잘돼어있어서 너무 좋은데 퀴즈도 풀고 보너스 용돈도 받을 수 있어서 너무 좋아요! 용돈 앱 사용해본 것중에 제일 좋네요!","317d4b92d3a6","23.8.0","5","","","0","0","1","0","0","0","0","","","돈이_학습행동의_동기가_된_경험","카드 디자인도 예쁘고 월드도 잘돼어있어서 너무 좋은데 퀴즈도 풀고 보너스 용돈도 받을 수 있어서 너무 좋아요! 용돈 앱 사용해본 것중에 제일 좋네요!","퀴즈·문제풀이와 금전 보상을 연결지어 긍정적으로 서술 — 보상이 학습 행동의 이유로 제시됨."
"544","da0345a6-e5af-4509-9b93-cb18dacd1a66","2023-08-09","4","용돈관리허기 너무 좋아요","d6cc918a4132","23.8.0","0","","","0","0","0","0","0","0","0","","","","","6개 항목 어디에도 해당하지 않음 (기능 요청·오류 신고·단순 만족 표현 등)."
"545","1a34590f-2b7d-4b58-aa7f-650d38f33065","2023-08-09","5","편하게 용돈관리 해서 좋고 사용내역 등을 기록할수있어서 편리해요","d4c808983f33","23.8.0","0","","","0","0","0","0","0","0","0","","","","","6개 항목 어디에도 해당하지 않음 (기능 요청·오류 신고·단순 만족 표현 등)."
"546","0314b3af-e6f0-4686-93d8-b17e24464901","2023-08-09","4","편리하고 유영햐요","f1a5d8b6f3c8","23.8.0","0","","","0","0","0","0","0","0","0","","","","","6개 항목 어디에도 해당하지 않음 (기능 요청·오류 신고·단순 만족 표현 등)."
"547","767331a1-c9ac-438d-a0a1-9541537cecb0","2023-08-09","4","현금으로 쓸 때보다 카드로 쓰니 막 쓰지 않게 되어 좋아요.","14b0f6f07663","23.8.0","0","","","0","0","0","0","0","0","0","","","","","6개 항목 어디에도 해당하지 않음 (기능 요청·오류 신고·단순 만족 표현 등)."
"548","8180cdac-ea89-46a3-8986-46738a2f255c","2023-08-09","5","저는 이 어플을 사용하고 카드를 처음 사용해봤는데 너무 편리하고 좋습니다.","c6dbe41d6f11","23.8.0","0","","","0","0","0","0","0","0","0","","","","","6개 항목 어디에도 해당하지 않음 (기능 요청·오류 신고·단순 만족 표현 등)."
"549","c224b8a9-2d3d-4d01-81fe-ec91550e4e50","2023-08-09","5","아이도 부모도 관리하고 편하고 이용하기 좋으네요","97e3cb6a138b","23.8.0","0","","","0","0","0","0","0","0","0","","","","","6개 항목 어디에도 해당하지 않음 (기능 요청·오류 신고·단순 만족 표현 등)."
"550","7b34e21b-b531-4eab-9482-3990dd610a4f","2023-08-09","5","사용하고 있는 학생입니다.퍼핀이라는 앱은 정말 사용하기 좋은것 같네요.퀴즈도있고 경제관념을 알기도 좋은것 같구요 카드도 색이 깔끔한 블랙이라 아주 이쁩니다^^앞으로도 매우 잘 사용 할것 같네요~다른 분들도 사용해보세요!!","ef777e0e0e04","23.7.1","7","","","0","0","0","0","0","0","1","","","","…핀이라는 앱은 정말 사용하기 좋은것 같네요.퀴즈도있고 경제관념을 알기도 좋은것 같구요 카드도 색이 깔끔한 블랙이라 아주 이쁩니다^^앞으로도 매우 잘 사용 할것 같…","아이가 경제·금융 지식을 실제로 익혔다는 경험 기반 서술 (핵심 페인포인트에 대한 반증 자료)."
"551","dd188b93-db91-4a63-b57e-d52a3a23bd51","2023-08-09","5","좋아요!!","f90e33435493","23.7.1","2","","","0","0","0","0","0","0","0","","","","","6개 항목 어디에도 해당하지 않음 (기능 요청·오류 신고·단순 만족 표현 등)."
"552","44f0a17b-b382-472e-9bd7-8825b22a3ade","2023-08-09","5","너무 편해요.","2421d13d6de5","23.8.0","1","","","0","0","0","0","0","0","0","","","","","6개 항목 어디에도 해당하지 않음 (기능 요청·오류 신고·단순 만족 표현 등)."
"553","136f4bf1-7992-4ae3-a8bd-6bacd206deb6","2023-08-09","5","사용하기 편리하고 정말 좋은앱같네요!","9de5c5c0e43a","23.8.0","1","","","0","0","0","0","0","0","0","","","","","6개 항목 어디에도 해당하지 않음 (기능 요청·오류 신고·단순 만족 표현 등)."
"554","380cb6b5-0ca6-4b39-b188-d96cde6d06f8","2023-08-09","5","아이가 잘 사용하고 있습니다 좋은앱 감사합니다","ba6dd9e13197","23.8.0","0","","","0","0","0","0","0","0","0","","","","","6개 항목 어디에도 해당하지 않음 (기능 요청·오류 신고·단순 만족 표현 등)."
"555","e6f2c7e1-cc43-4c49-a0f7-f004d5d5e3c9","2023-08-09","5","남은 잔액이 숫자로 표기되서 용돈을 저축하며 아껴 쓸 수 있다. 다양한 퀴즈를 풀며 내머리에 지식도 쌓을 수 있었다. 교통카드 잔액까지 볼 수 있으면 좋을것 같다.","bf193139a28f","23.8.0","1","","","0","0","0","0","0","0","1","","","","…하며 아껴 쓸 수 있다. 다양한 퀴즈를 풀며 내머리에 지식도 쌓을 수 있었다. 교통카드 잔액까지 볼 수 있으면 좋을것 같다.","아이가 경제·금융 지식을 실제로 익혔다는 경험 기반 서술 (핵심 페인포인트에 대한 반증 자료)."
"556","a0110ba3-d990-41e9-bf56-9a50b79544a7","2023-08-09","5","좋음","8c14f0ca07b8","23.8.0","2","","","0","0","0","0","0","0","0","","","","","6개 항목 어디에도 해당하지 않음 (기능 요청·오류 신고·단순 만족 표현 등)."
"557","a6fd9315-d52e-4c41-88f2-9f888b0725a9","2023-08-09","5","문제도 엄청 어렵지 않고 돈 문제 나와서 괜찮아요. 와이파이 있을때만 되는 건 좀 불폄하지만 괜찮아요","a3d78de5d4c2","23.8.0","0","","","0","0","0","0","0","0","0","","","","","6개 항목 어디에도 해당하지 않음 (기능 요청·오류 신고·단순 만족 표현 등)."
"558","ff393364-1171-44e6-bb5e-b78b16ba3407","2023-08-09","4","아이가 용돈을 스스로 체크해요. 금융보상문제는 매일풀고있고요ㅡ금융보상문제는 좀더 학습과 연계된다던지 하먼 좋겠네요. 자기가 쓴 내역을 보더니 군것질을 줄이려하네요.먹는데 100프로라고🤣. 용돈관리에 좋은것같아요.","132f540f16f0","23.8.0","0","","","0","1","0","0","1","0","1","긍정","간접","부모_체계적_금융학습_확인_부족","금융보상문제는 좀더 학습과 연계된다던지 하먼 좋겠네요","보상 문제가 실제 학습과 연계되지 않는다는 지적 — 체계성 부족의 직접 언급."
"559","9456068f-1066-4e2d-a6d0-062ed521c379","2023-08-09","5","앱이 너무 좋아요","8daef724f717","","3","","","0","0","0","0","0","0","0","","","","","6개 항목 어디에도 해당하지 않음 (기능 요청·오류 신고·단순 만족 표현 등)."
"560","fdb62de8-03bd-4d3f-b4ff-c291d6f9c85c","2023-08-09","5","카드도 멋지고 앱도 좋습니당 허허","892b347fbb3b","23.8.0","1","","","0","0","0","0","0","0","0","","","","","6개 항목 어디에도 해당하지 않음 (기능 요청·오류 신고·단순 만족 표현 등)."
"561","29209779-9255-4b77-b0a6-96efb574f3ab","2023-08-09","5","굿","f03ac0950301","23.8.0","2","","","0","0","0","0","0","0","0","","","","","6개 항목 어디에도 해당하지 않음 (기능 요청·오류 신고·단순 만족 표현 등)."
"562","24e80df0-1aed-4152-b2c8-49b85ada2af9","2023-08-09","4","아이가 더 좋아합니다. 단 제 계좌에서 직접 충전이 돼면 편하겠다 싶습니다.","ec198bb1fd72","23.8.0","1","","","0","0","0","0","0","0","0","","","","","6개 항목 어디에도 해당하지 않음 (기능 요청·오류 신고·단순 만족 표현 등)."
"563","5a0b7dc0-e7ad-4947-bb64-d977b52f7dcd","2023-08-09","5","카드등록하고 바로 쓸 수 있어서 너무좋아요","ad22c6036dad","23.8.0","0","","","0","0","0","0","0","0","0","","","","","6개 항목 어디에도 해당하지 않음 (기능 요청·오류 신고·단순 만족 표현 등)."
"564","279bede8-9346-4948-94ac-6f642e331d14","2023-08-09","5","현금을 들고다니지않아서 안전하고 돈에대한 개념을 올바르게 심을수있어 좋은것 같습니다","814e55070f1b","23.8.0","4","","","0","0","0","0","0","0","1","","","","현금을 들고다니지않아서 안전하고 돈에대한 개념을 올바르게 심을수있어 좋은것 같습니다","아이가 경제·금융 지식을 실제로 익혔다는 경험 기반 서술 (핵심 페인포인트에 대한 반증 자료)."
"565","6e7bad29-0c1e-4f00-acea-8ac2af6ff2a6","2023-08-09","5","지식도쌓고용돈도받고~강추!!","87581f99eb99","23.8.0","2","","","0","0","1","0","0","0","1","","","돈이_학습행동의_동기가_된_경험","지식도쌓고용돈도받고~강추!!","퀴즈·문제풀이와 금전 보상을 연결지어 긍정적으로 서술 — 보상이 학습 행동의 이유로 제시됨."
"566","152665c9-9a7f-4a61-8b27-0dcb0e8dff77","2023-08-09","5","돈 벌기 쉽어서 재미있다","50ff907d9a31","23.8.0","1","","","0","0","0","0","0","0","0","","","","","6개 항목 어디에도 해당하지 않음 (기능 요청·오류 신고·단순 만족 표현 등)."
"567","fee76c0c-bf86-45a5-989b-f6b654f29863","2023-08-09","5","현금으로주다 잊어버리는경우도 다반사였는데 자동으로전달되고 관리되니 편한듯해요. 문제보상의 어떤문제를 맞혔는지도 부모도확인가능하면좋을듯해요. 그래야 다시물어보고 학습이 제대로잘되었는지 확인도될듯해서요.","450f2a29e4a1","23.8.0","5","","","0","1","0","0","0","0","0","","직접","부모_체계적_금융학습_확인_부족","문제보상의 어떤문제를 맞혔는지도 부모도확인가능하면좋을듯해요. 그래야 다시물어보고 학습이 제대로잘되었는지 확인도될듯해서요","부모가 아이의 학습 진행·성취를 확인할 수 없음. 확인하고 싶은 이유(다시 물어보고 학습 점검)까지 명시된 최상급 근거."
"568","2fc16a60-a5ea-414e-9fbe-86f4a773ee61","2023-08-09","5","너무 좋아요","5b76a88e8372","23.8.0","2","","","0","0","0","0","0","0","0","","","","","6개 항목 어디에도 해당하지 않음 (기능 요청·오류 신고·단순 만족 표현 등)."
"569","098c34bf-fb3d-4779-abf8-f5e8aa53e74e","2023-08-09","5","안그래도 카드사용이 많은데 너무 좋은 앱인거 같아요 가입절차도 간단하고 필요할때마다 충전해서 사용하니 편합니다^^","c0c27e5daf7d","23.8.0","10","","","0","0","0","0","0","0","0","","","","","6개 항목 어디에도 해당하지 않음 (기능 요청·오류 신고·단순 만족 표현 등)."
"570","39078d51-8744-418b-b6a4-cad99fb4bac7","2023-08-09","5","하루마다 퀴즈를 통해 용돈을 얻을 수 있는게 정말 좋은 거 같아요.","dfc83c39d784","23.8.0","0","","","0","0","1","0","0","0","0","","","돈이_학습행동의_동기가_된_경험","하루마다 퀴즈를 통해 용돈을 얻을 수 있는게 정말 좋은 거 같아요.","퀴즈·문제풀이와 금전 보상을 연결지어 긍정적으로 서술 — 보상이 학습 행동의 이유로 제시됨."
"571","37297d18-fdfe-4bed-88cd-8945924130f1","2023-08-09","5","매번 현금으로 용돈을 주고 용돈기입장을 작성했는데 퍼핀 사용후 용돈기입장을 일일이 쓰지 않아도 되고 현금으로 쓸때는 계속 동전이 생겨서 불편했는데 카드로 사용하니까 너무 편하고 좋아요^^","f3facda20127","23.8.0","1","","","0","0","0","0","0","0","0","","","","","6개 항목 어디에도 해당하지 않음 (기능 요청·오류 신고·단순 만족 표현 등)."
"572","38df490c-8fca-4d42-917b-7a5b569805f8","2023-08-09","5","아이들 용돈 관리에 사용하기도 편하고 퀴즈풀이로 동기유발도 되서 좋아요","781ef6ceb0d7","23.8.0","1","","","0","0","1","0","0","0","0","","","돈이_학습행동의_동기가_된_경험","아이들 용돈 관리에 사용하기도 편하고 퀴즈풀이로 동기유발도 되서 좋아요","퀴즈·문제풀이와 금전 보상을 연결지어 긍정적으로 서술 — 보상이 학습 행동의 이유로 제시됨."
"573","67ebdee6-9e38-45e3-a621-b92ccf6ffbd1","2023-08-09","5","문제풀고 용돈을 받을수 있어서 좋은것 같아요","91869f41c3f4","23.8.0","1","","","0","0","1","0","0","0","0","","","돈이_학습행동의_동기가_된_경험","문제풀고 용돈을 받을수 있어서 좋은것 같아요","퀴즈·문제풀이와 금전 보상을 연결지어 긍정적으로 서술 — 보상이 학습 행동의 이유로 제시됨."
"574","f1fb57f6-6ba0-4a34-922e-af4650fd76d4","2023-08-09","5","아이첫용돈을 퍼핀이용했어요~ 현금은불안했는데 체크카드형식이고 엄마가관리할수있고 아이도 자기이름이 적혀있는 카드를보고 너무좋아 하네요","2534c78db585","23.8.0","0","","","0","0","0","0","0","0","0","","","","","6개 항목 어디에도 해당하지 않음 (기능 요청·오류 신고·단순 만족 표현 등)."
"575","339ea573-62b1-4491-ac27-f79392af4bd8","2023-08-09","4","잘사용하고 있습니다. 용돈이 입금되고 나가는걸 수치로 확인할수있으니 아이가 현금으로 용돈사용할때보다 사용가능한 금액을 체크하고 아껴사용하려는 모습을 보여 만족합니다. 충전하고 용돈을지급하는 방법도 편하고 좋네요.","77cf0f0c2f74","23.8.0","5","","","0","0","0","0","0","0","1","","","","잘사용하고 있습니다. 용돈이 입금되고 나가는걸 수치로 확인할수있으니 아이가 현금으로 용돈사용할때보다 사용가능한 금액을 체크하고 아껴사용하려는 모습을 보여 만족합니…","아이가 경제·금융 지식을 실제로 익혔다는 경험 기반 서술 (핵심 페인포인트에 대한 반증 자료)."
"576","4196ab85-e6ae-47dc-97b8-c5dffcb66129","2023-08-09","5","넘 좋아요","e644d2c217e6","23.8.0","2","","","0","0","0","0","0","0","0","","","","","6개 항목 어디에도 해당하지 않음 (기능 요청·오류 신고·단순 만족 표현 등)."
"577","64a10df1-18d8-4c6e-9d7b-b232918ac51a","2023-08-09","4","아이의 경제관념을 세우기에 좋은거같아요 학습맵을 추가 구매해야하는데 너무 비싸서 아쉬워요","1224867293dc","23.8.0","1","","","0","1","0","0","0","0","1","","간접","부모_체계적_금융학습_확인_부족","학습맵을 추가 구매해야하는데 너무 비싸서 아쉬워요","학습 콘텐츠가 유료·고가여서 접근이 제한됨."
"578","ddcd177d-8135-40b7-9447-44a05192f49f","2023-08-09","5","아이들 용돈 관리도 편하고, 어디서 사용하는지도 알수있어서 좋아요","3838de78d1ce","23.7.1","0","","","0","0","0","0","0","0","0","","","","","6개 항목 어디에도 해당하지 않음 (기능 요청·오류 신고·단순 만족 표현 등)."
"579","b438ab82-93b4-444d-af4c-c6b981624368","2023-08-09","5","아이 용돈 관리를 위해 출시 전에 미리 신청하고 기다렸어요. 아이가 확실히 본인 이름의 카드를 사용하면서 계획성있게 용돈을 사용하기 시작하더라고요. (예전엔 카드를 무슨 화수분인 줄 알았는데ㅎ) 이젠 사용 내역까지 바로 기록 할 수 있게 되니 더 좋아요♡","5b2ac66aef9a","23.8.0","5","","","0","0","0","0","0","0","1","","","","아이 용돈 관리를 위해 출시 전에 미리 신청하고 기다렸어요. 아이가 확실히 본인 이름의 카드를 사용하면서 계획성있게 용돈을 사용하기 시작하더라고요. (예전엔 카드…","아이가 경제·금융 지식을 실제로 익혔다는 경험 기반 서술 (핵심 페인포인트에 대한 반증 자료)."
"580","eb6f978b-f475-4200-92f2-b23283f6157d","2023-08-09","5","좋습니다.","a6f2054928e7","23.7.1","2","","","0","0","0","0","0","0","0","","","","","6개 항목 어디에도 해당하지 않음 (기능 요청·오류 신고·단순 만족 표현 등)."
"581","a747c0be-33b6-4dfb-b4ed-abaca7767758","2023-08-09","4","좋아요~ 용돈 자동으로 출금되니 따로 이체 안 챙겨도 되니 편하내요~~ 은근 귀찮음~ 경제상식 퀴즈 풀면 보너스 지급(내돈으로) 되는것도 괜찮내요~ 이벤트가 더 많았음 좋겠어요 굿","b3db9b67b3f0","23.8.0","4","","","0","0","0","0","0","0","0","","","","","6개 항목 어디에도 해당하지 않음 (기능 요청·오류 신고·단순 만족 표현 등)."
"582","3d33d269-7bee-4847-8b08-dff713b2fa20","2023-08-09","5","용돈을 관리하기 쉬워요","1295d3412da1","23.8.0","1","","","0","0","0","0","0","0","0","","","","","6개 항목 어디에도 해당하지 않음 (기능 요청·오류 신고·단순 만족 표현 등)."
"583","fc77d709-8b84-4a0a-a261-44f8a8ce6f28","2023-08-09","5","카드디자인도예쁘고 소비기록도잘남길수있어좋습니다","0936a31cb051","23.8.0","1","","","0","0","0","0","0","0","0","","","","","6개 항목 어디에도 해당하지 않음 (기능 요청·오류 신고·단순 만족 표현 등)."
"584","29f75adb-195d-4ce7-8c6b-fb8976539806","2023-08-09","5","아이가 스스로 얼마사용했는지도 알수있고 잔돈도 안남고 아주편한 카드에요~~^^","6d9f2c46463e","23.8.0","0","","","0","0","0","0","0","0","0","","","","","6개 항목 어디에도 해당하지 않음 (기능 요청·오류 신고·단순 만족 표현 등)."
"585","4a017075-4a07-4a45-9d75-5c34a06ac936","2023-08-09","5","너무 아이가좋아해요♡♡♡","b53fa81d086e","23.8.0","4","","","0","0","0","0","0","0","0","","","","","6개 항목 어디에도 해당하지 않음 (기능 요청·오류 신고·단순 만족 표현 등)."
"586","37974b5d-a503-4c28-bb93-024423b2335e","2023-08-09","5","용돈관리가 잘되고 편하게 사용하고,대부분에 가맹점에서 사용이가능하다는게 너무 좋네요","c553e5fd6d0a","23.7.1","2","","","0","0","0","0","0","0","0","","","","","6개 항목 어디에도 해당하지 않음 (기능 요청·오류 신고·단순 만족 표현 등)."
"587","55f6898a-4ca7-4e34-96cb-b962ee011211","2023-08-09","5","아이사용처를 알수있어서좋고 포인트받으려고 하루공부를 빼먹지않고 잘하고있어요^^ 아이와소통하는것같아서 더 좋습니다.","14d4b5dae574","23.8.0","2","","","0","0","1","0","1","0","0","긍정","","돈이_학습행동의_동기가_된_경험","아이사용처를 알수있어서좋고 포인트받으려고 하루공부를 빼먹지않고 잘하고있어요^^ 아이와소통하는것같아서 더 좋습니다.","퀴즈·문제풀이와 금전 보상을 연결지어 긍정적으로 서술 — 보상이 학습 행동의 이유로 제시됨."
"588","34c8dc48-2014-40bd-9dea-fb6c58123069","2023-08-09","4","안녕하세요 전 이 앱을 사용하여 카드를 쓰고있는 사람입니다 일단 퍼핀카드의 장점은요 1.청주페이는 못쓰는 곳이 꽤 많은 반면 퍼핀은 저희동네에선 못쓰는곳이 없고좀 떨어진 동네를 가도 쓸쑤 있습니다 2. 퀴즈를 일정 개수를 풀면 보너스 용돈이 있습니다.그리고 단점이라 하면 오늘 겪은 일인데 용돈이 보내준 다음날에 왔습니다. 용돈이 늦게 들어온다는 공지가 있었는데 알림이 안떴습니다 제 리뷰는 여기까지 입니다","7f0a7d32f329","23.8.0","0","","","0","0","1","0","0","0","0","","","돈이_학습행동의_동기가_된_경험","…는곳이 없고좀 떨어진 동네를 가도 쓸쑤 있습니다 2. 퀴즈를 일정 개수를 풀면 보너스 용돈이 있습니다.그리고 단점이라 하면 오늘 겪은 일인데 용돈이 보내준 다음날…","퀴즈·문제풀이와 금전 보상을 연결지어 긍정적으로 서술 — 보상이 학습 행동의 이유로 제시됨."
"589","67264cdd-d343-498c-a959-7d80695795c2","2023-08-09","5","우선 용돈을 500원으로 추가로 벌 수 있을 뿐 아니라 비밀번호로 되어있어 자신만 풀 수 있게 해주어서 좋습니다. 광고가 나오지도 않고 용돈관리나 이런 배우는 것에도 도움이 가는 것 같습니다. 아이들한테 이 앱으로 용돈을 버라고 하면 아이들이 도움이 더 돼고, 또 용돈이 더 늘어 좋아할 것 같습니다. 용돈을 어디에 쓰는지 사진을 찍어 기록을 남기는 것도 나름 괜찮다고 봅니다. 퍼핀 앱을 다른 부모들도 한 번 해보면 좋겠네요ㅎ","b40b1264c01a","23.7.1","1","","","0","0","0","0","0","0","1","","","","…어서 좋습니다. 광고가 나오지도 않고 용돈관리나 이런 배우는 것에도 도움이 가는 것 같습니다. 아이들한테 이 앱으로 용돈을 버라고 하면 아이들이 도움이 더 돼고,…","아이가 경제·금융 지식을 실제로 익혔다는 경험 기반 서술 (핵심 페인포인트에 대한 반증 자료)."
"590","6c554770-d2a6-417b-90a4-d4940abe7021","2023-08-09","5","용돈을 매달마다 직접주지 않고도 줄수있는 엡","43a0168d3ae6","23.8.0","1","","","0","0","0","0","0","0","0","","","","","6개 항목 어디에도 해당하지 않음 (기능 요청·오류 신고·단순 만족 표현 등)."
"591","ca0da337-1e44-4b5f-ad47-c72fd9ec9860","2023-08-09","5","아이가 매일 학습보상 받는걸 너무 재미있어해요. 자기가 쓰고 남은 잔액을 직접 눈으로 확인하니 저절로 아껴쓰더라구요. 너무 유용하게 잘 쓰고 있습니다!","89707a69c00e","23.8.0","4","","","0","0","1","0","1","0","0","긍정","","돈이_학습행동의_동기가_된_경험","아이가 매일 학습보상 받는걸 너무 재미있어해요. 자기가 쓰고 남은 잔액을 직접 눈으로 확인하니 저절로 아껴쓰더라구요. 너무 유용하게 잘 쓰고 있습니다!","퀴즈·문제풀이와 금전 보상을 연결지어 긍정적으로 서술 — 보상이 학습 행동의 이유로 제시됨."
"592","9c80fc3e-b32a-4a6b-90b4-4f36ecd5e55a","2023-08-09","5","재미있음 카드디자인이 하나인거빼곤 다 좋음 애도 재미잇어하고 돈왔다갔다해도 수수료없고","356d87057648","23.8.0","0","","","0","0","0","0","1","0","0","긍정","","아이의_학습_지속_흥미_이용의욕","재미있음 카드디자인이 하나인거빼곤 다 좋음 애도 재미잇어하고 돈왔다갔다해도 수수료없고","아이의 학습(퀴즈·투자체험) 흥미·지속·의욕을 언급 (긍정)."
"593","52dde2b2-9805-490c-b4e2-988e5878fe7b","2023-08-09","5","퀴즈푸는게 좋은것같아요","ef7ab8eaca3f","23.8.0","1","","","0","0","0","0","0","0","0","","","","","6개 항목 어디에도 해당하지 않음 (기능 요청·오류 신고·단순 만족 표현 등)."
"594","79722cfc-2af5-4ca7-80bc-5b311242d2a6","2023-08-08","4","아이들이 문제풀면서 용돈버는걸 좋아해요","611e5aaa81ae","23.8.0","0","","","0","0","1","0","1","0","0","긍정","","돈이_학습행동의_동기가_된_경험","아이들이 문제풀면서 용돈버는걸 좋아해요","퀴즈·문제풀이와 금전 보상을 연결지어 긍정적으로 서술 — 보상이 학습 행동의 이유로 제시됨."
"595","e076de03-8470-46fe-adef-fe9e89d655e6","2023-08-08","4","너무 괜찮은것 같아요 아이가 어디서얼마를 쓰는지 다 알수가 있어 너무 안심되고 퀴즈도 풀고 용돈두 벌고 진짜 짱입니다!!!!","53d346caa72c","23.8.0","0","","","0","0","1","0","0","0","0","","","돈이_학습행동의_동기가_된_경험","너무 괜찮은것 같아요 아이가 어디서얼마를 쓰는지 다 알수가 있어 너무 안심되고 퀴즈도 풀고 용돈두 벌고 진짜 짱입니다!!!!","퀴즈·문제풀이와 금전 보상을 연결지어 긍정적으로 서술 — 보상이 학습 행동의 이유로 제시됨."
"596","16d20497-767d-4dfe-b43c-8209f6a6772c","2023-08-08","5","너무 괜찮은것 같아요. 제가 어디서 얼마를 쓰는지 다 알수 있어서 너무 안심 되고 퀴즈도 풀고 용돈도 받고 진짜 최고에요!!!","e4f9fb2897d5","23.8.0","1","","","0","0","1","0","0","0","0","","","돈이_학습행동의_동기가_된_경험","너무 괜찮은것 같아요. 제가 어디서 얼마를 쓰는지 다 알수 있어서 너무 안심 되고 퀴즈도 풀고 용돈도 받고 진짜 최고에요!!!","퀴즈·문제풀이와 금전 보상을 연결지어 긍정적으로 서술 — 보상이 학습 행동의 이유로 제시됨."
"597","c1035e74-1163-4326-bbe7-23d09df421f1","2023-08-08","5","이거 너무 좋아요","c41aed40aa05","23.8.0","1","","","0","0","0","0","0","0","0","","","","","6개 항목 어디에도 해당하지 않음 (기능 요청·오류 신고·단순 만족 표현 등)."
"598","86785c42-2980-4e6b-a9a2-addf64519fb2","2023-08-08","5","용돈벌이도 못하고 용돈도 못 들고다니던 시대는 끝! 퍼핀으로 단숨에 해결가능!","22777d4fe21c","23.8.0","0","","","0","0","0","0","0","0","0","","","","","6개 항목 어디에도 해당하지 않음 (기능 요청·오류 신고·단순 만족 표현 등)."
"599","e366635b-0bab-4a0b-a00e-81a46b2caf27","2023-08-08","5","리뷰하고갑니다","9637ff140192","23.8.0","1","","","0","0","0","0","0","0","0","","","","","6개 항목 어디에도 해당하지 않음 (기능 요청·오류 신고·단순 만족 표현 등)."
"600","847e7def-b478-4c87-896c-d5821528ab98","2023-08-08","5","자녀용돈관리 하기 너무 좋은 앱입니다!!","49ff045a9dee","23.8.0","1","","","0","0","0","0","0","0","0","","","","","6개 항목 어디에도 해당하지 않음 (기능 요청·오류 신고·단순 만족 표현 등)."
"601","ff7d5948-ab5d-4dc0-a5ad-e3c63741c3c9","2023-08-08","5","좋아요","8ef0ae407634","23.8.0","2","","","0","0","0","0","0","0","0","","","","","6개 항목 어디에도 해당하지 않음 (기능 요청·오류 신고·단순 만족 표현 등)."
"602","1e0523a4-f1b3-4400-bd84-db7cc959b524","2023-08-08","5","정말 좋아요 ㅎㅎ","c9e9f8f0dc8c","23.8.0","1","","","0","0","0","0","0","0","0","","","","","6개 항목 어디에도 해당하지 않음 (기능 요청·오류 신고·단순 만족 표현 등)."
"603","6c3b6765-66af-46b3-8db9-32ccf6f08333","2023-08-08","5","원래 다른용돈카드를 쓰다가 은행 연동도 안되고 엄마가 확인할수있는게 한정적이어서 다른걸 찾고있었는데 인스타보고 가입했어요~ 아직 더 업그레이 필요한부분이 있어보이지만 지난번 쓰던거보다 훨씬 용돈주기도 내용확인하기도 좋아요👍👍","2a34e9d87f81","","3","","","0","0","0","0","0","0","0","","","","","6개 항목 어디에도 해당하지 않음 (기능 요청·오류 신고·단순 만족 표현 등)."
"604","b64319a0-4122-4459-9263-b41b1764013c","2023-08-08","5","학교에서 현금이 없어 지는 상황이 반복되서 카드가 필요했는데 이 앱으로 돈을 잘 쓸수 있어서 강추!","eb53549fcbfb","23.8.0","0","","","0","0","0","0","0","0","0","","","","","6개 항목 어디에도 해당하지 않음 (기능 요청·오류 신고·단순 만족 표현 등)."
"605","8462c4f8-7f64-4d60-a56b-c85493976718","2023-08-08","5","쓰기편하고 카드가 참 좋아요. 그리고 이카드가 많은곳에서 사용할수 있어요! 굿굿!","515529bc1ceb","23.8.0","0","","","0","0","0","0","0","0","0","","","","","6개 항목 어디에도 해당하지 않음 (기능 요청·오류 신고·단순 만족 표현 등)."
"606","df017f0b-6078-4440-87b8-26608f1d7e7e","2023-08-08","4","주변 추천으로 쓰고 있어요 좋아요","2812605abd28","23.8.0","0","","","0","0","0","0","0","0","0","","","","","6개 항목 어디에도 해당하지 않음 (기능 요청·오류 신고·단순 만족 표현 등)."
"607","61203c46-d918-4bee-bf69-e8a5c242a045","2023-08-08","5","아이들이 미션을 성공하고 용돈받아가는것에 너무 즐거워함.경제관념도 생겨 돈을 아껴야한다는것도느낍니다","d48086ff83ce","23.8.0","0","","","0","0","1","0","1","0","1","긍정","","돈이_학습행동의_동기가_된_경험","아이들이 미션을 성공하고 용돈받아가는것에 너무 즐거워함.경제관념도 생겨 돈을 아껴야한다는것도느낍니다","퀴즈·문제풀이와 금전 보상을 연결지어 긍정적으로 서술 — 보상이 학습 행동의 이유로 제시됨."
"608","1a9f6b3d-5ce0-460a-8701-32fb38f0a4df","2023-08-08","5","너무좋아여 맨날 용돈받을수 있어서 열심히 하면 좋아여 강추강추!!","4c2160cc3517","","1","","","0","0","1","0","0","0","0","","","돈이_학습행동의_동기가_된_경험","너무좋아여 맨날 용돈받을수 있어서 열심히 하면 좋아여 강추강추!!","퀴즈·문제풀이와 금전 보상을 연결지어 긍정적으로 서술 — 보상이 학습 행동의 이유로 제시됨."
"609","025dfc13-80b6-4413-86a7-bf8b47adff1a","2023-08-08","5","저도 이거 깔았는데 정말 좋아요","6f88a0869af0","23.8.0","1","","","0","0","0","0","0","0","0","","","","","6개 항목 어디에도 해당하지 않음 (기능 요청·오류 신고·단순 만족 표현 등)."
"610","1ebc05bb-65ba-4fa6-8797-2385453d3aaf","2023-08-08","4","광고로 처음 보고 사용하게 됐는데 아이가 어디에 돈쓰는지 알수있어서 좋네요..근데 현금의 개념이 없어서 막 쓰지는 않을까 걱정","5fb24bde2bec","23.8.0","0","","","0","0","0","0","0","0","0","","","","","6개 항목 어디에도 해당하지 않음 (기능 요청·오류 신고·단순 만족 표현 등)."
"611","cb9ab03d-46a0-4c48-af3a-a2b4cc8c7717","2023-08-08","5","아이용돈 주려고 첫 카드만들었어요. 아이도 이름이 적혀있어 좋아하네요","57d58e75eb35","23.8.0","1","","","0","0","0","0","0","0","0","","","","","6개 항목 어디에도 해당하지 않음 (기능 요청·오류 신고·단순 만족 표현 등)."
"612","53188228-b544-46c8-8a6b-b269f1f3e3b4","2023-08-08","5","자녀의 이용내역을 한눈에 볼 수 있어 좋습니다. 또 경제상식문제를 풀때마다 부모가 책정한 용돈이 지급되어 자녀에게는 동기부여가 되며 자연스럽게 경제에 대해 배울수 있는 점이 좋습니다.","e376f03ae789","","1","","","0","0","1","0","0","0","1","","","돈이_학습행동의_동기가_된_경험","… 이용내역을 한눈에 볼 수 있어 좋습니다. 또 경제상식문제를 풀때마다 부모가 책정한 용돈이 지급되어 자녀에게는 동기부여가 되며 자연스럽게 경제에 대해 배울수 있는…","퀴즈·문제풀이와 금전 보상을 연결지어 긍정적으로 서술 — 보상이 학습 행동의 이유로 제시됨."
"613","f8debb47-f6e1-4e4d-b252-ef2437a28e12","2023-08-08","5","아이 용돈관리하기 좋으네요 학습보상 문제범위가 더 다양해지면 좋을것같아요 감사합니다","4a35d6b13236","23.8.0","4","","","0","1","0","0","0","0","0","","간접","부모_체계적_금융학습_확인_부족","학습보상 문제범위가 더 다양해지면 좋을것같아요","학습 콘텐츠 범위가 좁다는 지적."
"614","54a2853a-587e-4baf-86aa-2c3c9fca7b68","2023-08-08","5","학습보상으로 주는 용돈 넘 좋은거 같아요~! 아이도 저도 너무 만족합니다~","160ab7be6360","23.7.1","0","","","0","0","1","0","0","0","0","","","돈이_학습행동의_동기가_된_경험","학습보상으로 주는 용돈 넘 좋은거 같아요~! 아이도 저도 너무 만족합니다~","퀴즈·문제풀이와 금전 보상을 연결지어 긍정적으로 서술 — 보상이 학습 행동의 이유로 제시됨."
"615","fb8e058e-8ea8-4bef-913c-3d2ed47d508e","2023-08-08","4","용돈은 스스로 관리하고 사용해서 좋은것같아요","3106562831d0","23.8.0","0","","","0","0","0","0","0","0","0","","","","","6개 항목 어디에도 해당하지 않음 (기능 요청·오류 신고·단순 만족 표현 등)."
"616","7cd42103-da29-43be-a6c5-60cfe9e98d2a","2023-08-08","5","아이와 결제한 내역과 시간, 모든걸 공유할 수 있어서 좋습니다. 또 아이가 금융지식을 쌓은만큼 용돈을 추가로 지급하는데 아이의 만족도가 큽니다. 가장 세련된 카드 디자인 만족해요","66f7d0e348b6","23.7.1","2","","","0","0","1","0","0","0","1","","","돈이_학습행동의_동기가_된_경험","아이와 결제한 내역과 시간, 모든걸 공유할 수 있어서 좋습니다. 또 아이가 금융지식을 쌓은만큼 용돈을 추가로 지급하는데 아이의 만족도가 큽니다. 가장 세련된 카드…","퀴즈·문제풀이와 금전 보상을 연결지어 긍정적으로 서술 — 보상이 학습 행동의 이유로 제시됨."
"617","c5fcfbaf-fa6b-4f36-a516-4ada9da77461","2023-08-08","5","아이의 지출 기록을 확인할 수 있고 부모와 서로 송금도 가능해서 서로 너무 편해요. 인터넷에서 구매해야하는건 제가 대신구매해주고 아이가 직접 저한테 송금해줘요. 본인 이름의 카드가 생겼다고 엄청 좋아해요.","0b5431c32caa","23.8.0","5","","","0","0","0","0","0","0","0","","","","","6개 항목 어디에도 해당하지 않음 (기능 요청·오류 신고·단순 만족 표현 등)."
"618","c8c8ca09-cbd7-4d50-b3ca-366070f6c976","2023-08-08","5","이거 사용하고 있는데요 다른 앱등과 다르게 사진찍고 남기기 이런게 있어서 좋구 오류도 안생겨서 조아용 ⍤⃝♡","97609f180b85","23.8.0","2","","","0","0","0","0","0","0","0","","","","","6개 항목 어디에도 해당하지 않음 (기능 요청·오류 신고·단순 만족 표현 등)."
"619","7504e134-f96e-4caa-8896-df9d33dc8308","2023-08-08","5","사용내역을 실시간으로 확인도 되고 사용처를 알게되니 좋아요","16e0c6a862cb","23.7.1","1","","","0","0","0","0","0","0","0","","","","","6개 항목 어디에도 해당하지 않음 (기능 요청·오류 신고·단순 만족 표현 등)."
"620","5a419460-609f-4f5c-b7b9-4aa8bcc0a454","2023-08-08","5","용돈소비내역이 아이들과 함께 공유가되고 볼 수 있어서 너무 좋아요~ 그리고 무엇보다 카드가 아이들 이름으로 만들 수도 있고 또 여러명의 자녀를 추가해서 사용가능하니 넘 좋아요.한가지 단점이라면 교통카드가 후불제면 더 좋았을 것 같은데 따로 충전식이라 그건 좀 불편해요ㅜㅜ 후불제로 만들어주세요~","63ac1b340ec7","23.8.0","11","","","0","0","0","0","0","0","0","","","","","6개 항목 어디에도 해당하지 않음 (기능 요청·오류 신고·단순 만족 표현 등)."
"621","36a18759-c4d2-4a16-b457-a2dbed3d28a2","2023-08-08","5","용돈잃어버릴걱정없고 어디에쓰는지 확인할수있어좋습니다^^","8155e50e50b3","23.8.0","0","","","0","0","0","0","0","0","0","","","","","6개 항목 어디에도 해당하지 않음 (기능 요청·오류 신고·단순 만족 표현 등)."
"622","7eacd193-e49c-4155-b362-345a9dbfb90b","2023-08-08","5","엄마랑 쓰기 좋아써요 광고는 아예 안뜨고 그 비번 푸는데도 계속 숫자 자리가 바뀌어서 그 잠금도 잘 되어있고 좋네요 카드 디자인도 이쁘고 사용하기도 쉽고 긍데 지문 인식같은거 있음 좋겠어요 잠금 하는데 가끔 귀찮을때가 있거덩요","d1a0b23eeae5","23.8.0","5","","","0","0","0","0","0","0","0","","","","","6개 항목 어디에도 해당하지 않음 (기능 요청·오류 신고·단순 만족 표현 등)."
"623","8fd94738-fdc3-41f9-b55e-6587d1349d20","2023-08-08","5","카드 써보니까 너무좋고 자녀카드라그런지 나쁜일에도 안쓸꺼같아요 항상감사드립니다","a06179883198","23.8.0","1","","","0","0","0","0","0","0","0","","","","","6개 항목 어디에도 해당하지 않음 (기능 요청·오류 신고·단순 만족 표현 등)."
"624","861667e0-6b46-48cc-a520-1f2848475b7b","2023-08-08","5","시스템이 은행같고 참 좋은 앱 같아요","0198b03a6e2f","23.8.0","1","","","0","0","0","0","0","0","0","","","","","6개 항목 어디에도 해당하지 않음 (기능 요청·오류 신고·단순 만족 표현 등)."
"625","0a17b3ba-d09b-4554-8b95-ff5bba9504ba","2023-08-08","5","굿","05d7ee82f9ef","23.8.0","2","","","0","0","0","0","0","0","0","","","","","6개 항목 어디에도 해당하지 않음 (기능 요청·오류 신고·단순 만족 표현 등)."
"626","479fb796-48b0-4a52-9247-6a3c860d092c","2023-08-08","5","잘쓰고 있습니당ㅎㅎ 근데 부모님 뿐만 아니라 서로 모두 돈을 보낼 수 있었으면 좋겠네요..ㅜ 문제 푸는 것도 좋아용","b49dca1a752f","23.8.0","1","안녕하세요 회원님~ 여전히 퍼핀 앱 잘 사용해주고 계시지요?^^ 좀 오래되긴 했지만, 퍼핀에도 가상계좌번호가 생겨서 누구나에게로부터 돈을 받을 수 있고, 송금 기능을 통해 돈을 보낼 수 있습니다! 감사합니다^^","2024-10-21","0","0","0","0","0","0","0","","","","","6개 항목 어디에도 해당하지 않음 (기능 요청·오류 신고·단순 만족 표현 등)."
"627","691bbb70-9451-451f-b417-6956b21853e7","2023-08-08","5","애들 용돈카드 주니 현금안들고 다녀서 좋고 용돈지급 간편하고 한눈에 보이니 아이가 용돈 관리도잘해요~~너무 너무 유용한 앱인것같습니다","10cb338227c8","23.8.0","1","","","0","0","0","0","0","0","0","","","","","6개 항목 어디에도 해당하지 않음 (기능 요청·오류 신고·단순 만족 표현 등)."
"628","9894a2f7-db27-4c6a-9ecf-6521f514657c","2023-08-08","5","아직 이용중~만족하고 있어요","375a1d55cbb7","23.8.0","1","","","0","0","0","0","0","0","0","","","","","6개 항목 어디에도 해당하지 않음 (기능 요청·오류 신고·단순 만족 표현 등)."
"629","4f5a91e3-ebdb-41a9-8ac4-fb6393171717","2023-08-08","5","퀴즈를 맞춰 돈을 얻을수있다는게 좋음","76e9a12ea8ae","23.8.0","1","","","0","0","1","0","0","0","0","","","돈이_학습행동의_동기가_된_경험","퀴즈를 맞춰 돈을 얻을수있다는게 좋음","퀴즈·문제풀이와 금전 보상을 연결지어 긍정적으로 서술 — 보상이 학습 행동의 이유로 제시됨."
"630","398a7778-9a93-448f-9610-66695ba5a7fd","2023-08-08","5","어린 아이들의 경제개념을 차근차근 알아갈수 있을것 같아 좋아요 생활 속에서 자기 관리를 저절로 배울수 있네요 지금도 좋지만 더 많은 상상이상의 업그레이드가 되면 많이 부모와 어린이들이 이용할것 같이아요","2e08150b5f86","23.8.0","5","","","0","0","0","0","0","0","1","","","","어린 아이들의 경제개념을 차근차근 알아갈수 있을것 같아 좋아요 생활 속에서 자기 관리를 저절로 배울수 있네요 지금도 좋지만 더 많은 상상이상의 업그레이드가 되면 …","아이가 경제·금융 지식을 실제로 익혔다는 경험 기반 서술 (핵심 페인포인트에 대한 반증 자료)."
"631","e498eeb4-c455-44e4-9936-bbdad5394016","2023-08-08","5","초등학생4학년3학년 카드로 용돈받으니 너무좋데요 어디썻는지 내역도 다보이고 퀴즈풀면 소소하게 추가용돈도받을수있으니 애들이 열심히 하네요ㅎㅎ 쭉이용할예정!","91f3a9dbfa43","","1","","","0","0","1","0","1","0","0","긍정","","돈이_학습행동의_동기가_된_경험","초등학생4학년3학년 카드로 용돈받으니 너무좋데요 어디썻는지 내역도 다보이고 퀴즈풀면 소소하게 추가용돈도받을수있으니 애들이 열심히 하네요ㅎㅎ 쭉이용할예정!","퀴즈·문제풀이와 금전 보상을 연결지어 긍정적으로 서술 — 보상이 학습 행동의 이유로 제시됨."
"632","c871f721-d524-45b7-961f-88484158c6cc","2023-08-08","5","이 앱을 시용한뒤 정말 용돈을 잘쓰게 되었어요!!","3e38b4f2bd47","23.8.0","0","","","0","0","0","0","0","0","0","","","","","6개 항목 어디에도 해당하지 않음 (기능 요청·오류 신고·단순 만족 표현 등)."
"633","ddf1543e-5c2f-47b5-9b33-ea27923e4164","2023-08-08","4","용돈 사용에 도움이 되네요. 아직 교통카드기능은 쓰지않는데, 아이가 카드사용을 무척 좋아해요. 금융상식 교육도 맘에 들어요","8507eda539ec","23.7.1","2","","","0","0","0","0","0","0","1","","","","용돈 사용에 도움이 되네요. 아직 교통카드기능은 쓰지않는데, 아이가 카드사용을 무척 좋아해요. 금융상식 교육도 맘에 들어요","아이가 경제·금융 지식을 실제로 익혔다는 경험 기반 서술 (핵심 페인포인트에 대한 반증 자료)."
"634","6eb19c41-cf56-4c29-b400-e216399121cd","2023-08-08","5","용돈을 주기적으로 주기편하고 사용도 간편하니 편해요","01f21745af8d","23.8.0","0","","","0","0","0","0","0","0","0","","","","","6개 항목 어디에도 해당하지 않음 (기능 요청·오류 신고·단순 만족 표현 등)."
"635","b739c03b-3f35-4389-ae14-0817e67d1427","2023-08-08","5","아이가 용돈 사용할 때마다 사용처를 알 수 있어 편리합니다. 다만 서점에서 장난감을 사도 학용품으로 분류 되는 건 아쉽네요.","351f20e70ce7","23.8.0","6","","","0","0","0","0","0","0","0","","","","","6개 항목 어디에도 해당하지 않음 (기능 요청·오류 신고·단순 만족 표현 등)."
"636","4fc59ff2-19ad-42e1-8547-c237c1179de9","2023-08-08","5","용돈퀴즈로 추가용돈을얻을수있어좋았고 내가어디에돈을쓰는지알수있어관리하기 편해요","42c8d6790583","23.8.0","1","","","0","0","1","0","0","0","0","","","돈이_학습행동의_동기가_된_경험","용돈퀴즈로 추가용돈을얻을수있어좋았고 내가어디에돈을쓰는지알수있어관리하기 편해요","퀴즈·문제풀이와 금전 보상을 연결지어 긍정적으로 서술 — 보상이 학습 행동의 이유로 제시됨."
"637","617d440c-322d-44bc-8900-b9ac17d4c980","2023-08-08","5","너무 잘 되어있어요!! 하루에 한번씩 하는 퀴즈가 있는데 그거 풀면 다양한 돈의 사용방법,돈을 어떻게 써야하는지등 많은 퀴즈가 있어요!! 이걸로 재 돈 습관을 고쳤습니다.","323b5e9fd877","23.8.0","3","","","0","0","0","0","0","0","1","","","","…게 써야하는지등 많은 퀴즈가 있어요!! 이걸로 재 돈 습관을 고쳤습니다.","아이가 경제·금융 지식을 실제로 익혔다는 경험 기반 서술 (핵심 페인포인트에 대한 반증 자료)."
"638","73f34357-1005-460a-9b28-83d700c9c67d","2023-08-08","3","편리하고 좋습니다. 단 교통카드를 따로 충전하는 부분은 좀불편하네요 이부분은 일반 카드처럼 개선 됬으면 합니다","9e1abfee46ff","23.8.0","7","","","0","0","0","0","0","0","0","","","","","6개 항목 어디에도 해당하지 않음 (기능 요청·오류 신고·단순 만족 표현 등)."
"639","560e5d06-d89f-4be6-9964-5a4df87f3a24","2023-08-08","5","아이들의 용돈관리와 충전된 금액만큼 사용할 수있기때문에 스스로 용돈을 아껴쓸 수있어서 좋은것같아요","6535d94b2095","23.7.1","0","","","0","0","0","0","0","0","0","","","","","6개 항목 어디에도 해당하지 않음 (기능 요청·오류 신고·단순 만족 표현 등)."
"640","f326f00b-7009-4ded-b54b-3582b70fc5f9","2023-08-08","5","저는 1학년 입니다.전에는 용돈을 계속계속 모우기만 해는데 엄마가 깔아준 퍼핀 이라는 앱으로 재민는 퀴즈를 풀면서 용돈을 어떻게 쓰는지 알았습니다.","ba20ce5f7122","23.7.1","1","","","0","0","0","0","1","0","1","긍정","","아이의_학습_지속_흥미_이용의욕","저는 1학년 입니다.전에는 용돈을 계속계속 모우기만 해는데 엄마가 깔아준 퍼핀 이라는 앱으로 재민는 퀴즈를 풀면서 용돈을 어떻게 쓰는지 알았습니다.","아이의 학습(퀴즈·투자체험) 흥미·지속·의욕을 언급 (긍정)."
"641","6c59fab4-6671-4de5-a90a-c4340f41d022","2023-08-08","5","좋다","7bb415675aa5","23.8.0","2","","","0","0","0","0","0","0","0","","","","","6개 항목 어디에도 해당하지 않음 (기능 요청·오류 신고·단순 만족 표현 등)."
"642","93e75848-cc61-434e-bd6d-364ef08302d3","2023-08-08","5","아빠가 해보라고해서 시작했는데 엄청 재미있고 용돈받아 기분좋아요~~ 퀴즈도 재미있고 잼나요","d2776f10e846","23.8.0","0","","","0","0","0","0","1","0","0","긍정","","아이의_학습_지속_흥미_이용의욕","아빠가 해보라고해서 시작했는데 엄청 재미있고 용돈받아 기분좋아요~~ 퀴즈도 재미있고 잼나요","아이의 학습(퀴즈·투자체험) 흥미·지속·의욕을 언급 (긍정)."
"643","3ce5652c-723f-46e0-af76-4955dfd9ba16","2023-08-08","5","아이들 일어나자마자 엄청 열심히하네요 감사합니다 용돈도 받고퀴즈도 풀고 조아요","848b42644212","23.8.0","0","","","0","0","1","0","1","0","0","긍정","","돈이_학습행동의_동기가_된_경험","아이들 일어나자마자 엄청 열심히하네요 감사합니다 용돈도 받고퀴즈도 풀고 조아요","퀴즈·문제풀이와 금전 보상을 연결지어 긍정적으로 서술 — 보상이 학습 행동의 이유로 제시됨."
"644","398830fd-5792-4871-b43b-ac5551040a6f","2023-08-08","5","너무 편리하고 퀴즈 푸는게 재밌어요!","9af1c45197c5","23.8.0","0","","","0","0","0","0","1","0","0","긍정","","아이의_학습_지속_흥미_이용의욕","너무 편리하고 퀴즈 푸는게 재밌어요!","아이의 학습(퀴즈·투자체험) 흥미·지속·의욕을 언급 (긍정)."
"645","c5e199df-bd3f-4359-9822-ba2d2fe0f7cd","2023-08-08","5","어린이한테 쓰기도 좋고 진짜로 쓸수 있어서 좋와여 당장 깔으시고 카드 받으가세용!","85be20630f0f","23.8.0","1","","","0","0","0","0","0","0","0","","","","","6개 항목 어디에도 해당하지 않음 (기능 요청·오류 신고·단순 만족 표현 등)."
"646","76602c6d-91bc-4a56-a578-d9ab7dd60237","2023-08-08","5","👍👍👍👍👍👍👍","a798a32cb298","23.8.0","2","","","0","0","0","0","0","0","0","","","","","6개 항목 어디에도 해당하지 않음 (기능 요청·오류 신고·단순 만족 표현 등)."
"647","4fd2a50b-59f6-4c8b-ab22-bb912e6f9d14","2023-08-08","5","카드 디자인이 이쁘고 용돈이 자동으로 들어오는게 좋아요 엄마 아빠가 깜빡하고 용돈을 안주실때가 있는데 퍼핀 시작하고 나서 용돈이 자동으로 들어오니까 받는날에 정확히 받는게 저는 좋아요 퀴즈도 있어서 제가 천재가 됀것만 같아요 암튼 너무 좋아요👍🏻👍🏻👍🏻👍🏻👍🏻👍🏻👍🏻","b931b8ed94fe","23.8.0","0","","","0","0","0","0","0","0","1","","","","카드 디자인이 이쁘고 용돈이 자동으로 들어오는게 좋아요 엄마 아빠가 깜빡하고 용돈을 안주실때가 있는데 퍼핀 시작하고 나서 용돈이 자동으로 들어오니까 받는날에 정확…","아이가 경제·금융 지식을 실제로 익혔다는 경험 기반 서술 (핵심 페인포인트에 대한 반증 자료)."
"648","a4b2e513-cb49-44fc-91eb-759fa4f0687e","2023-08-08","5","안녕하세요 전 초등학생인데요! 이런 리뷰 잘 안쓰는 성격이지만 퍼핀은 꼭 쓰고싶어서요! 보통 카트였다면 부모님에게 물건을 산 내용이 갈텐데 이건 다르더라고요! 게다가 퍼핀의 색깔은 튀는 색이기에 더욱더 찾기 쉬워요! 이때까지 퍼핀을 쓰면서 한번도 불편한점이 없었어요!","830c5f59af9f","23.8.0","14","","","0","0","0","0","0","0","0","","","","","6개 항목 어디에도 해당하지 않음 (기능 요청·오류 신고·단순 만족 표현 등)."
"649","35fa1316-96f8-464a-8244-e855c4a90b31","2023-08-08","5","정기적으로 보내주는 용돈기능이 너무편리하고 좋네요~~ 학습보상도 있어 아이들이 퍼핀앱을 자주들어가게되니 다른것들도 눌러보며 소비 지출 남은 금액등을 잘 알고 있어요~~ 2주째사용중 만족하고 있습니다","d326a992e8f2","23.8.0","0","","","0","0","1","0","1","0","0","긍정","","돈이_학습행동의_동기가_된_경험","정기적으로 보내주는 용돈기능이 너무편리하고 좋네요~~ 학습보상도 있어 아이들이 퍼핀앱을 자주들어가게되니 다른것들도 눌러보며 소비 지출 남은 금액등을 잘 알고 있어…","퀴즈·문제풀이와 금전 보상을 연결지어 긍정적으로 서술 — 보상이 학습 행동의 이유로 제시됨."
"650","03abcade-d676-4fcb-a323-6abea626da1a","2023-08-08","5","초등아이 용돈앱으로 퍼핀쓰는데 너무좋아요 학습보상도있어서 매일문제풀며 용돈모으고있어요 ㅋㅋ 교통카드도 되고 너무좋습니다","9f6d38adc7ff","23.8.0","0","","","0","0","1","0","1","0","0","긍정","","돈이_학습행동의_동기가_된_경험","초등아이 용돈앱으로 퍼핀쓰는데 너무좋아요 학습보상도있어서 매일문제풀며 용돈모으고있어요 ㅋㅋ 교통카드도 되고 너무좋습니다","퀴즈·문제풀이와 금전 보상을 연결지어 긍정적으로 서술 — 보상이 학습 행동의 이유로 제시됨."
"651","cb5d1ed5-a35f-4ceb-aa58-7d85bb864f6d","2023-08-08","5","이 앱 너무 좋습니다 왜냐하면 매일 돈을 벌수있고 어디든지 쓸슈있기 때문입니다","220eb7a0ddf8","23.8.0","1","","","0","0","0","0","0","0","0","","","","","6개 항목 어디에도 해당하지 않음 (기능 요청·오류 신고·단순 만족 표현 등)."
"652","e401f7c7-c065-4319-84a0-8236005b8499","2023-08-08","5","용돈관리도 사용도 더 편리해졌습니다~","3871a48fde22","23.8.0","0","","","0","0","0","0","0","0","0","","","","","6개 항목 어디에도 해당하지 않음 (기능 요청·오류 신고·단순 만족 표현 등)."
"653","ab7946c0-7399-41ec-a295-a773b3ecc103","2023-08-08","5","아이에게 매주 용돈을 자동설정하니 편하고 좋네요^^ 금융퀴즈도 재미있어하고~ 일단 계속 사용해보고 다시 남길께요^^","09c0d073143a","23.7.1","1","","","0","0","0","0","1","0","0","긍정","","아이의_학습_지속_흥미_이용의욕","아이에게 매주 용돈을 자동설정하니 편하고 좋네요^^ 금융퀴즈도 재미있어하고~ 일단 계속 사용해보고 다시 남길께요^^","아이의 학습(퀴즈·투자체험) 흥미·지속·의욕을 언급 (긍정)."
"654","dee3c0d7-fbbc-4984-ad52-849a4888204d","2023-08-07","5","아이가 너무좋아해요^^퀴즈풀기해서 스스로 용돈벌고있어요!!","cf21fe2a1dab","23.7.1","0","","","0","0","1","0","1","0","0","긍정","","돈이_학습행동의_동기가_된_경험","아이가 너무좋아해요^^퀴즈풀기해서 스스로 용돈벌고있어요!!","퀴즈·문제풀이와 금전 보상을 연결지어 긍정적으로 서술 — 보상이 학습 행동의 이유로 제시됨."
"655","43044206-fffc-43aa-8a17-576e132d06ec","2023-08-07","5","자녀에게 경제관념을 알려주며 용돈관리하기 편하네요","9843e62bef47","23.8.0","1","","","0","0","0","0","0","0","1","","","","자녀에게 경제관념을 알려주며 용돈관리하기 편하네요","아이가 경제·금융 지식을 실제로 익혔다는 경험 기반 서술 (핵심 페인포인트에 대한 반증 자료)."
"656","bb105a05-013d-47e9-80a7-38412284efd4","2023-08-07","4","용돈을 현금으로 주고 용돈기입장을 작성하게 하려고 하였으나 제대로 되지 않아 고민이 많았는데 퍼핀카드를 사용후 해결되었습니다. 카드사용시 앱에 간단메모남길수 있고 바로 사진 찍어 기록을 남길수 있어서 좋은것 같습니다. 카드사용도 일반적인 모든곳에서 사용 가능하고 정기용돈 지급 후 지출,수입을 한 눈에 볼 수 있어 좋습니다. 다만 교통카드 충전은 별도로 해야 하는것만 불편하네요. 앱에 기능을 추가해주셨으면 좋겠습니다.","5b21069f6075","23.8.0","269","","","0","0","0","0","0","0","0","","","","","6개 항목 어디에도 해당하지 않음 (기능 요청·오류 신고·단순 만족 표현 등)."
"657","b27c82a7-4616-47f6-879e-9cedf33687fc","2023-08-07","5","와.. 이거 정말 괜찮은거 같아요...아직까지는 너무 마음에 듭니다..ㅎㅎ퀴즈를 통한 경제상식까지...좋아요^^ 그리고 용돈 모으는 재미를 알아서...소비를 할때 굉장히 신중하게 행동을하네요..ㅎㅎ 한가지 제안을 드리면....부모를 제외한 친인척이 용돈을 줄수 있는 방법이 있으면 좋겠습니다~","bcce7751e117","23.8.0","13","안녕하세요 회원님^^ 여전히 퍼핀 앱 잘 사용해주고 계시지요~? 이미 아실 수도 있지만 퍼핀에도 가상계좌 번호가 생겨 친인척에게 용돈을 받을 수 있는 방법이 생겼습니다 :) 더욱 잘 활용해주시길 바라는 마음에 오래된 리뷰이지만 댓글을 남겨봅니다! 감사합니다.","2024-10-21","0","0","0","0","0","0","1","","","","…...아직까지는 너무 마음에 듭니다..ㅎㅎ퀴즈를 통한 경제상식까지...좋아요^^ 그리고 용돈 모으는 재미를 알아서...소비를 할때 굉장히 신중하게 행동을하네요..…","아이가 경제·금융 지식을 실제로 익혔다는 경험 기반 서술 (핵심 페인포인트에 대한 반증 자료)."
"658","611b5d35-bcbb-4769-9521-a9ea94a3818b","2023-08-07","5","너무 잘 쓰고 있어요 ㅎㅎ","2a0a01119d52","23.7.1","1","","","0","0","0","0","0","0","0","","","","","6개 항목 어디에도 해당하지 않음 (기능 요청·오류 신고·단순 만족 표현 등)."
"659","192fef37-ea12-4937-aa13-b161b298c4a5","2023-08-07","5","아이들 용돈카드로 쓰고있는데 잘쓰고 있 습니다~어디서 사용하는지도 나오고 필요할때 그때그때 넣어줄수도 있어서 너무 편하고 좋아요^^","f789b3c5e4c6","23.7.1","2","","","0","0","0","0","0","0","0","","","","","6개 항목 어디에도 해당하지 않음 (기능 요청·오류 신고·단순 만족 표현 등)."
"660","769e5b04-d180-4618-bc6c-168c44ceff10","2023-08-07","5","7월 말부터 사용하기 시작했네요. 기본용돈 최소로 잡고~ 집안일 용돈목록 매주 확인해서 초과되는 용돈과 경제지식 퀴즈 풀면서 추가로 용돈을 주고 있어요. 아이가 체계적으로 돈을 관리하고 모으는 재미를 배우는것 같아 큰 만족입니다. 타 은행 앱들처럼 간편인증 로긴 요청 희망합니다~","ecaf6a71e904","","3","","","0","0","1","0","0","0","1","","","돈이_학습행동의_동기가_된_경험","…안일 용돈목록 매주 확인해서 초과되는 용돈과 경제지식 퀴즈 풀면서 추가로 용돈을 주고 있어요. 아이가 체계적으로 돈을 관리하고 모으는 재미를 배우는것 같아 큰 만…","퀴즈·문제풀이와 금전 보상을 연결지어 긍정적으로 서술 — 보상이 학습 행동의 이유로 제시됨."
"661","a3e7bc24-945e-4c3e-b6b8-26eb67248035","2023-08-07","5","고학년이되면서 용돈관리 스스로할수있게 퍼핀을 쓰고있습니다! 처음엔 용돈이 부족하다고 했지만 퀴즈맞추면서 보너스?도 벌어서 쓰니 좋은것같아요^^","3b2b43bc1468","","3","","","0","0","1","0","0","0","0","","","돈이_학습행동의_동기가_된_경험","고학년이되면서 용돈관리 스스로할수있게 퍼핀을 쓰고있습니다! 처음엔 용돈이 부족하다고 했지만 퀴즈맞추면서 보너스?도 벌어서 쓰니 좋은것같아요^^","퀴즈·문제풀이와 금전 보상을 연결지어 긍정적으로 서술 — 보상이 학습 행동의 이유로 제시됨."
"662","5c7f24ec-ad23-4f1e-9a3b-93b80afde365","2023-08-07","5","아이 용돈카드를 만들어 주려고 검색하다 알게되었는데요 카드 디자인도 예쁘고 어플에 퀴즈 맞춰서 보상금도 받고 아이가 퀴즈 풀어서 용돈 얼만큼 더 받았다며 뿌듯해 하고 하는모습이 재밌네요~ 쓴 내역에 사진찍어서 올리는 기능이 생겼다고해서 이번부터 한번 시켜봐야꺼같아요 ㅋ","d6a90021093a","23.8.0","8","","","0","0","1","0","1","0","0","긍정","","돈이_학습행동의_동기가_된_경험","… 검색하다 알게되었는데요 카드 디자인도 예쁘고 어플에 퀴즈 맞춰서 보상금도 받고 아이가 퀴즈 풀어서 용돈 얼만큼 더 받았다며 뿌듯해 하고 하는모습이 재밌네요~ 쓴…","퀴즈·문제풀이와 금전 보상을 연결지어 긍정적으로 서술 — 보상이 학습 행동의 이유로 제시됨."
"663","12312cae-2ab5-4a62-9f8f-86f3bdac820e","2023-08-07","5","아이들이 자기만에 지불수단을 가졌다는것을 너무 좋아하고 용돈을 얻기위해 말을 잘 듣네요","c023472e7642","23.8.0","1","","","0","0","0","0","0","0","0","","","","","6개 항목 어디에도 해당하지 않음 (기능 요청·오류 신고·단순 만족 표현 등)."
"664","c3564838-cfe2-4fb2-a92f-89b4462f48ec","2023-08-06","5","퍼핀을 쓰면 돈을 얼마나 썼는지 알 수 있어서 너무 편해요!^^","4d7fcf7837fa","","2","","","0","0","0","0","0","0","0","","","","","6개 항목 어디에도 해당하지 않음 (기능 요청·오류 신고·단순 만족 표현 등)."
"665","00a6baf9-3839-4b9c-9001-1bddc7242348","2023-08-04","5","설명하는 글이 아주 자세하게 적혀저 있고 우리 아이들이 쉽고 간편하게 쓰기에 정말 좋아요👍","7632b05eb011","23.7.1","3","","","0","0","0","0","0","0","0","","","","","6개 항목 어디에도 해당하지 않음 (기능 요청·오류 신고·단순 만족 표현 등)."
"666","45eda050-e0ea-483a-bb33-bcf7f78c1225","2023-08-04","5","아이가 초등학교 입학하니 본인이 직접 소비 활동을 해보고 싶어해서 용돈을 주기 시작했는데요, 현금으로 주니 간수가 어렵고 어디에 얼마를 썼는지 정확히 파악이 안되는 점이 불편했어요. 카드를 주자니 분실, 개인정보 유출이 걱정되서 고민하던 차에 퍼핀을 알게 되었습니다. 일단 부모 계정을 모두 연결하니 사용할 때마다 사용처와 금액 알림이 엄마 아빠에게 모두 날라와서 좋았고, 사용 내역을 보면서 아이랑 같이 이야기 나눌 수 있는 것도 좋았어요! 경제학습 퀴즈 푸는 것도 아이가 재미있어 해서 매일...돈을 뜯기고 있지만..경제관념이 조금씩 생기는 것 같아서 나중이 더 기대되고 있어요! 디자인도 좋고 서비스도 편하고 다 좋습니다! 다만 아이가 퀴즈를 풀면 틀리는 문제도 있는데 부모가 확인할 수 있도록 해주시면 좋을 거 같아요. 뭘 틀렸는지도 궁금하고, 아이가 질문을 할 떄가 있는데 뭘 보고 질문하는 건지 알 수가 없어서 아쉽더라고요!","2bb6898df885","23.7.1","18","안녕하세요 회원님^^ 여전히 퍼핀 앱 잘 사용해주고 계시지요? 아이가 푼 퀴즈의 내용을 부모님의 앱 > 교육 메뉴에서도 확인하실 수 있도록 업데이트 되었는데 혹시라도 모르실까봐 알려드립니다 :) 감사합니다!","2024-10-21","0","1","0","1","1","1","1","긍정","직접","부모_체계적_금융학습_확인_부족","아이가 퀴즈를 풀면 틀리는 문제도 있는데 부모가 확인할 수 있도록 해주시면 좋을 거 같아요. 뭘 틀렸는지도 궁금하고, 아이가 질문을 할 떄가 있는데 뭘 보고 질문하는 건지 알 수가 없어서 아쉽더라고요 / 매일...돈을 뜯기고 있지만..","부모가 아이의 오답·학습 내용을 확인할 수 없음(P2) + 매일 보상 지급에 대한 부담 표현(B·D)이 한 리뷰에 공존."
"667","06786115-7a64-4da2-9551-97dba1a53c78","2023-07-31","5","좋아여","96b5e459629f","23.7.1","3","","","0","0","0","0","0","0","0","","","","","6개 항목 어디에도 해당하지 않음 (기능 요청·오류 신고·단순 만족 표현 등)."
"668","1c8e224a-1cb6-4403-ad48-0ba773604b07","2023-07-27","5","완벽하다","f060d38aa694","23.7.0","3","","","0","0","0","0","0","0","0","","","","","6개 항목 어디에도 해당하지 않음 (기능 요청·오류 신고·단순 만족 표현 등)."
"669","6454ef48-3e0e-4d24-b4e9-a613fda80b10","2023-07-23","5","lgu+알뜰폰 인증이 안되요!!?","741a8c971fd5","23.7.0","1","모든 통신사의 인증은 가능합니다. 다만 본인 명의의 번호가 아닌 경우, 또는 인증 요청 정보와 통신사 정보가 불일치하는 경우 인증이 되지 않습니다. 자세한 문의는 앱 내의 고객센터를 통해 문의주시면 더욱 자세한 답변과 도움 드릴 수 있도록 하겠습니다. 감사합니다.","2023-07-24","0","0","0","0","0","0","0","","","","","6개 항목 어디에도 해당하지 않음 (기능 요청·오류 신고·단순 만족 표현 등)."
"670","37ac9be5-1085-4679-8930-f57b6b34694a","2023-07-23","4","교통카드 등록이 안되는데 왜 안되는걸까요? 카트결제는 되는데 교통카드등록하려고하면 없는카드라고 뜨네요. 방법알려주세요 다른부분들은 너무 편하게 잘 사용하고 있습니다.","3b445ff89ebb","23.7.0","3","카드 뒷면에 있는 번호 중 아래 2로 시작하는 번호가 교통카드 번호입니다. 9로 시작하는 카드번호를 입력하면 없는 카드로 뜨니 교통카드 번호를 입력해주시길 바랍니다! 더욱 상세한 도움은 퍼핀 앱>설정>고객센터를 통해 언제든 실시간으로 도와드리고 있으니 문의주세요^^ 감사합니다!","2023-07-24","0","0","0","0","0","0","0","","","","","6개 항목 어디에도 해당하지 않음 (기능 요청·오류 신고·단순 만족 표현 등)."
"671","94834920-b58d-4cb3-b794-85414bb4749d","2023-07-15","5","돈을 어떡해 쓰는지 다 보이고 절약하는 습관을 길러서 좋다","40927b929a7b","23.7.0","1","","","0","0","0","0","0","0","1","","","","돈을 어떡해 쓰는지 다 보이고 절약하는 습관을 길러서 좋다","아이가 경제·금융 지식을 실제로 익혔다는 경험 기반 서술 (핵심 페인포인트에 대한 반증 자료)."
"672","7776dbf3-8cca-4e2a-87b6-7793b6dc6543","2023-07-15","5","너무 좋아요!","8277c45104c1","23.7.0","2","","","0","0","0","0","0","0","0","","","","","6개 항목 어디에도 해당하지 않음 (기능 요청·오류 신고·단순 만족 표현 등)."
"673","b9c135ba-69d3-4407-902f-75d0dca638ad","2023-07-15","5","완전 강추!! 어린나이에 카드를 가질수있다는게 너모조아요","65d328e5238f","23.7.0","2","","","0","0","0","0","0","0","0","","","","","6개 항목 어디에도 해당하지 않음 (기능 요청·오류 신고·단순 만족 표현 등)."
"674","3cbbf930-44dc-4ca7-a216-cf97f4132d7d","2023-07-15","5","용돈을 받을수 있어서 좋고 카드가 신용카드랑 다를게 없어서 좋다","53534cb6b0fa","23.7.0","2","","","0","0","0","0","0","0","0","","","","","6개 항목 어디에도 해당하지 않음 (기능 요청·오류 신고·단순 만족 표현 등)."
"675","e546b831-7e08-4835-954d-faf48cbca3c6","2023-07-15","5","매일매일 퀴즈풀면 용돈 받는데 엄청 재밌어요!","aef31d17b8ba","23.7.0","2","","","0","0","1","0","1","0","0","긍정","","돈이_학습행동의_동기가_된_경험","매일매일 퀴즈풀면 용돈 받는데 엄청 재밌어요!","퀴즈·문제풀이와 금전 보상을 연결지어 긍정적으로 서술 — 보상이 학습 행동의 이유로 제시됨."
"676","f7165693-d92b-4b50-8f4f-447e87bacd15","2023-07-15","5","너무 좋아요","fa83c1061a84","","2","","","0","0","0","0","0","0","0","","","","","6개 항목 어디에도 해당하지 않음 (기능 요청·오류 신고·단순 만족 표현 등)."
"677","8f2c4fea-6571-4c42-b315-686755d4822a","2023-07-15","5","굿","ee4eec081e12","23.7.0","3","","","0","0","0","0","0","0","0","","","","","6개 항목 어디에도 해당하지 않음 (기능 요청·오류 신고·단순 만족 표현 등)."
"678","846cf61c-3775-4334-96ea-b9ba392eb1aa","2023-07-15","5","퀴즈를하며 용돈도 얻고, 교통카드도 가능해서좋고, 또 퀴즈푸는것도 재밌고 경제 지식도 쌓을수 있어 좋은거같아요! ♡♡ 그리구 카드 디자인도 괜찮아서 스티커로 꾸밀수도 있어서 좋았어요.","30065887c100","23.7.0","8","","","0","0","1","0","1","0","1","긍정","","돈이_학습행동의_동기가_된_경험","퀴즈를하며 용돈도 얻고, 교통카드도 가능해서좋고, 또 퀴즈푸는것도 재밌고 경제 지식도 쌓을수 있어 좋은거같아요! ♡♡ 그리구 카드 디자인도 괜찮아서 스티커로 꾸밀…","퀴즈·문제풀이와 금전 보상을 연결지어 긍정적으로 서술 — 보상이 학습 행동의 이유로 제시됨."
"679","f6ffbfd3-8c79-41b1-b42d-32a11ec683dc","2023-07-15","5","원래 엄마 카드를 받아서 써서 돈을 막 쓰는 경향이 있었는데 이 어플 사용하고 나서 경제관념도 잘 잡히고 돈 막 쓰는 습관도 고치고 돈도 절약할 수 있게 됐어요!! 완전 좋은 앱..❤️","08e8d86e6b07","23.7.0","6","","","0","0","0","0","0","0","1","","","","…돈을 막 쓰는 경향이 있었는데 이 어플 사용하고 나서 경제관념도 잘 잡히고 돈 막 쓰는 습관도 고치고 돈도 절약할 수 있게 됐어요!! 완전 좋은 앱..❤️","아이가 경제·금융 지식을 실제로 익혔다는 경험 기반 서술 (핵심 페인포인트에 대한 반증 자료)."
"680","a916c377-7e07-417a-b4d0-20c415dfa72a","2023-07-14","5","용돈이 얼마가 나가는지 실시간 확인이 되니깐 돈을 아낄수 있게되어서 좋은겄 같다","0a56329795e3","23.7.0","1","","","0","0","0","0","0","0","1","","","","용돈이 얼마가 나가는지 실시간 확인이 되니깐 돈을 아낄수 있게되어서 좋은겄 같다","아이가 경제·금융 지식을 실제로 익혔다는 경험 기반 서술 (핵심 페인포인트에 대한 반증 자료)."
"681","a8d3c075-3120-4f44-9e72-5b2d8c45fdca","2023-07-14","5","매일 푸는 퀴즈도 재미있고 풀면 용돈을 주는게 보람차고 좋습니다","5041eac2e4e2","23.7.0","1","","","0","0","1","0","1","0","0","긍정","","돈이_학습행동의_동기가_된_경험","매일 푸는 퀴즈도 재미있고 풀면 용돈을 주는게 보람차고 좋습니다","퀴즈·문제풀이와 금전 보상을 연결지어 긍정적으로 서술 — 보상이 학습 행동의 이유로 제시됨."
"682","f6605d43-da28-4bc5-8678-d07fb341886e","2023-07-14","5","추천받아서 초6딸이랑 사용 중인데 아주 간편하고 한눈에 보기쉽고 조작도 간편하여 좋습니다~!!","ffdf2e2ddacf","23.7.0","3","","","0","0","0","0","0","0","0","","","","","6개 항목 어디에도 해당하지 않음 (기능 요청·오류 신고·단순 만족 표현 등)."
"683","81c9b1d4-5e06-4262-8eac-db9423a2fbab","2023-07-14","5","아빠한테 카드를 옛날에 받았었는데 그카드말고 나한테 결제내역,남은돈 등이 나오면 좋겠어서 찾아보다가 퍼핀을 시작했는데 하면 돈 주는것도 좋고 재밌어요,저는 단점은 없다고 생각합니다!!그리고 카드도 디자인이 심플(?)한게 예뻐요. 펀핀 앞으로도 잘 쓸게요😀","3a5f94aaa605","23.7.0","10","","","0","0","1","0","1","0","0","긍정","","돈이_학습행동의_동기가_된_경험","아빠한테 카드를 옛날에 받았었는데 그카드말고 나한테 결제내역,남은돈 등이 나오면 좋겠어서 찾아보다가 퍼핀을 시작했는데 하면 돈 주는것도 좋고 재밌어요,저는 단점은…","퀴즈·문제풀이와 금전 보상을 연결지어 긍정적으로 서술 — 보상이 학습 행동의 이유로 제시됨."
"684","7db8d7b8-4e6e-4837-ae0e-93953eb1dc8d","2023-07-14","5","엄청좋고카드결제도잘되고좋아요","e17804608bbe","23.7.0","2","","","0","0","0","0","0","0","0","","","","","6개 항목 어디에도 해당하지 않음 (기능 요청·오류 신고·단순 만족 표현 등)."
"685","ddacd8eb-1c87-4645-99c0-1984466c3ea4","2023-07-14","5","정말 좋은 퍼핀 앱이에여! 토스보다 엄청좋구여 진짜 열심히 모으고있는 중입니당","9de7bb835b45","23.7.0","1","","","0","0","0","0","0","0","0","","","","","6개 항목 어디에도 해당하지 않음 (기능 요청·오류 신고·단순 만족 표현 등)."
"686","7b4676ca-1b2b-49c3-aa9f-bb4b20c26c92","2023-07-14","5","진짜 이거는 꼭 앱을 사용해 보셔야해요","611e5aaa81ae","23.7.0","1","","","0","0","0","0","0","0","0","","","","","6개 항목 어디에도 해당하지 않음 (기능 요청·오류 신고·단순 만족 표현 등)."
"687","f7a12e83-e5de-4ad5-87ee-0d411c9774b5","2023-07-14","5","정말좋아요","fac355890c58","23.7.0","1","","","0","0","0","0","0","0","0","","","","","6개 항목 어디에도 해당하지 않음 (기능 요청·오류 신고·단순 만족 표현 등)."
"688","5b3f084a-1bab-43d7-8167-f3ec1a7f528c","2023-07-14","5","쓰고나니 돈에 대한 지식이 쏙쏙 들어오는것 같아 좋고 보안도 좋고 여러가지 좋아서 행복했던것 같습니다. 이름: 임승우","a73a1383ed2d","23.7.0","0","","","0","0","0","0","0","0","1","","","","쓰고나니 돈에 대한 지식이 쏙쏙 들어오는것 같아 좋고 보안도 좋고 여러가지 좋아서 행복했던것 같습니다. 이름: 임승우","아이가 경제·금융 지식을 실제로 익혔다는 경험 기반 서술 (핵심 페인포인트에 대한 반증 자료)."
"689","4ce1e0a2-4ccb-43cd-af9c-786e497e7143","2023-07-14","5","옹돈을 벌 수 있어서 좋습니다","931b4d4568fe","23.7.0","1","","","0","0","0","0","0","0","0","","","","","6개 항목 어디에도 해당하지 않음 (기능 요청·오류 신고·단순 만족 표현 등)."
"690","8c035d86-4270-4f9f-804b-263afbf62e65","2023-07-14","5","완전좋아요 ♡","1dbf8640eaa8","23.7.0","1","","","0","0","0","0","0","0","0","","","","","6개 항목 어디에도 해당하지 않음 (기능 요청·오류 신고·단순 만족 표현 등)."
"691","bfe28b1f-62e6-4122-a9dd-57acd5ca3ce0","2023-07-14","5","용돈을 쉽고 간단하게 얻을 수 있어서 너무 좋아요! 이름이 적혀있는 카드여서 편하게 사용하고 있습니다","17363ada90be","23.7.0","0","","","0","0","0","0","0","0","0","","","","","6개 항목 어디에도 해당하지 않음 (기능 요청·오류 신고·단순 만족 표현 등)."
"692","50dbe803-623e-4dc1-bd20-10e87a9f9541","2023-07-14","5","용돈을 매일 주기적으로 받으니까 용돈이 줄어들지 않아서 좋아여","de0b3d35b0df","23.7.0","1","","","0","0","0","0","0","0","0","","","","","6개 항목 어디에도 해당하지 않음 (기능 요청·오류 신고·단순 만족 표현 등)."
"693","23a08b00-90a5-413e-9ae2-7fbe7155c620","2023-07-14","5","아주 좋아요~♡","d9396461bce3","23.7.0","1","","","0","0","0","0","0","0","0","","","","","6개 항목 어디에도 해당하지 않음 (기능 요청·오류 신고·단순 만족 표현 등)."
"694","cee73b6a-d30c-4581-943f-45d88b1a08af","2023-07-14","5","굳","c16216d78f3b","23.7.0","3","","","0","0","0","0","0","0","0","","","","","6개 항목 어디에도 해당하지 않음 (기능 요청·오류 신고·단순 만족 표현 등)."
"695","31abeb12-ce12-424b-b03d-ff29ab7de3c0","2023-07-14","5","와 퍼핀 진짜좋음 무조건5네요 매일매일 용돈,경제,지출등등에 퀴즈를하나맞출때마다 100원줍니다 퀴즈가 하루에5갠데 별로어렵진않아서 그리고 틀리면 50원 근데 부모님통장으로 나가더라고요 그리고 평균용돈정보까지줘요 그래서 내가 용돈이 적은지 많은지도알수있고 보통 분실돼면 제가잘못한거니 저한테 책임지라고하는데 분실신고도 아주잘돼고 돈도 그대로줘요 진짜 개꿀앱 이벤트도많아요","12a7b43f7b52","23.7.0","1","","","0","0","1","0","0","0","0","","","돈이_학습행동의_동기가_된_경험","… 진짜좋음 무조건5네요 매일매일 용돈,경제,지출등등에 퀴즈를하나맞출때마다 100원줍니다 퀴즈가 하루에5갠데 별로어렵진않아서 그리고 틀리면 50원 근데 부모님통장으…","퀴즈·문제풀이와 금전 보상을 연결지어 긍정적으로 서술 — 보상이 학습 행동의 이유로 제시됨."
"696","777387d8-0596-492c-ada6-6db0da5874f2","2023-07-14","5","완전 좋아요! 단점 하나 없고, 카드도 편의점이나 마트 에서 쓸 수 있는것도 좋고 무엇보다 퀘스트 하고 용돈받 는 게 재밌어요!!","8a25b7864d2a","23.7.0","2","","","0","0","1","0","1","0","0","긍정","","돈이_학습행동의_동기가_된_경험","완전 좋아요! 단점 하나 없고, 카드도 편의점이나 마트 에서 쓸 수 있는것도 좋고 무엇보다 퀘스트 하고 용돈받 는 게 재밌어요!!","퀴즈·문제풀이와 금전 보상을 연결지어 긍정적으로 서술 — 보상이 학습 행동의 이유로 제시됨."
"697","6164799f-61f3-4b53-8fb0-0c4974363e3c","2023-07-13","1","오래된 폴더에는 앱이 안떠요","4f197b6920fd","23.7.0","11","","","0","0","0","0","0","0","0","","","","","6개 항목 어디에도 해당하지 않음 (기능 요청·오류 신고·단순 만족 표현 등)."
"698","e10c778f-9d11-4be0-b23f-757e59dc333d","2023-07-05","3","외국인이 안되서 너무 아쉬운데 이것도 개선하시면 대박나실뜻","d79a820a46b8","","1","안녕하세요 회원님^^ 이제 외국인도 퍼핀을 이용하실 수 있도록 기능이 모두 개선되었습니다! 다시 찾아주시면 매우 감사하겠습니다 :)","2024-06-13","0","0","0","0","0","0","0","","","","","6개 항목 어디에도 해당하지 않음 (기능 요청·오류 신고·단순 만족 표현 등)."
"699","8f25b5d4-a1aa-4f1c-85e7-0ba145f0db86","2023-07-02","5","너무카드가예쁜다오늘500원보고하는게재밌어요","f71161254c09","23.6.1","1","","","0","0","1","0","1","0","0","긍정","","돈이_학습행동의_동기가_된_경험","너무카드가예쁜다오늘500원보고하는게재밌어요","퀴즈·문제풀이와 금전 보상을 연결지어 긍정적으로 서술 — 보상이 학습 행동의 이유로 제시됨."
"700","6f9e241e-552f-4dc8-b49f-9743a25b6a5b","2023-07-01","5","다 좋지만 계좌 송금 기능이 나왔으면 좋겠어요ㅠ","5c0dda260045","23.6.1","0","","","0","0","0","0","0","0","0","","","","","6개 항목 어디에도 해당하지 않음 (기능 요청·오류 신고·단순 만족 표현 등)."
"701","9c49f84e-4bfc-4c38-b2fb-e6545d559489","2023-07-01","5","아이 금융습관도 생기고 좋은것같아요 다만 카드디자인을 선택할수있게 다양해졌으면 좋겠습니다^^","b44815c910b8","23.6.1","1","","","0","0","0","0","0","0","1","","","","아이 금융습관도 생기고 좋은것같아요 다만 카드디자인을 선택할수있게 다양해졌으면 좋겠습니다^^","아이가 경제·금융 지식을 실제로 익혔다는 경험 기반 서술 (핵심 페인포인트에 대한 반증 자료)."
"702","fb42ab5b-96c6-4978-82c9-fc9af3b8bc9f","2023-07-01","1","카드받고 뭔가 하려하면 자꾸오류가 뜹니다. 개선해주세요","49b5f17a8c8b","23.6.1","12","우선 이용에 불편을 드려 매우 죄송합니다. 오늘 오전 약 1시간 동안 동시 접속자 폭주로 인해 통신 지연 문제가 지속되었습니다. 11시 10분에 정상화 되어 현재는 원활한 이용이 가능하십니다. 다시 한 번 이용에 불편을 드려 죄송하며 기다려주셔서 감사드립니다. 더욱 안정적인 서비스가 될 수 있도록 최선을 다하여 개선하도록 하겠습니다!!","2023-07-01","0","0","0","0","0","0","0","","","","","6개 항목 어디에도 해당하지 않음 (기능 요청·오류 신고·단순 만족 표현 등)."
"703","459a7dd1-b9bf-4d4b-8376-293f6a366d42","2023-07-01","2","사용못하는곳들이 너무 많아 지웠는데 .. 로그인하려니 이제 그것마저도 오류만 나네요","955b6255d72b","23.6.1","12","우선 이용에 불편을 드려 매우 죄송합니다. 오늘 오전 약 1시간 동안 동시 접속자 폭주로 인해 통신 지연 문제가 지속되었습니다. 11시 10분에 정상화 되어 현재는 원활한 이용이 가능하십니다. 다시 한 번 이용에 불편을 드려 죄송하며 기다려주셔서 감사드립니다. 더욱 안정적인 서비스가 될 수 있도록 최선을 다하여 개선하도록 하겠습니다!! 그런데 결제 불가에 부분은 고객센터 문의를 통해 확인 부탁 드려봅니다.","2023-07-01","0","0","0","0","0","0","0","","","","","6개 항목 어디에도 해당하지 않음 (기능 요청·오류 신고·단순 만족 표현 등)."
"704","c0eee667-e9ea-4d31-9d5b-3071496e0bb5","2023-07-01","3","갑자기 연결도 안된 계좌에서 용돈으로 빠져나가고 로긴해도 에러나고 앱지우고 새로 깔았는데 계속 에러나서 여기다 글남깁니다","137e921b0f78","23.6.1","1","우선 이용에 불편을 드려 매우 죄송합니다. 오늘 오전 약 1시간 동안 동시 접속자 폭주로 인해 통신 지연 문제가 지속되었습니다. 11시 10분에 정상화 되어 현재는 원활한 이용이 가능하십니다. 다시 한 번 이용에 불편을 드려 죄송하며 기다려주셔서 감사드립니다. 더욱 안정적인 서비스가 될 수 있도록 최선을 다하여 개선하도록 하겠습니다!!","2023-07-01","0","0","0","0","0","0","0","","","","","6개 항목 어디에도 해당하지 않음 (기능 요청·오류 신고·단순 만족 표현 등)."
"705","5ea8dc50-6876-4bd2-a33d-3932068ca283","2023-07-01","4","처음에는 유용하게 잘 쓰고 있는데 요즘 들어 자꾸 어플에 오류가 나고 빈 바탕 화면에 멈추고 넘어가질 않는 경우가 많습니다. 정작 급하게 사용할 때 버벅거리면 안 되지 않을까요? 고객센터 번호 마저 보이지 않아 여기에 글 남깁니다.","91dedf934364","23.6.1","2","우선 이용에 불편을 드려 매우 죄송합니다. 오늘 오전 약 1시간 동안 동시 접속자 폭주로 인해 통신 지연 문제가 지속되었습니다. 11시 10분에 정상화 되어 현재는 원활한 이용이 가능하십니다. 다시 한 번 이용에 불편을 드려 죄송하며 기다려주셔서 감사드립니다. 더욱 안정적인 서비스가 될 수 있도록 최선을 다하여 개선하도록 하겠습니다!! 앱 접속이 혹시라도 안되시는 경우 https://www.firfin.family/help 에서도 1:1 문의를 해주실 수 있으니 참고 부탁드립니다^^","2023-07-01","0","0","0","0","0","0","0","","","","","6개 항목 어디에도 해당하지 않음 (기능 요청·오류 신고·단순 만족 표현 등)."
"706","1c395a92-8eec-473c-a462-938a49226548","2023-07-01","1","짜증나게 오류가 너무 심함","4355e44019d1","23.6.1","15","우선 이용에 불편을 드려 매우 죄송합니다. 오늘 오전 약 1시간 동안 동시 접속자 폭주로 인해 통신 지연 문제가 지속되었습니다. 11시 10분에 정상화 되어 현재는 원활한 이용이 가능하십니다. 다시 한 번 이용에 불편을 드려 죄송하며 기다려주셔서 감사드립니다. 더욱 안정적인 서비스가 될 수 있도록 최선을 다하여 개선하도록 하겠습니다!!","2023-07-01","0","0","0","0","0","0","0","","","","","6개 항목 어디에도 해당하지 않음 (기능 요청·오류 신고·단순 만족 표현 등)."
"707","e1d8c6cf-7342-4671-bf6f-938560e90343","2023-06-27","4","계좌연결 하려고 하는데 우리은행이 없네요? 우리은행은 연결이 안되는건가요??","d2f4b2400481","23.6.1","0","안녕하세요 회원님, 우리은행 연결 가능합니다^^ 은행 연결 없이도 가상계좌 입금을 통해 충전도 자유롭게 가능하오니 최신 앱을 다운받아 이용해보시길 바랍니다! 꼭 다시 찾아주세요 :) 감사합니다.","2024-06-18","0","0","0","0","0","0","0","","","","","6개 항목 어디에도 해당하지 않음 (기능 요청·오류 신고·단순 만족 표현 등)."
"708","dbfdc14f-50bb-4fe2-9440-ab4d11eab68e","2023-06-23","4","좋지만 다크모드를 만들어주시면 돼겠습니다.","0c82d84a5463","","0","","","0","0","0","0","0","0","0","","","","","6개 항목 어디에도 해당하지 않음 (기능 요청·오류 신고·단순 만족 표현 등)."
"709","57e9bd44-23fc-488b-b759-6920554f4ccd","2023-06-22","5","편리하네요. 용돈 현금으로 챙겨주기 은근히 신경쓰였는데 너무 좋습니다.","243a37a7da5d","23.6.1","0","","","0","0","0","0","0","0","0","","","","","6개 항목 어디에도 해당하지 않음 (기능 요청·오류 신고·단순 만족 표현 등)."
"710","52be0dcb-fe6f-4048-8f6b-13e88ca70732","2023-06-09","4","다른앱사용중 옮겼습니다. 아이들에게 주기적인 용돈이 아닌 추가로 용돈을 보낼때 '이모가 보내준 용돈','흰머리뽑은거용돈'등 보낼때 아이가 입금된내용을 파악할수있도록 해주세요~아이××는 보낼때 용돈의출처를 알수있게해서 아이랑 서로 정산할때 좋았거든요","30488eae1091","23.6.0","0","리뷰와 의견 감사드립니다^^ 추가 용돈 지급 시 메모 기능은 6월 말~7월 초 업데이트 예정입니다! 앞으로 더욱 편리하고 유용한 퍼핀이 되기 위해 최선을 다하도록 하겠습니다!!","2023-06-09","0","0","0","0","0","0","0","","","","","6개 항목 어디에도 해당하지 않음 (기능 요청·오류 신고·단순 만족 표현 등)."
"711","34129002-ce36-4686-a597-a8507e9ced9c","2023-06-04","5","잘 쓰고 있어요 그런데 교통카드 금액 충전 및 잔액 확인을 어플에서 빨리 확인할 수 있게 업데이트가 됐으면 좋겠습니다","4292607e2328","23.5.1","3","리뷰 감사드립니다^^ 퍼핀 개발팀과 레일플러스가 최선을 다해 개발 협력을 하고 있답니다. 보다 안정적이고 편리한 충전 경험이 될 수 있도록 잘 준비하도록 하겠습니다^^","2023-06-09","0","0","0","0","0","0","0","","","","","6개 항목 어디에도 해당하지 않음 (기능 요청·오류 신고·단순 만족 표현 등)."
"712","e0821024-8769-4929-aab6-28ca95ae0f30","2023-06-04","5","퍼핀 문제 다 풀었다고 나오더니 그 다음은 문제가 없네요ㅡ 업데이트 언제 될까요? 오ㅡ 답변 감사합니다!!","eef316823915","23.5.1","3","리뷰 감사합니다. 레벨업을 하신 것 같군요~ 다음 문제가 있는 장소로 이동해주세요^^ 우리집>퍼핀건물>은행..순으로 이동가능합니다! 자세한 문의는 앱 내 고객센터의 1대1 상담으로 남겨주시면 빠르고 자세한 답변 드릴게요!","2023-06-04","0","0","0","0","0","0","0","","","","","6개 항목 어디에도 해당하지 않음 (기능 요청·오류 신고·단순 만족 표현 등)."
"713","7595b775-119e-47aa-93e8-715dc682b816","2023-05-29","5","초딩이가 카드 컬러가 트렌디하다고 좋아합니다! 앱도 카드도 참 잘 만들었다싶고 감사히 쓰고 있습니다. 제안을 하나 드리면~ 돈 모으기 기능(목표금액 모으는 세컨지갑?)이 있으면 어떨까싶네요.^^ 아이돌 음반 살 돈을 모으려고 하는데, 쓰다보면 용돈이 자꾸 다 써진다고 해요^^;; 용돈 받자마자 저금하듯 조금씩 떼어두고 나머지만 쓸수있도록 세컨지갑 하나 마련해주시면, 모으는 습관도 들지않을까 싶네요.","7aee7a7f3010","23.5.1","22","리뷰와 멋진 의견 매우 감사드립니다^^ 세컨지갑이라는 용어가 좋네요~ 저축 습관 기를 수 있는 기능은 준비 중에 있습니다! 더욱 유용하고 편리한 퍼핀이 되기 위해 최선을 다하겠습니다 :)","2023-06-04","0","0","0","0","0","0","0","","","","","6개 항목 어디에도 해당하지 않음 (기능 요청·오류 신고·단순 만족 표현 등)."
"714","7f1051fc-01e0-4883-9e49-69a5ed5516ad","2023-05-28","3","선불교통카드 충전소 안내가 있으면 좋겠어요","963ce7c15ecd","23.5.1","0","퍼핀 앱 내 고객센터에 보시면 교통카드 안내를 자세히 보실 수 있어요^^ 역사 충전기, 편의점은 CU, 이마트24, 스토리웨이에서 가능합니다!","2023-06-04","0","0","0","0","0","0","0","","","","","6개 항목 어디에도 해당하지 않음 (기능 요청·오류 신고·단순 만족 표현 등)."
"715","7872f918-aa86-49cd-9657-d1d37e06fbcb","2023-05-27","5","문제가 너무 쉬워요. 1분만에 끝내버리네요 돈 천원 벌기 쉽다 생각하겠어요. 하루에 풀수 있는 문제수를 늘려주시거나 4지선다형으로 만들어주심 좋을것 같아요.","12a7eeb7d634","23.5.1","2","문제가 쉬우셨군요~ 레벨이 올라가면서 점점 난이도는 높아져요^^ 하지만 아이들이 살아가면서 알아야할 상식 수준의 문제릉 다루는 것이기 때문에 기본적으로 계산을 요구하거나 어려운 독해를 요구하는 문제는 없습니다. 퍼핀월드 퀴즈를 통해 성취의 경험을 얻길 바라요^^","2023-06-04","1","1","0","1","0","0","0","","간접","아이_학습후_성장경험_부족","문제가 너무 쉬워요. 1분만에 끝내버리네요 돈 천원 벌기 쉽다 생각하겠어요. 하루에 풀수 있는 문제수를 늘려주시거나 4지선다형으로 만들어주심 좋을것 같아요","난이도가 낮아 학습 성취가 발생하지 않고 보상만 남는다는 지적. 콘텐츠 체계 개선 요구까지 포함."
"716","5c708d3e-dfdf-465a-893c-07ce77963bda","2023-05-27","3","혹시 아이가 본인명의폰이 아닌데 어떻게만들어야 되나요","fd6e65dd5ee5","","1","퍼핀카드는 네이버페이 등록 및 온라인 결제가 가능한 카드여서 본인 인증이 반드시 필요해요. 그래서 본인 명의 전화번호가 있어야 가입 가능합니다^^ 자세한 문의는 앱 내 고객센터를 통해 주시면 빠르고 자세한 답변 드리도록 하겠습니다!","2023-06-04","0","0","0","0","0","0","0","","","","","6개 항목 어디에도 해당하지 않음 (기능 요청·오류 신고·단순 만족 표현 등)."
"717","27dfdeba-4951-4cbb-a50d-01dba70c1e38","2023-05-26","4","모으기 기능(저금)같은것도 추가되었으면 좋겠어요^-^","f28aa013b50a","23.5.1","1","소중한 의견 감사드립니다! 저축 기능은 열심히 준비하고 있으니 조금만 기다려주세요^^ 최선을 다해 업데이트 해나가도록 하겠습니다!!","2023-05-26","0","0","0","0","0","0","0","","","","","6개 항목 어디에도 해당하지 않음 (기능 요청·오류 신고·단순 만족 표현 등)."
"718","acc29781-7128-4e70-b824-98a36c9d84ce","2023-05-25","5","좋은듯 합니다 하지만 발전해야할것도 많아요 일단 생체인증 도입했으면합니다","f2a0b1bfbd12","23.5.1","0","리뷰와 좋은 의견 감사드립니다! 생체인증 도입은 검토 중에 있어요^^ 보다 편리하고 안전한 퍼핀이 되기 위해 최선을 다하겠습니다.","2023-05-26","0","0","0","0","0","0","0","","","","","6개 항목 어디에도 해당하지 않음 (기능 요청·오류 신고·단순 만족 표현 등)."
"719","08f45a2f-c9af-4e49-b618-1e1d2cd17255","2023-05-25","4","잘 쓰고 있어요. 다만 업데이트 때 더 생겼으면 하는 점이 있습니다. 1.사용한 내역에서 글자수 제한없이 사용처밑에 메모를 남길수 있으면 좋겠어요(은행앱 처럼요). 사용처만 나와서 몇 일 지나서 어떤걸 샀냐고 아이에게 물음 기억을 못하네요ㅡㅠ 따로 종이에 용돈기입장을 쓰는중인데 매일 쓰지 않으니 나중에 한번에 쓰고는 몇 개는 뭐샀지? 라고 합니다. 2. 사용내역을 한달 달력으로 표시가 되면 좋겠어요. 쭉 내역이 나오는것도 좋은데 따로 달력으로도 있음 아이가 돈을 얼마나 쓰고 들어왔는지 한 눈에 보기 좋을 것 같아요.","0e88d47479b6","23.5.1","92","리뷰와 정성가득한 리뷰 매우 감사드립니다^^ 1.메모 기능은 6월 중에 추가될 예정입니다. 2.달력 표시도 좋은 아이디어군요! 적극 참고하여 개선해보도록 하겠습니다. 앱 내의 고객센터 1:1 문의를 통해 말씀주시면 보다 빠른 피드백 받으실 수 있으니 참고 부탁드려요~ 더욱 편리하고 유용한 퍼핀이 되기 위해 최선을 다하겠습니다.","2023-05-26","0","0","0","0","0","0","0","","","","","6개 항목 어디에도 해당하지 않음 (기능 요청·오류 신고·단순 만족 표현 등)."
"720","25b38800-5d7a-4f90-a783-95c3d9512c14","2023-05-25","4","너무 좋은 앱입니다. 근데 단점이 하나 있습니다. 송금할수있는게 부모가 끝입니다. 토스처럼 모든계좌에 송금할수 있게해주시면 감사하겠습니다.","85bc06b4033a","23.5.1","2","리뷰 감사합니다. 퍼핀은 어린 친구들이 사용하는 금융앱이어서 현금 사고 방지를 위해 사용처 추적이 불가능한 현금 거래(출금/이체)를 지원하지 않고 있습니다. 하지만 불편함을 해소하기 위해 최소한이라도 편의 제공을 하기 위해 여러 사안들을 검토하고 있어요. 시간이 다소 소요되더라도 믿고 지켜봐주시면 감사하겠습니다^^","2023-05-26","0","0","0","0","0","0","0","","","","","6개 항목 어디에도 해당하지 않음 (기능 요청·오류 신고·단순 만족 표현 등)."
"721","bb59452d-c03f-49da-a379-b35b6689fa45","2023-05-21","5","사용도 쉽고 아이가 즐겁게 돈에 대해 알게되요♡","6a1eb8a53c8f","23.5.1","0","","","0","0","0","0","1","0","1","긍정","","아이의_학습_지속_흥미_이용의욕","사용도 쉽고 아이가 즐겁게 돈에 대해 알게되요♡","아이의 학습(퀴즈·투자체험) 흥미·지속·의욕을 언급 (긍정)."
"722","1ad37bdc-d07e-4131-b875-dd41178cddff","2023-05-20","5","앱사용 가능한지 저희딸도 카드오기만 기다리고 있어요 신나서 앱보면서 열심 카드오기만 억수로 기다립니다","ec030e876a01","23.5.1","1","","","0","0","0","0","0","0","0","","","","","6개 항목 어디에도 해당하지 않음 (기능 요청·오류 신고·단순 만족 표현 등)."
"723","d268fe63-df43-47b4-b8f8-740c1be34caf","2023-05-19","3","아직 사용전인데요 계좌연결 가능 은행이 제일은행이 없네요...혹시 카드배송전인데 지금이라도 해주실수 있나요??","dc89e0fb9002","23.5.1","0","안녕하세요 회원님, 은행 연결 없이도 가상계좌 입금을 통해 충전이 가능하게 되었습니다^^ 최신 앱을 다운받아 이용해보시길 바랍니다! 꼭 다시 찾아주세요 :) 감사합니다.","2024-06-18","0","0","0","0","0","0","0","","","","","6개 항목 어디에도 해당하지 않음 (기능 요청·오류 신고·단순 만족 표현 등)."
"724","d25fb2c0-4ff2-498f-8722-4cb858cfcc10","2023-05-19","5","초6인데 현금용돈보다 카드로 용돈을 받으니까편해요","91f3a9dbfa43","23.5.0","1","","","0","0","0","0","0","0","0","","","","","6개 항목 어디에도 해당하지 않음 (기능 요청·오류 신고·단순 만족 표현 등)."
"725","51ac07f8-9fc4-4588-a756-eb31f964d4bd","2023-05-14","3","카드 안만들면 아예 앱을 둘러볼수가없네요.. 어떤수준으로 교육이 되는지 볼려했는데. 맛보기로라도 앱둘러보기 기능이 있으면 좋겠습니다.","17ad593c4cd4","23.5.0","2","퍼핀 웹사이트 firfin.family 의 포스트 또는 네이버 공식블로그를 참고해주시면 퍼핀의 자세한 기능들을 보실 수 있으니 참고 부탁드립니다^^","2023-05-19","0","1","0","0","0","0","0","","직접","부모_체계적_금융학습_확인_부족","카드 안만들면 아예 앱을 둘러볼수가없네요.. 어떤수준으로 교육이 되는지 볼려했는데","가입 전에 교육 수준을 확인할 방법이 없음 — 학습 체계 확인 불가."
"726","6cea70b8-3020-4ad1-bf7b-b4c85bf0ceab","2023-05-10","5","카카오나 토스는 한명만볼수있어서 계속물어봐야 했는데 이건 부모.아이 모두 잔액을 볼수있어 유용합니다.(전카드는 매번얼마있냐고 물음) 아이가 둘인데 카드디자인이 하나라서 스티커로 표시해줬어요","6a598b32d3d2","23.5.0","1","","","0","0","0","0","0","0","0","","","","","6개 항목 어디에도 해당하지 않음 (기능 요청·오류 신고·단순 만족 표현 등)."
"727","2f324473-0bba-4b2e-b337-cc8880424474","2023-05-10","5","제가 원하던 앱이네요 현금을 주는것이 걱정되어 지역카드를 사용하는데 매번 앱에들어가서 확인하기도 불편하던 참에 광고보고 가입했습니다 애들이 잘 사용해주면 정말 좋겠네요","1dabf638ac01","23.5.0","5","","","0","0","0","0","0","0","0","","","","","6개 항목 어디에도 해당하지 않음 (기능 요청·오류 신고·단순 만족 표현 등)."
"728","e54e9f4a-ad2b-4cb2-90c4-22299252f149","2023-05-09","5","아이들이 만족하고 쓰고있어요","7b3dc2758585","23.5.0","2","","","0","0","0","0","0","0","0","","","","","6개 항목 어디에도 해당하지 않음 (기능 요청·오류 신고·단순 만족 표현 등)."
"729","98674082-c957-4526-9ce9-01d60eb65847","2023-05-07","4","부모계좌 연결 할 수 있는 은행이 많지가 않아요. 전 농협 사용하는데 없어서 토스 계좌 만들어서 사용 중이예요. 퀴즈보상도 매일 받고 아이가 직접 잔액확인이 되어서 좋은것같아요.","fe4e4e726616","23.5.0","1","안녕하세요 회원님, 퍼핀 연결 계좌 은행에 농협이 없어서 불편하셨었지요? 6월14일부터 농협 계좌 연결이 안정적으로 가능해졌습니다! 앞으로 더욱 유용하고 편리한 퍼핀이 되기 위해 최선을 다하여 업데이트 해나갔습니다. 감사합니다!","2023-06-16","0","0","1","0","0","0","0","","","돈이_학습행동의_동기가_된_경험","…사용하는데 없어서 토스 계좌 만들어서 사용 중이예요. 퀴즈보상도 매일 받고 아이가 직접 잔액확인이 되어서 좋은것같아요.","퀴즈·문제풀이와 금전 보상을 연결지어 긍정적으로 서술 — 보상이 학습 행동의 이유로 제시됨."
"730","4104c51d-7519-4afb-b3a6-709cd753feaf","2023-05-07","5","들어오는 일도 많고 나가는 일도 다양한 아이들 용돈을 앱에서 앱을 통해 쉽게 그리고 함께 관리할수 있다니 너무 좋네요! 아이들 용돈관리 습관이 큰돈이 될 수 있길 바라면서 잘 써보려고 합니다","ae9abcba4ea2","23.5.0","2","","","0","0","0","0","0","0","0","","","","","6개 항목 어디에도 해당하지 않음 (기능 요청·오류 신고·단순 만족 표현 등)."
"731","0f708e99-1db8-44b9-bbc1-4de8b7167474","2023-05-06","5","소득공제는 대표부모가 아니라 초대받은 배우자가 받을수있나요???","d214b07cf5f3","23.5.0","2","리뷰 감사합니다. 소득공제 관련 자세한 안내는 고객센터에 1:1 문의 주시면 신속하고 친절한 답변 드리도록 할겠습니다^^","2023-05-19","0","0","0","0","0","0","0","","","","","6개 항목 어디에도 해당하지 않음 (기능 요청·오류 신고·단순 만족 표현 등)."
"732","42a6d601-4966-4e7a-b838-56304324ab1f","2023-05-05","4","정기용돈 외에 용돈줄때 왜 주는지 내역을기재 할 수 있는 기능이 있으면 좋을거 같아요","0e0eb759bc3f","23.4.1","0","리뷰 감사합니다. 말씀 주신 메모 기능은 곧 업데이트 될 예정입니다! 좋은 의견 감사드리며 고객센터 내 1:1 문의 통해서 제안 주시면 더욱 빠르고 적극적인 의견 접수가 가능하오니 참고 부탁드립니다^^","2023-05-19","0","0","0","0","0","0","0","","","","","6개 항목 어디에도 해당하지 않음 (기능 요청·오류 신고·단순 만족 표현 등)."
"733","23463ed1-3eeb-42e6-b823-27fee08ab85a","2023-05-04","5","애들이 어디서 사용하는지도 바로바로알려주고 문제푸는것도 즐겁게 하기 저도 기분이좋더라구요~^^","1a766df72791","23.4.1","2","","","0","0","0","0","1","0","0","긍정","","아이의_학습_지속_흥미_이용의욕","애들이 어디서 사용하는지도 바로바로알려주고 문제푸는것도 즐겁게 하기 저도 기분이좋더라구요~^^","아이의 학습(퀴즈·투자체험) 흥미·지속·의욕을 언급 (긍정)."
"734","16a8d66f-fc61-47ad-b645-e59522d80d44","2023-04-28","5","중학교 입학한 아이에게 엄카는 좀 그렇고 책임감있는 경제습관을 키워주고싶어서 카드 신청하였습니다. 용돈계약을 쉽게 변경할 수 있고 사용내역도 바로바로 보여 안심되고 편리합니다.","e1314aff926b","23.4.1","2","","","0","0","0","0","0","0","1","","","","중학교 입학한 아이에게 엄카는 좀 그렇고 책임감있는 경제습관을 키워주고싶어서 카드 신청하였습니다. 용돈계약을 쉽게 변경할 수 있고 사용내역도 바로바로 보여 안심되…","아이가 경제·금융 지식을 실제로 익혔다는 경험 기반 서술 (핵심 페인포인트에 대한 반증 자료)."
"735","f64a1e39-c927-4a52-b9a1-5780afe49ab9","2023-04-28","5","쉬운 용돈 관리와 교통카드 기능, 그리고 금융 교육을 통해 아이가 올바르게 금융을 이해 할 수 있어서 좋은 어플인 것 같습니다. 앞으로 더 좋은 서비스로 발전되길 바라며 몇가지 기능을 추가해 주셨으면 해서 글을 남깁니다. 금융퀴즈 컨텐츠를 아이가 어떻게 이해하며 부모들도 이해할 수 있도록 아이가 학습한 문제를 확인할 수 있다던가 기존에 제공하는 컨텐츠 외에 부모가 따로 퀴즈나 미션의 유형을 선택하여 올릴 수 있다던가, 돈을 저축했을 경우 일정 수준의 이자를 지급하는 조건이 있었으면 합니다.","045a85f0a0e0","23.4.1","2","리뷰와 멋진 의견들 매우 감사드립니다! 제안주신 기능 중 일부는 이미 개발 진행 중에 있어서 다행입니다^^ 앞으로 더욱 유용하고 편리한 퍼핀이 되기 위해 최선을 다해 업데이트 해나가도록 하겠습니다!","2023-05-03","0","1","0","0","0","0","1","","직접","부모_체계적_금융학습_확인_부족","금융퀴즈 컨텐츠를 아이가 어떻게 이해하며 부모들도 이해할 수 있도록 아이가 학습한 문제를 확인할 수 있다던가 기존에 제공하는 컨텐츠 외에 부모가 따로 퀴즈나 미션의 유형을 선택하여 올릴 수 있다던가","부모가 아이 학습 내용을 확인·이해할 수 없다는 점과 콘텐츠 선택권 부재를 함께 지적."
"736","bdb63271-77b6-4932-b639-6ff2c0632e87","2023-04-27","5","9살 첫 용돈관리는 퍼핀에서 시작합니다 매일 문제도 풀고, 용돈관리의 시작 스타트가 좋아요","a0dd6b0c5766","23.4.1","2","","","0","0","0","0","0","0","0","","","","","6개 항목 어디에도 해당하지 않음 (기능 요청·오류 신고·단순 만족 표현 등)."
"737","22bca9d9-5cc3-4414-9dbf-cc7a209ea7c3","2023-04-27","5","저는 갤럭시, 아들은 아이폰..출시만 기다렸던 1인이예요ㅎㅎ바로 깔고, 오늘 카드받았습니다!! 아들래미 너무 신났어요!! 요즘 더치하는 아이들이라 송금기능이 살짝 아쉽지만 그래도 금융학습까지 있어서 저는 너무너무 좋아요!!!! 카드도 어찌나 고급스럽던지ㅋ 가족대표가 아니여도 용돈계약 할 수 있는 기회를 주세요♡♡♡","7bf5c65a5c41","23.4.1","2","기다리주시고 리뷰도 남겨주셔서 매우 감사드립니다^^ 퍼핀은 어린 친구들이 사용하는 서비스인만큼 현금사고방지과 최대한의 안전을 위해 현금출금과 타행이체 기능을 지원하지 않고 있습니다. 주신 의견을 적극 반영하여, 안전은 강화하면서 편리함도 챙길 수 있는 방법들을 마련하여 최선을 다해 업데이트 해나가도록 하겠습니다.","2023-05-04","0","0","0","0","0","0","1","","","","… 더치하는 아이들이라 송금기능이 살짝 아쉽지만 그래도 금융학습까지 있어서 저는 너무너무 좋아요!!!! 카드도 어찌나 고급스럽던지ㅋ 가족대표가 아니여도 용돈계약 할…","아이가 경제·금융 지식을 실제로 익혔다는 경험 기반 서술 (핵심 페인포인트에 대한 반증 자료)."
"738","62b41238-5fcd-4890-a825-a2fd60b93b8c","2023-04-27","5","용돈 관리하기 좋아요","a0f204734de1","23.4.1","3","","","0","0","0","0","0","0","0","","","","","6개 항목 어디에도 해당하지 않음 (기능 요청·오류 신고·단순 만족 표현 등)."
"739","6dbe160e-561c-4112-8479-db6219469811","2023-04-27","5","아이들 용돈 카드 만들어줬어요. 쏠쏠하게 경제문제도 풀고 보상도 받고 좋습니다. 애들이 매일매일 찾아서 직접 풀고 보상 받는 것도 좋아해요. 부모가 직접 자녀쓴 내역도 볼 수 있고 카드 정지도 신청할 수 있어서 좋네요. 바라는 점이 있다면 자녀 어플에는 스스로 용돈기입장처럼 쓸 수 있는 기능이 있음 좋겠네요. 메타버스 기능을 조금더 게임적인부분이 가미 되면 아이들도 더 좋아할거 같아요. 경제 지식 뿐만 아니라 상점에가서 쿠폰을 산다거나 접목시킬 수 있는 서비스들이 많을거 같네요. 꾸준히 어플기능도 추가되고 업데이트 되면 좋겠습니다. 카드 포인트부분도 좀 들어가면 좋겠어요.","e94f142db3f6","23.4.1","34","다양한 의견 매우 감사드립니다^^ 소비 내역을 기록하고 함께 볼 수 있는 기능은 준비 중에 있으며 말씀주신 다양한 아이디어들을 적극 반영하여 최선을 다해 업데이트 해나가도록 하겠습니다!!","2023-05-04","0","0","1","0","1","0","0","긍정","","돈이_학습행동의_동기가_된_경험","아이들 용돈 카드 만들어줬어요. 쏠쏠하게 경제문제도 풀고 보상도 받고 좋습니다. 애들이 매일매일 찾아서 직접 풀고 보상 받는 것도 좋아해요. 부모가 직접 자녀쓴 …","퀴즈·문제풀이와 금전 보상을 연결지어 긍정적으로 서술 — 보상이 학습 행동의 이유로 제시됨."
"740","a800e6df-1fdf-406b-93d1-a4640fb785df","2023-04-27","5","초딩 아들의 용돈관리때문에 용돈기입장앱도 깔아보고 의논도 해보는등 고민이 많다가 초딩들 카드발급이 있다는 정보를 얻어 바로 신청하고 기다리다 기다리다 카드를 받아서 교통카드기능도 있고 아들의 금융상식 퀴즈를 풀며 용돈도 모으고 본인카드를 쓴다는 으쓱함에 웃음이 나오더라구요^^ 유용하게 사용 잘 해볼께요~^^","0297cee0f342","23.3.2","1","","","0","0","1","0","0","0","0","","","돈이_학습행동의_동기가_된_경험","…다 카드를 받아서 교통카드기능도 있고 아들의 금융상식 퀴즈를 풀며 용돈도 모으고 본인카드를 쓴다는 으쓱함에 웃음이 나오더라구요^^ 유용하게 사용 잘 해볼께요~^^","퀴즈·문제풀이와 금전 보상을 연결지어 긍정적으로 서술 — 보상이 학습 행동의 이유로 제시됨."
"741","b94c6213-d7d5-4c36-87a6-3225c390bf06","2023-04-26","5","아이가 본인이름이 적힌 카드를 갖고싶어했는데, 너무 좋아합니다^^ 퀴즈 푸는것도 재미있어하고, 메모기능도 좋네요!!","e44954f4711c","23.4.1","0","","","0","0","0","0","1","0","0","긍정","","아이의_학습_지속_흥미_이용의욕","아이가 본인이름이 적힌 카드를 갖고싶어했는데, 너무 좋아합니다^^ 퀴즈 푸는것도 재미있어하고, 메모기능도 좋네요!!","아이의 학습(퀴즈·투자체험) 흥미·지속·의욕을 언급 (긍정)."
"742","2f862333-0465-4c18-b16a-0e2d686fd917","2023-04-26","5","아이의 잔액을 확인할수있어좋아요","65b3fd902f65","23.4.1","1","","","0","0","0","0","0","0","0","","","","","6개 항목 어디에도 해당하지 않음 (기능 요청·오류 신고·단순 만족 표현 등)."
"743","2cf997d5-8a8c-4d3e-bf69-85a0bb056fac","2023-04-26","5","두 아들이 모두 사용하는데 편리하네요 아이들도 저두 잘 사용하고 있어요 돈이 얼마 남아있는지 확인하니 더 안쓰려고 노력도 하구요 물론 많이 남았다고 왕창쓰는 아들도 있지만요 그건 성격이더라구 ㅋ","10cb338227c8","23.4.1","1","","","0","0","0","0","0","0","0","","","","","6개 항목 어디에도 해당하지 않음 (기능 요청·오류 신고·단순 만족 표현 등)."
"744","0073ef39-27e6-49c6-ad68-fcbc2b597a6b","2023-04-26","5","애들 카드 중에 디자인 제일 괜찮고 앱 사용이 편해요. 업데이트가 기다려집니다.","5d0dd58fd17e","","1","","","0","0","0","0","0","0","0","","","","","6개 항목 어디에도 해당하지 않음 (기능 요청·오류 신고·단순 만족 표현 등)."
"745","f187abe8-e859-4e2e-a8d6-fce7e8015a6b","2023-04-25","5","아이에게 용돈 주기도 편하고 교통카드가 포함되어 있어서 쓰기가 아주 편리합니다","abaf7f9a756d","23.4.1","0","","","0","0","0","0","0","0","0","","","","","6개 항목 어디에도 해당하지 않음 (기능 요청·오류 신고·단순 만족 표현 등)."
"746","50adfad5-ae46-4365-8662-72f3a301fd65","2023-04-25","5","아이가 카드 디자인이 마음에 든다고 좋아하네요. 현금만 쓸때 불편했던 적이 많아서 유용하게 잘 사용할것같아요.","aaacb2644706","23.4.1","1","","","0","0","0","0","0","0","0","","","","","6개 항목 어디에도 해당하지 않음 (기능 요청·오류 신고·단순 만족 표현 등)."
"747","4f7be4f3-10ed-4635-bea9-c7a2af3c1cce","2023-04-25","5","현금을 늘 가지고 다니기에 불편해서 신청했는데 지출 내역도 함께 볼 수 있고 금융학습 퀴즈도 관심 가지고 푸니 경제관념 잡기에도 도움이 되네요. 카드 생겼다고 지갑에 딱 끼우곤 뿌듯해하는 모습이 귀여웠답니다.","534fbba7ea5a","23.4.1","2","","","0","0","0","0","1","0","1","긍정","","아이의_학습_지속_흥미_이용의욕","현금을 늘 가지고 다니기에 불편해서 신청했는데 지출 내역도 함께 볼 수 있고 금융학습 퀴즈도 관심 가지고 푸니 경제관념 잡기에도 도움이 되네요. 카드 생겼다고 지…","아이의 학습(퀴즈·투자체험) 흥미·지속·의욕을 언급 (긍정)."
"748","0498e3bf-6b89-40b4-8ab2-32047740edd9","2023-04-25","5","아이가 이제 초등4학년~^^용돈을 일주일에 한번씩 주다보니 저도 헷갈리고 안 주게 될때도 있고 본인이 사용후 어디에 썼는지도 기억 못 할때가 있더라고요~^^근데 때마침 퍼핀카드가 있다는 걸 알고 바로. 신청했습니다. 아이도 너무 좋아하고 용돈주기 관리하기 너무 편하네요. 문구점 편의점에서 사용해봤는데 사용 잘되고요.금융 상식 문제 풀이도 열심히 잘 하네요. 근데 어린이 청소년카드인데 카드가(블랙)넘 어둡다는 생각이 들어요.카드 디자인이 여러개라 고를 수 있음 좋겠습니다","f7a77071ce11","23.4.1","22","리뷰와 의견 감사합니다. 용돈계약을 잘 활용해주고 계시는군요^^ 카드디자인은 다른 버전도 추가하여 하반기에는 선택 가능하도록 준비하고 있답니다! 앞으로 더욱 편리하고 유용한 퍼핀이 되기 위해 최선을 다해 업데이트 해나가겠습니다.","2023-05-04","0","0","0","0","1","0","0","긍정","","아이의_학습_지속_흥미_이용의욕","…서 사용해봤는데 사용 잘되고요.금융 상식 문제 풀이도 열심히 잘 하네요. 근데 어린이 청소년카드인데 카드가(블랙)넘 어둡다는 생각이 들어요.카드 디자인이 여러개라…","아이의 학습(퀴즈·투자체험) 흥미·지속·의욕을 언급 (긍정)."
"749","a7d4b4be-ae4a-4535-9918-e0ba4dd61b88","2023-04-25","4","용돈을 받기시작하며 퍼핀을 이용하고 있어요. 경제 개념도 잡고 좋은 어플 같아요. 주위에 홍보 많이 했어요^^","a19a65ec803a","23.4.1","2","","","0","0","0","0","0","0","1","","","","용돈을 받기시작하며 퍼핀을 이용하고 있어요. 경제 개념도 잡고 좋은 어플 같아요. 주위에 홍보 많이 했어요^^","아이가 경제·금융 지식을 실제로 익혔다는 경험 기반 서술 (핵심 페인포인트에 대한 반증 자료)."
"750","b2afa3c1-5ceb-4b18-a12b-54bfbf2b986c","2023-04-25","5","아이들이 초등학생인데 친구들만나는 회수가 늘어나다보니 현금으로 들고다니는게 번거롭다생각이 들어서 키즈체크카드알아보던중 찾게된 퍼핀^^ 카드받아보니 아이들이 좋아해요~유용하게 쓸것같아요~^^","081cf9dd3abd","23.4.1","0","","","0","0","0","0","0","0","0","","","","","6개 항목 어디에도 해당하지 않음 (기능 요청·오류 신고·단순 만족 표현 등)."
"751","5c080963-8fd2-4500-8fc1-67049d39b1d6","2023-04-25","4","매번 잊어버리고 용돈을 못줫는데 꼬박꼬박 챙길수있어서 좋아요^^ 근데 아이가 카드를 안들고와서 제돈으로 결제하고 받으려하니 인출할수없어서 아쉽네요 앱으로 출금이 가능했으면 좋겠어요","e0d1c9c09d7a","23.4.1","0","","","0","0","0","0","0","0","0","","","","","6개 항목 어디에도 해당하지 않음 (기능 요청·오류 신고·단순 만족 표현 등)."
"752","3ef7c076-5ce9-4fee-a035-165aba85f5fa","2023-04-25","5","아이 용돈을 어떻게 줘야하나 고민하다 아이 명의로 카드 발급이 가능하다 하여 선택했습니다. 카드 사용 내역도 확인 가능하고, 필요하면 용돈도 바로 줄 수있어 편리하게 쓰고 있습니다. 젤 좋은건 아이가 자기 이름 카드라고 카드 실물도 잘 챙기고, 그 안에 들어있는 용돈도 잘 관리하고 있는 점입니다. 매일 금융퀴즈도 열심히 풀고있고요~ 아이 용돈 카드로는 최고인거 같습니다~","0195593e0d45","23.4.1","11","","","0","0","0","0","1","0","0","긍정","","아이의_학습_지속_흥미_이용의욕","… 용돈도 잘 관리하고 있는 점입니다. 매일 금융퀴즈도 열심히 풀고있고요~ 아이 용돈 카드로는 최고인거 같습니다~","아이의 학습(퀴즈·투자체험) 흥미·지속·의욕을 언급 (긍정)."
"753","abb1bb32-14a7-43a6-a2e7-e1c27183b61e","2023-04-25","5","현금 들려보내기 불안한데 아이에게 용돈 주기 정말 쉽고 편해요!","007deb4e996e","23.4.1","1","","","0","0","0","0","0","0","0","","","","","6개 항목 어디에도 해당하지 않음 (기능 요청·오류 신고·단순 만족 표현 등)."
"754","28b05599-22ca-4992-a88c-f2e9321e1791","2023-04-25","5","아이이름으로만들어줬어요너무좋아요둘째꺼카드도만들어줘야할께요","c7cde37308ec","23.4.1","0","","","0","0","0","0","0","0","0","","","","","6개 항목 어디에도 해당하지 않음 (기능 요청·오류 신고·단순 만족 표현 등)."
"755","a2cb1107-896f-4440-966c-92aaef3abf40","2023-04-25","5","현금으로 용돈 주다가.. 매번 현금 바꾸는것도 일이고.. 용돈카드 알아보다가 퍼핀으로 해줬는데 교통카드도 되고, 카드 사용내역을 실시간으로 확인할 수 있는점도 무척 좋아요. 아이도 자기 이름의 카드를 받으니 엄청 신나하더라고요~ 참! 어제는 서비스 문의했는데 친절해서 더 만족스러워요. 큰딸도 본인명의로 바꿔서 하나 더 신청해주려고요.","96bd4c06d223","23.4.1","15","리뷰와 칭찬 매우 감사드립니다! 퍼핀은 편리한 용돈관리와 결제수단을 넘어 아이들의 경제금융 교육을 위해 만들어졌습니다. 앞으로도 더욱 유용한 퍼핀이 되기 위해 최선을 다해 업데이트 해나가도록 하겠습니다! 고객문의도 항상 자세하고 친절하게 해결해드릴게요^^","2023-05-04","0","0","0","0","0","0","0","","","","","6개 항목 어디에도 해당하지 않음 (기능 요청·오류 신고·단순 만족 표현 등)."
"756","d67cdb58-c352-4e67-a7c7-3d5b5a4ef4ae","2023-04-25","5","티머니카드도 활용해보고 돈도 줘보고 했는데 너무 불편하더라구요.퍼핀은 가지고 다니기도 편하고 아이가 어디에 썼는지도 한눈에 보이고 어디서든 쓸수있어서 좋아요.아이혼자 대형마트 갈일은 없으니까요ㅎ매일푸는 경제퀴즈도 아주 즐거워합니다^^ 추천합니다","247e1faea129","23.4.1","5","리뷰 감사합니다! 네이버페이에 퍼핀카드를 등록하시면 QR결제/삼성페이 결제도 가능하니 참고해주시길 바랍니다^^ 더욱 편리하고 유용한 퍼핀이 되기 위해 최선을 다해 업데이트해나가도록 하겠습니다.","2023-05-04","0","0","0","0","1","0","0","긍정","","아이의_학습_지속_흥미_이용의욕","…쓸수있어서 좋아요.아이혼자 대형마트 갈일은 없으니까요ㅎ매일푸는 경제퀴즈도 아주 즐거워합니다^^ 추천합니다","아이의 학습(퀴즈·투자체험) 흥미·지속·의욕을 언급 (긍정)."
"757","767dea16-6036-44da-a9ae-522b306da478","2023-04-25","5","금융상식 문제 엄청 열심히 풀고 있어요^^ 아이가 관리가 가능해서 좋아요👍","13dd9bc33fda","23.4.1","0","","","0","0","0","0","1","0","0","긍정","","아이의_학습_지속_흥미_이용의욕","금융상식 문제 엄청 열심히 풀고 있어요^^ 아이가 관리가 가능해서 좋아요👍","아이의 학습(퀴즈·투자체험) 흥미·지속·의욕을 언급 (긍정)."
"758","dc089674-45bf-4814-b5eb-f49aadd6da8c","2023-04-25","5","아이랑 잘쓰고있습니다.^^ 공부도하고 쓴금액도 볼수있고 만족합니다♡","7cf7b2f1c131","23.4.1","3","","","0","0","0","0","0","0","1","","","","아이랑 잘쓰고있습니다.^^ 공부도하고 쓴금액도 볼수있고 만족합니다♡","아이가 경제·금융 지식을 실제로 익혔다는 경험 기반 서술 (핵심 페인포인트에 대한 반증 자료)."
"759","3e6461ac-dbcf-46a2-b50b-b5a52991fb50","2023-04-25","5","아이들 용돈카드 유용한거 같아요 현금주면 주머니에 넣다 잃어버리기도 했는데 이젠 그럴일 없는거 같아요..","645bacb59c10","23.4.1","0","","","0","0","0","0","0","0","0","","","","","6개 항목 어디에도 해당하지 않음 (기능 요청·오류 신고·단순 만족 표현 등)."
"760","0ce78f1d-3818-43f2-837b-baa522c9c863","2023-04-25","5","매일.야무지게.용돈 받아가는 초6 따님 6학년 되고나서 아빠보다 더 현금을 엄청 쓰고 다녔는데 이제 퍼핀카드 덕분에 어디에 쓰고 있는지도 확인되고 관리도 되네요. 매우 만족스러워요","afcfdf4b289f","23.4.1","1","","","0","0","0","0","0","0","0","","","","","6개 항목 어디에도 해당하지 않음 (기능 요청·오류 신고·단순 만족 표현 등)."
"761","47ea42eb-a13d-4c77-941e-e90fa96c3faa","2023-04-25","5","아이들에게 경제관념 교육도 되고 세부내용도 공유도 되니 너무 좋은앱 같아요. 교통카드 기능까지 아주 알차요^^","78e4c4ac5659","23.4.1","2","","","0","0","0","0","0","0","1","","","","아이들에게 경제관념 교육도 되고 세부내용도 공유도 되니 너무 좋은앱 같아요. 교통카드 기능까지 아주 알차요^^","아이가 경제·금융 지식을 실제로 익혔다는 경험 기반 서술 (핵심 페인포인트에 대한 반증 자료)."
"762","0d9a1454-c0a0-418b-a4df-b3836cb8a4e4","2023-04-25","5","아직 경제개념이없어서 걱정되서 이용해봤어요 카드도 유아틱하지 않아 좋고 아침마다 학습보상받는다고 의지가 타올라요ㅎㅎ 지금까지는 만족하고있어요","c004ed0aeeec","23.4.1","1","","","0","0","1","0","1","0","0","긍정","","돈이_학습행동의_동기가_된_경험","아직 경제개념이없어서 걱정되서 이용해봤어요 카드도 유아틱하지 않아 좋고 아침마다 학습보상받는다고 의지가 타올라요ㅎㅎ 지금까지는 만족하고있어요","퀴즈·문제풀이와 금전 보상을 연결지어 긍정적으로 서술 — 보상이 학습 행동의 이유로 제시됨."
"763","a725ed60-cd36-45ab-8810-e68b5f248e86","2023-04-25","5","두아이 모두 신청해서 카드 발급 받았어요 아이들이 개인카드 생겼다면서 엄청 좋아하네요 매일 퀴즈풀면서 공부도하고 추가 용돈도 생기니 재밌게 하고 있어요","995f8066072f","","1","","","0","0","1","0","1","0","1","긍정","","돈이_학습행동의_동기가_된_경험","두아이 모두 신청해서 카드 발급 받았어요 아이들이 개인카드 생겼다면서 엄청 좋아하네요 매일 퀴즈풀면서 공부도하고 추가 용돈도 생기니 재밌게 하고 있어요","퀴즈·문제풀이와 금전 보상을 연결지어 긍정적으로 서술 — 보상이 학습 행동의 이유로 제시됨."
"764","51b5fb65-a1d9-4306-86b6-cb62a9e08a84","2023-04-25","5","아이 용돈 관리너무 편하고 쓰기도 좋아서 앱 너무 잘쓰고있습니다","3e2695d690ad","23.4.1","0","","","0","0","0","0","0","0","0","","","","","6개 항목 어디에도 해당하지 않음 (기능 요청·오류 신고·단순 만족 표현 등)."
"765","28817dc5-2b5e-40c3-ae8f-d26d832a85e5","2023-04-25","5","아이도좋고 저도너무 좋으네요..^^본인카드라더좋앙새요","75f541c3fd76","23.4.1","0","","","0","0","0","0","0","0","0","","","","","6개 항목 어디에도 해당하지 않음 (기능 요청·오류 신고·단순 만족 표현 등)."
"766","d2453ef5-5947-4d29-969d-2bceacfd933a","2023-04-25","5","아이들 용돈을 현금으로만 챙겨줄땐 깜빡하기도하고 번거로움이 있었는데 알아서 이체되고 사용내역까지 확인되니까 너무편하고 좋은것 같아요~ 또한 경제개념에 도움되는 퀴즈들로 아이들이 너무좋아하네요^^","ef4a54800996","23.4.1","7","","","0","0","0","0","1","0","1","긍정","","아이의_학습_지속_흥미_이용의욕","아이들 용돈을 현금으로만 챙겨줄땐 깜빡하기도하고 번거로움이 있었는데 알아서 이체되고 사용내역까지 확인되니까 너무편하고 좋은것 같아요~ 또한 경제개념에 도움되는 퀴…","아이의 학습(퀴즈·투자체험) 흥미·지속·의욕을 언급 (긍정)."
"767","f5ccd01b-1c89-4f92-8024-7b897448bc6c","2023-04-25","5","아이에게 본인이름 카드로만들어주니 너무좋아하고 사용내역도 서로확인가능힌여 너무좋아요.","b9806ecc6704","23.4.1","1","","","0","0","0","0","0","0","0","","","","","6개 항목 어디에도 해당하지 않음 (기능 요청·오류 신고·단순 만족 표현 등)."
"768","09dbfbad-a8a8-4d17-a954-79f22d50d681","2023-04-25","5","퀴즈풀어서 용돈버는 재미가 쏠쏠한지 매일매일 잘 모아서 편의점에서 군것질하고있네요ㅎㅎ 현금으로 줄때보다 관리하기도 아주 쉽고 좋아요 추천합니다!","7b6c87db846b","23.4.1","5","","","0","0","1","0","1","0","0","긍정","","돈이_학습행동의_동기가_된_경험","퀴즈풀어서 용돈버는 재미가 쏠쏠한지 매일매일 잘 모아서 편의점에서 군것질하고있네요ㅎㅎ 현금으로 줄때보다 관리하기도 아주 쉽고 좋아요 추천합니다!","퀴즈·문제풀이와 금전 보상을 연결지어 긍정적으로 서술 — 보상이 학습 행동의 이유로 제시됨."
"769","8fe578c9-939d-4c87-aa46-36811fee2cf4","2023-04-25","5","아이가 매일 아침 퀴즈 푸는 재미에 푹 빠졌더라고요. 덕분에 경제공부도 되고. 그렇게 퀴즈풀고 모은 용돈 으로 간식 사먹는데 돈 줄어드는것보고 아낀다며 싼거 사먹네요^^; 엄마가 사줄땐 몰랐던 가격도 스스로 깨닫고 공부하고. 절약하는 모습 배우게 돼서 너무 좋습니다.","9b14e4c00dd5","","3","","","0","0","0","0","1","0","1","긍정","","아이의_학습_지속_흥미_이용의욕","아이가 매일 아침 퀴즈 푸는 재미에 푹 빠졌더라고요. 덕분에 경제공부도 되고. 그렇게 퀴즈풀고 모은 용돈 으로 간식 사먹는데 돈 줄어드는것보고 아낀다며 싼거 사먹…","아이의 학습(퀴즈·투자체험) 흥미·지속·의욕을 언급 (긍정)."
"770","57515abc-1614-4859-8ebb-735edaca331f","2023-04-25","5","용돈관리도 훨씬 편리하고, 요즘은 현금거래보다 카드거래가 더 쉬우니 아이도 좋아하네요~ 매일 금융퀴즈 풀면서 보너스용돈도 열심히 모으고있어요~","4425c3094f13","23.4.1","0","","","0","0","1","0","1","0","0","긍정","","돈이_학습행동의_동기가_된_경험","용돈관리도 훨씬 편리하고, 요즘은 현금거래보다 카드거래가 더 쉬우니 아이도 좋아하네요~ 매일 금융퀴즈 풀면서 보너스용돈도 열심히 모으고있어요~","퀴즈·문제풀이와 금전 보상을 연결지어 긍정적으로 서술 — 보상이 학습 행동의 이유로 제시됨."
"771","0a503865-2e78-41fd-9942-aa5b748872b7","2023-04-25","5","초등학생 용돈주기 편해요","7901e2ed95ae","23.4.1","1","","","0","0","0","0","0","0","0","","","","","6개 항목 어디에도 해당하지 않음 (기능 요청·오류 신고·단순 만족 표현 등)."
"772","0bd345b8-99b8-4ae9-b0e1-2a30507b622e","2023-04-25","5","자기카드가 생겼다고 너무좋아하고 눈뜨자마자 금융퀴즈풀어 지식도얻고 용돈도 얻고 1석2조네요ㅎㅎ","ccb71b1377fc","23.4.1","1","","","0","0","1","0","1","0","1","긍정","","돈이_학습행동의_동기가_된_경험","자기카드가 생겼다고 너무좋아하고 눈뜨자마자 금융퀴즈풀어 지식도얻고 용돈도 얻고 1석2조네요ㅎㅎ","퀴즈·문제풀이와 금전 보상을 연결지어 긍정적으로 서술 — 보상이 학습 행동의 이유로 제시됨."
"773","54cb269a-b1bd-4ee4-8061-f7019ddad40c","2023-04-25","5","항상 용돈을 현금으로 주니까 돈관리도 안되고 경제관념도 없었는데 퍼핀을 알고부터 본인카드가 생겨서 그런지 사용내역이나 용돈관리가 직접되니 본인도 만족해하는거 같아요~이벤트나 미션을통해 보너스도받아서 좋은거 같다고하네요","ba5f7469a70e","","0","","","0","0","0","0","0","0","1","","","","항상 용돈을 현금으로 주니까 돈관리도 안되고 경제관념도 없었는데 퍼핀을 알고부터 본인카드가 생겨서 그런지 사용내역이나 용돈관리가 직접되니 본인도 만족해하는거 같아…","아이가 경제·금융 지식을 실제로 익혔다는 경험 기반 서술 (핵심 페인포인트에 대한 반증 자료)."
"774","0a78f798-f64c-4b89-89fa-b8437566fb0f","2023-04-25","5","아이도 엄마도 너무편해요 주변에 적극추천입니다.","e3f56e07d164","23.4.1","0","","","0","0","0","0","0","0","0","","","","","6개 항목 어디에도 해당하지 않음 (기능 요청·오류 신고·단순 만족 표현 등)."
"775","09f48132-9fe0-4d75-ac13-d13e94d9909b","2023-04-25","5","아이 스스르 게임을 통해 용돈도 모을수도 있어서 너무 재미있어하고 좋아합니다. 교통카드 충전기능이 빨리 도입되었으면 좋겠습니다. 용돈 충전일이 토요일이나 일요일도 있었으면 좋겠다는 생각이 듭니다.","1859a3fd7fd1","23.4.1","4","리뷰 감사합니다! 퍼핀앱에서의 교통카드 충전 기능는 현재 한국철도공사 레일플러스와 협의 중에 있으며 하반기에 선보이게 될 수 있을 것 같습니다. 기다림을 드려 죄송하지만 앞으로 더욱 편리하고 유용한 퍼핀이 되기 위해 최선을 다해 업데이트 해나가도록 하겠습니다.","2023-05-04","0","0","1","0","1","0","0","긍정","","돈이_학습행동의_동기가_된_경험","아이 스스르 게임을 통해 용돈도 모을수도 있어서 너무 재미있어하고 좋아합니다. 교통카드 충전기능이 빨리 도입되었으면 좋겠습니다. 용돈 충전일이 토요일이나 일요일도…","퀴즈·문제풀이와 금전 보상을 연결지어 긍정적으로 서술 — 보상이 학습 행동의 이유로 제시됨."
"776","1d521e5e-740f-458d-97f8-3438846940dd","2023-04-25","4","괜찮은것같아요.첨에는좀버벅거리긴힌지만.,.잘쓸것같아요.근데애들용이니 카드가좀다양했으면하는..","a936f512f175","23.4.1","2","","","0","0","0","0","0","0","0","","","","","6개 항목 어디에도 해당하지 않음 (기능 요청·오류 신고·단순 만족 표현 등)."
"777","eb854fe4-08a4-4392-a326-6ba9a2623a45","2023-04-25","5","아이들 용돈을 현금으로 주거나 편의점 쿠폰으로 주니까 관리도 안돼고 씀씀이가 헤퍼서 어찌해야할까 고민하던차에 퍼핀을 만났어요~ 아이들이 자기 카드가 생긴다는거에 너무 신나하더라구요 ^^ 카드받아서 용돈확인하면서 쓰니까 스스로 조절할줄도 알고 모으려는 계획도 세우고 며칠안됐지만 너무 만족합니다~^^ 퀴즈내용도 경제공부에 도움될거같아서 좋네요 ㅎㅎ","8164e7494f04","23.4.1","0","리뷰 감사드립니다^^ 앞으로 퍼핀에서 합리적인 소비 뿐 아니라 저축, 투자 습관도 만들 수 있는 기능들도 준비하고 있으니 꾸준한 사용 해보시길 바랍니다~ 앞으로 더욱 편리하고 유용한 퍼핀이 되기 위해 최선을 다해 업데이트 해나가도록 하겠습니다!!","2023-05-04","0","0","0","0","0","0","1","","","","… 세우고 며칠안됐지만 너무 만족합니다~^^ 퀴즈내용도 경제공부에 도움될거같아서 좋네요 ㅎㅎ","아이가 경제·금융 지식을 실제로 익혔다는 경험 기반 서술 (핵심 페인포인트에 대한 반증 자료)."
"778","598387f8-855c-43dc-b19f-db47afe54f57","2023-04-25","5","퍼핀은 아이들의 경제활동 돈의 중요함과 개념을 일깨워주는 좋은앱입니다.어른들이 하는걸 따라하길 좋아하는 아이들에게 자기만의 카드가있고 카드로 결제하고 너무 좋아라하네요 학습활동을 통해 보상도 받을수있어 꾸준히 아이들이 문제를 맞추고 학습에도 도움이되니 너무 좋네요 앞으로도 기대됩니다","c973ee07bc47","23.4.1","3","","","0","0","1","0","1","0","1","긍정","","돈이_학습행동의_동기가_된_경험","…요 학습활동을 통해 보상도 받을수있어 꾸준히 아이들이 문제를 맞추고 학습에도 도움이되니 너무 좋네요 앞으로도 기대됩니다","퀴즈·문제풀이와 금전 보상을 연결지어 긍정적으로 서술 — 보상이 학습 행동의 이유로 제시됨."
"779","ea3bf5b6-fb6c-4d54-8136-7a345f9b27e0","2023-04-25","5","해외에서 이미 검증된 스타트업 아이템이라 국내에도 출시되기를 기다리고 있었습니다 아이들이 어떤 문제를 풀고있는지 부모도 같이 확인할 수 있으면 좋겠고 용돈을 더 받을 수 있는 경제 관련 게임 아이템 등도 추가되면 좋겠습니다","f3415db5e1cd","23.4.1","2","","","0","1","0","0","0","0","0","","직접","부모_체계적_금융학습_확인_부족","아이들이 어떤 문제를 풀고있는지 부모도 같이 확인할 수 있으면 좋겠고","부모가 아이의 학습 내용을 확인할 수 없음."
"780","2e9bf1c8-7a68-4e6c-90d6-3f0d0680518e","2023-04-25","5","초4학년 아이 용돈 습관 들이려고 시작했는데 경제공부까지 할수있어서 무척 유익한것같아요","487b2c716bc0","23.4.1","0","","","0","0","0","0","0","0","1","","","","초4학년 아이 용돈 습관 들이려고 시작했는데 경제공부까지 할수있어서 무척 유익한것같아요","아이가 경제·금융 지식을 실제로 익혔다는 경험 기반 서술 (핵심 페인포인트에 대한 반증 자료)."
"781","e496b808-277a-490b-b35d-7bdd9276a30d","2023-04-25","5","교통카드도 자주 안쓰다 우연찮게 보게된 퍼핀카드를 보고 경제교육과 함께 용돈관리까지 한꺼번에 할수 있기에 바로 신청했어요. 아이는 본인 이름으로 온 카드도 신기했지만 금융상식으로 또 한번더 배워가면서 용돈을 더 받을수 있기에 더 열심히 합니다.","b488d4b53f3b","23.4.1","2","","","0","0","1","0","1","0","1","긍정","","돈이_학습행동의_동기가_된_경험","…통카드도 자주 안쓰다 우연찮게 보게된 퍼핀카드를 보고 경제교육과 함께 용돈관리까지 한꺼번에 할수 있기에 바로 신청했어요. 아이는 본인 이름으로 온 카드도 신기했지…","퀴즈·문제풀이와 금전 보상을 연결지어 긍정적으로 서술 — 보상이 학습 행동의 이유로 제시됨."
"782","8e2f5a61-8025-4cf8-a21a-5c3dce0d528e","2023-04-25","5","아이 용돈을 현금으로 주기도 힘들고, 용돈기입장도 따로 작성하라고 하기도 쉽지않던 차에 초등용돈카드라고 퍼핀을 알게 되었습니다. 앞으로 카드나 페이로 생활하게 될 세대인데 미리 소액부터 경험하게해주는 게 좋간 것 같아요. 매일푸는퀴즈도 간단하지만 재미있게 금융상식을 알려주어 좋은 것 같습니다. 양쪽부모 함께 관리 할 수 있고 교통카드기능도 있어 대만족입니다.","4f7c8a5fe185","23.4.1","2","","","0","0","0","0","0","0","1","","","","… 좋간 것 같아요. 매일푸는퀴즈도 간단하지만 재미있게 금융상식을 알려주어 좋은 것 같습니다. 양쪽부모 함께 관리 할 수 있고 교통카드기능도 있어 대만족입니다.","아이가 경제·금융 지식을 실제로 익혔다는 경험 기반 서술 (핵심 페인포인트에 대한 반증 자료)."
"783","b0bcb8c5-8850-480e-a6a6-d99cd4168cee","2023-04-25","5","일단 아이 이름으로 된 카드를 만들 수 있고 페이도 등록할 수 있고, 아이와 부모 모두 잔액확인과 사용내역을 알 수 있어서 좋습니다. 딱 필요한 앱이 였어서 광고보고 바로 설치하고 카드신청했어요! 깨알같이 퀴즈풀고 용돈 받는 것도 아이가 흥미로워하네요~","026621ce06b3","23.4.1","4","","","0","0","1","0","1","0","0","긍정","","돈이_학습행동의_동기가_된_경험","…어서 광고보고 바로 설치하고 카드신청했어요! 깨알같이 퀴즈풀고 용돈 받는 것도 아이가 흥미로워하네요~","퀴즈·문제풀이와 금전 보상을 연결지어 긍정적으로 서술 — 보상이 학습 행동의 이유로 제시됨."
"784","3fdbe74f-5fea-4f46-b85c-655613c6e48f","2023-04-25","5","애들둘한테 용돈과 경제관념을 알려주기 딱좋네요.교통카드까지 되서 너무 편리하네요","4f936a6bec3d","23.4.1","2","","","0","0","0","0","0","0","0","","","","","6개 항목 어디에도 해당하지 않음 (기능 요청·오류 신고·단순 만족 표현 등)."
"785","3379e9fb-cfdc-47c9-aa6c-16201bea8423","2023-04-25","5","초등 딸에게 돈관리 개념을 스스로 터득하도록 하고 싶어 용돈 관리할 툴이 필요했는데 너무 유용합니다~^^퀴즈 많이 풀고 싶데요~ 300원,500원의 소중함을 알아가더라구요...ㅋ자기 카드로는 절대 안써요..ㅎ","92369c78cf15","23.4.1","0","","","0","0","0","0","1","0","1","긍정","","아이의_학습_지속_흥미_이용의욕","초등 딸에게 돈관리 개념을 스스로 터득하도록 하고 싶어 용돈 관리할 툴이 필요했는데 너무 유용합니다~^^퀴즈 많이 풀고 싶데요~ 300원,500원의 소중함을 알아…","아이의 학습(퀴즈·투자체험) 흥미·지속·의욕을 언급 (긍정)."
"786","083e76ec-6f7b-49f7-98b5-82b0b635aa1f","2023-04-25","5","국민카드 주사용자인데 퍼핀카드 출시 메세지를 받고 바로 신청했는데 아이가 너무 좋아하네요. 생애 첫 본인카드라고~ 매일 퀴즈와 함께 간단한 경제 상식도 알수 있고 용돈도 벌고요 아이가 아쉬워하는건 카드 이미지가 단일화되어 있어 다양한 선택이 없다는 거네요 네이버페이통해서 삼성페이 등록해서 쓸수 있는것도 좋네요","b86222945f6d","23.4.1","35","리뷰 감사합니다. 카드 디자인은 추가 중에 있으며 하반기에 선보일 예정입니다^^ 네이버페이에 등록하시어 잘 활용해주고 계시는군요! 앞으로 더욱 편리하고 유용한 퍼핀이 되기 위해 최선을 다해 업데이트 해나가도록 하겠습니다!","2023-05-04","0","0","1","0","0","0","1","","","돈이_학습행동의_동기가_된_경험","…아이가 너무 좋아하네요. 생애 첫 본인카드라고~ 매일 퀴즈와 함께 간단한 경제 상식도 알수 있고 용돈도 벌고요 아이가 아쉬워하는건 카드 이미지가 단일화되어 있어 …","퀴즈·문제풀이와 금전 보상을 연결지어 긍정적으로 서술 — 보상이 학습 행동의 이유로 제시됨."
"787","2cdb8392-522f-416c-8729-ede3b21381e8","2023-04-25","4","초4여아맘입니다. 아이가 하교후 편의점에서 간식사먹는때가되어 용돈을주는데 현금관리가 불편하던중 퍼핀을알게되어 바로발급받구 잘사용하고있어요. 경제관념에대해 덤으로학습하게되고 만족스럽지만 단한가지 실시간사용내역이 아이가아닌 학부모에게왔으면 좋겠어요. 이부분이 아쉬워서 별하나빼요~~","2695315b7599","23.4.1","2","","","0","0","0","0","0","0","1","","","","…편하던중 퍼핀을알게되어 바로발급받구 잘사용하고있어요. 경제관념에대해 덤으로학습하게되고 만족스럽지만 단한가지 실시간사용내역이 아이가아닌 학부모에게왔으면 좋겠어요. …","아이가 경제·금융 지식을 실제로 익혔다는 경험 기반 서술 (핵심 페인포인트에 대한 반증 자료)."
"788","d4a1fd65-f662-46a7-bf45-18a82ecb2c56","2023-04-25","5","아들용돈카드로 추천받았는데 진짜편하고 아들도 학습보상에 푹빠졌어요. 저도현금주면 불안했는데 학습으로 보상도얻고 착한일하면 보상으로 용돈주고 아주좋아요!!!","e734df04c7ce","23.4.1","1","","","0","0","1","0","1","0","0","긍정","","돈이_학습행동의_동기가_된_경험","아들용돈카드로 추천받았는데 진짜편하고 아들도 학습보상에 푹빠졌어요. 저도현금주면 불안했는데 학습으로 보상도얻고 착한일하면 보상으로 용돈주고 아주좋아요!!!","퀴즈·문제풀이와 금전 보상을 연결지어 긍정적으로 서술 — 보상이 학습 행동의 이유로 제시됨."
"789","eb554eb5-339e-4ceb-89b3-adaaf26d1773","2023-04-25","5","아이들용돈관리하기에 좋은것같아요! 문제풀면서 용돈얻고하니 애들도 더 재밌어해요","ff442cfaae5d","23.4.1","0","","","0","0","1","0","1","0","0","긍정","","돈이_학습행동의_동기가_된_경험","아이들용돈관리하기에 좋은것같아요! 문제풀면서 용돈얻고하니 애들도 더 재밌어해요","퀴즈·문제풀이와 금전 보상을 연결지어 긍정적으로 서술 — 보상이 학습 행동의 이유로 제시됨."
"790","effa3459-2a0d-4f2d-9ee0-f57553d4c21e","2023-04-25","5","무엇보다 아들이 좋아해요 자기카드가 생기고 색깔도 이쁘다고","88d9354be42e","23.4.1","2","","","0","0","0","0","0","0","0","","","","","6개 항목 어디에도 해당하지 않음 (기능 요청·오류 신고·단순 만족 표현 등)."
"791","70bc5776-0db5-4e77-87e3-355560cfdc88","2023-04-25","5","아이 용돈을 어떻게 줄까 고민하다가 발견하고 바로 신청했어요. 용돈 주기도 편하고 아이도 사용하기 편하고 경제교육까지 같이 가능하니 넘 좋은거 같아요~","438d7228d368","23.4.1","2","","","0","0","0","0","0","0","1","","","","아이 용돈을 어떻게 줄까 고민하다가 발견하고 바로 신청했어요. 용돈 주기도 편하고 아이도 사용하기 편하고 경제교육까지 같이 가능하니 넘 좋은거 같아요~","아이가 경제·금융 지식을 실제로 익혔다는 경험 기반 서술 (핵심 페인포인트에 대한 반증 자료)."
"792","7ba50370-88b8-4113-b88a-7de7d14ffa85","2023-04-25","5","우연히 광고보고 알게되었는데 만족해요. 5학년남자아이인데 카드가 유치하지 않아서 좋다네요. 디자인이 좀 더 다양했으면 전 더 좋았을거 같은데 맘에 들어하는거 보니 기분이 좋네요. 카드오자마자 본인이 등록시키고 기분 업업입니다. 잘 관리하여 썼으면 좋겠네요","46daad95c52d","23.4.1","3","","","0","0","0","0","0","0","0","","","","","6개 항목 어디에도 해당하지 않음 (기능 요청·오류 신고·단순 만족 표현 등)."
"793","2012cdcf-6f99-4ab9-95ec-017d705fde89","2023-04-25","5","아이들에게 너무나 유익한 어플입니다.저도 아이들이 얼마나 용돈을 썼는지 알수 있으니 편하고 좋네요~","f3f9786eeca1","23.4.1","0","","","0","0","0","0","0","0","0","","","","","6개 항목 어디에도 해당하지 않음 (기능 요청·오류 신고·단순 만족 표현 등)."
"794","308a96b6-52e1-4927-aceb-531b050bd80e","2023-04-25","4","신청후 카드발급도 금방되고, 아이가 매일 퀴즈풀고, 사용내역도 공유되어 좋아요!","27fdf88e3cc3","23.4.1","0","","","0","0","0","0","1","0","0","긍정","","아이의_학습_지속_흥미_이용의욕","신청후 카드발급도 금방되고, 아이가 매일 퀴즈풀고, 사용내역도 공유되어 좋아요!","아이의 학습(퀴즈·투자체험) 흥미·지속·의욕을 언급 (긍정)."
"795","64962c9c-0264-4a7d-8011-9f8624872c3e","2023-04-25","5","아이가 카드를 만들어 달라고 해서 고민하던중에 광고보고 이거다 해서 신청했네요~^^ 기존 편의점 교통카드는 사용이 제한적이고 제명의 카드만들어주려니 감당이 안되서 고민하던차에 딱이다 싶었어요^^딸 아이가 너무 좋아하더라구요~^^친구들한테도 자랑하고 소문냈더라구요~지인들도 듣더니 좋아했어요^^","d342ee9a9fc4","23.4.1","2","리뷰 감사합니다^^ 퍼핀카드는 편리한 용돈관리와 결제기능을 넘어 아이들의 경제금융 교육을 위해 만들어졌답니다~ 앞으로 더욱 편리하고 유용한 퍼핀이 될 수 있도록 최선을 다해 업데이트 해나가도록 하겠습니다!","2023-05-04","0","0","0","0","0","0","0","","","","","6개 항목 어디에도 해당하지 않음 (기능 요청·오류 신고·단순 만족 표현 등)."
"796","a41611a0-7d86-4796-8219-cf39784e2eeb","2023-04-25","5","아이 용돈카드 만들어줄려고 검색하다보니 괜찮은것 같아서 다운받고 사용하고 있네요. 어플 깔끔하고 사용하기 편하네요. 아이가 퀴즈보상 재밌어하네요. 매일 퀴즈풀고 용돈 버는 재미가 있는것 같아요.ㅎ 다만 교통카드 충전이 약간 불편해요. 올해 어플에서 충전되게 업데이트 된다고는 하는데 어여빨리 되었으면 좋겠어요~^^ 암튼. 대부분 너무 만족합니다.ㅎ","74d13a0a9606","23.4.1","49","리뷰 감사합니다^^ 퍼핀 앱에서의 교통카드 충전 기능은 현재 한국철도공사 레일플러스와 함께 협의 중에 있으며 하반기에 선보일 수 있을 것 같습니다. 기다림을 드려 매우 죄송하지만 더욱 편리하고 유용한 퍼핀이 되기 위해 최선을 다해 업데이트 해나가도록 하겠습니다!","2023-05-04","0","0","1","0","1","0","0","긍정","","돈이_학습행동의_동기가_된_경험","…고 있네요. 어플 깔끔하고 사용하기 편하네요. 아이가 퀴즈보상 재밌어하네요. 매일 퀴즈풀고 용돈 버는 재미가 있는것 같아요.ㅎ 다만 교통카드 충전이 약간 불편해요…","퀴즈·문제풀이와 금전 보상을 연결지어 긍정적으로 서술 — 보상이 학습 행동의 이유로 제시됨."
"797","afdb6372-906b-4583-82dc-763ad33ba996","2023-04-25","5","아이들용돈관리가 편해졌어요!! 퀴즈도풀고 용돈도받으니까 너무흥미로워해요","5c3037b3b6bd","23.4.1","0","","","0","0","1","0","1","0","0","긍정","","돈이_학습행동의_동기가_된_경험","아이들용돈관리가 편해졌어요!! 퀴즈도풀고 용돈도받으니까 너무흥미로워해요","퀴즈·문제풀이와 금전 보상을 연결지어 긍정적으로 서술 — 보상이 학습 행동의 이유로 제시됨."
"798","b4e6f7f3-4dfa-475b-952c-efe3858a249a","2023-04-25","5","진작에 나왔어야.. 정말 좋아요~~ 강력 추천 카드사용시 실시간 푸시알림 자녀 보상문제 공유 빠른업데이트가 되길^^","56638cc03473","23.4.1","1","","","0","1","0","0","0","0","0","","직접","부모_체계적_금융학습_확인_부족","자녀 보상문제 공유 빠른업데이트가 되길","아이가 푼 보상문제를 부모와 공유해달라는 요구 — 학습 확인 수단 부재."
"799","c29a83d1-0ea6-4885-b3dd-d121cc0bb8f2","2023-04-25","5","이제 막 용돈관리 시작입니다 2학년 개념 알려주기위해 시작했는데 아직 아이는 자기 카드가 생긴거에만 좋아하네요ㅜㅜ 퍼핀에서 교통카드잔액도 보고싶어요","68d745bef778","23.4.1","1","","","0","0","0","0","0","0","0","","","","","6개 항목 어디에도 해당하지 않음 (기능 요청·오류 신고·단순 만족 표현 등)."
"800","e2fb4c40-e028-456c-bc2f-65f678ae5835","2023-04-25","5","아이가 초등3학년이에요. 현금으로 그동안 매월 용돈을 주었는데 간혹 돈은 어디 잃어버리고 다녀서 참 고민이었는데, 퍼핀을 알게되고 카드 사용하는 방법을 알려주면서 앱안에서 사용내역 금액도 다 확인할 수 있으니 아이가 돈관리에 더욱 잘 되겠다 싶어서 신청했어요:) 일주일정도 되었는데, 아이의 카드결제내역을 부모도 확인하고 카드 분실신고등 다 앱에서 가능한점이 가장 좋았어요:) 퀴즈풀면서 용돈을 조금씩 모으는 즐거움도 아이에게 좋더라구요 ^^ 쭉 사용하려고 합니다 추천해요!!!","ecc7c26ffdc6","23.4.1","26","","","0","0","1","0","1","0","0","긍정","","돈이_학습행동의_동기가_된_경험","…드 분실신고등 다 앱에서 가능한점이 가장 좋았어요:) 퀴즈풀면서 용돈을 조금씩 모으는 즐거움도 아이에게 좋더라구요 ^^ 쭉 사용하려고 합니다 추천해요!!!","퀴즈·문제풀이와 금전 보상을 연결지어 긍정적으로 서술 — 보상이 학습 행동의 이유로 제시됨."
"801","0cff0756-624a-4c70-bb0c-74f31ee66cd4","2023-04-25","5","아이에게 용돈에대한 규칙을 정할수있어 좋아요","6129aff45788","23.4.1","1","","","0","0","0","0","0","0","0","","","","","6개 항목 어디에도 해당하지 않음 (기능 요청·오류 신고·단순 만족 표현 등)."
"802","d78d3104-12a5-46ab-b8bf-22420fee2ce1","2023-04-25","5","아이들도 잔액확인 쉽게되고 부모들도 확인 할수있고 충전해주는 것도 너무 편하고 좋아요~~~!!!","01f65f4247a3","23.4.1","0","","","0","0","0","0","0","0","0","","","","","6개 항목 어디에도 해당하지 않음 (기능 요청·오류 신고·단순 만족 표현 등)."
"803","7076eb93-a611-4fcc-97cd-06a9ae0a228e","2023-04-25","5","엄카를 주기엔 아직 애매해서 고민중이었는데 너무 편리하고 내역을 한눈에 볼수있어서 좋아요~주변 엄마들에게 추천하고있어요!","ba4ce3fbf9ef","23.4.1","0","","","0","0","0","0","0","0","0","","","","","6개 항목 어디에도 해당하지 않음 (기능 요청·오류 신고·단순 만족 표현 등)."
"804","f98f7694-76a3-4829-998a-7cf046bf70d7","2023-04-25","5","아이카드 만드는 문제로 고민이많았는데 다행이에요","299cb77eedaa","23.4.1","1","","","0","0","0","0","0","0","0","","","","","6개 항목 어디에도 해당하지 않음 (기능 요청·오류 신고·단순 만족 표현 등)."
"805","e549b1d5-539a-47e5-9a38-6c16281de94d","2023-04-25","5","너무 편리해요 요즘 용돈타령하던 우리 9살 꼬맹이에게 카드도 만들어주고 용돈도 주고 너무 좋아요😍","f0d383b9da19","23.4.1","0","","","0","0","0","0","0","0","0","","","","","6개 항목 어디에도 해당하지 않음 (기능 요청·오류 신고·단순 만족 표현 등)."
"806","5bc51fe8-6518-4e5a-a2b4-5327c34e47aa","2023-04-25","5","초등학생 딸 사용중인데 만족합니다.","d389a1987720","23.4.1","1","","","0","0","0","0","0","0","0","","","","","6개 항목 어디에도 해당하지 않음 (기능 요청·오류 신고·단순 만족 표현 등)."
"807","1d23a6ac-333c-41d0-9305-6f44de90eded","2023-04-25","5","아이가 금융뮨제를 매일 열심히 풀고 용듄 쓰는곳도 알수있고 모으는 재미도 알게되서 좋아요","a689dd03d4c0","23.4.1","1","","","0","0","0","0","1","0","0","긍정","","아이의_학습_지속_흥미_이용의욕","아이가 금융뮨제를 매일 열심히 풀고 용듄 쓰는곳도 알수있고 모으는 재미도 알게되서 좋아요","아이의 학습(퀴즈·투자체험) 흥미·지속·의욕을 언급 (긍정)."
"808","1328fa58-bab3-42aa-8b05-fd7bac6202b8","2023-04-25","5","알림이와서 좋아요. 하지만 카드소비 확인은 쉽지만 예적금이 상품이 없어서 조금 그래요 그래도 카드알림 와서 좋아요.","34039ccd59e1","23.4.1","1","","","0","0","0","0","0","0","0","","","","","6개 항목 어디에도 해당하지 않음 (기능 요청·오류 신고·단순 만족 표현 등)."
"809","a29e3ce1-4a95-4d98-a71d-d331ccd566a2","2023-04-25","4","앱사용성도 좋고 아이도 쉽게 이용해서 좋아요. 다만 아이가 학습한 내용을 부모폰에서 볼수없어서 아쉬워요ㅠㅠ","58c5cae8f3cd","23.4.1","2","","","0","1","0","0","0","0","0","","직접","부모_체계적_금융학습_확인_부족","다만 아이가 학습한 내용을 부모폰에서 볼수없어서 아쉬워요","부모가 아이 학습 내용을 볼 수 없음 — 가장 간결한 직접 근거."
"810","cf0a33a3-54cb-46bd-a48d-534229362f55","2023-04-24","5","너무 편리하게 사용할수 있어서 좋아요 ^^","523928491fc0","23.4.1","1","리뷰 감사합니다^^ 더욱 편리하고 유용한 퍼핀이 되기 위해 앞으로 꾸준히 업데이트 해나가도록 하겠습니다!","2023-04-24","0","0","0","0","0","0","0","","","","","6개 항목 어디에도 해당하지 않음 (기능 요청·오류 신고·단순 만족 표현 등)."
"811","d0279024-9307-4ecd-958d-b392fc481e35","2023-04-23","5","용돈이랑 교통카드까지 같이 쓸수있어서 너무 편리해요!! 강추합니다","527dbc3d71c9","23.4.1","1","리뷰 감사합니다! 퍼핀은 편리한 결제 수단과 용돈 관리 기능을 넘어 금융 교육적 목적으로 만들어졌답니다. 앞으로도 더욱 유용하고 간편한 퍼핀이 되기 위해 최선을 다해 업데이트 해나가겠습니다!!","2023-04-24","0","0","0","0","0","0","0","","","","","6개 항목 어디에도 해당하지 않음 (기능 요청·오류 신고·단순 만족 표현 등)."
"812","c92e7f96-7180-4e50-8d92-92eddb75c7e0","2023-04-23","5","퍼핀카드 유횽하게. 사용중입니다 아이도 자신에 카드에 만족하며 뿌듯해하는 모습이 만들어주길 잘했다 나에게 칭찬도 함께 만드세요. 꼭.꼭.꼭","1745a63267ca","23.4.1","3","리뷰 감사합니다. 퍼핀은 편리한 결제 수단과 용돈 관리 기능을 넘어 금융 교육적 목적으로 만들어졌답니다. 자녀 분께 최고의 선물 해주신 부모님께도 박수 드려요^^ 앞으로도 더욱 유용한 퍼핀이 되기 위해 최선을 다해 업데이트 해나가겠습니다!!","2023-04-24","0","0","0","0","0","0","0","","","","","6개 항목 어디에도 해당하지 않음 (기능 요청·오류 신고·단순 만족 표현 등)."
"813","e46da21c-eb6c-4b0f-8f92-7cf697e59ff3","2023-04-22","4","너무 좋습니다 한달에 얼마, 매주 금요일에 얼마 이렇개 돈이 들어오는 시스템이 너무 좋아요 근데 교통카드로 사용이 안되나요?","9c85ba9e132f","23.4.1","0","리뷰 감사합니다. 교통카드 사용 가능합니다^^ 앱 내 고객센터에서 교통카드 검색해주시면 할인요금 등록 방법 및 충전 안내 자세히 나와있으니 확인 꼭 부탁드려요!","2023-04-22","0","0","0","0","0","0","0","","","","","6개 항목 어디에도 해당하지 않음 (기능 요청·오류 신고·단순 만족 표현 등)."
"814","c3465218-17f1-4faf-941c-24a00dc68beb","2023-04-22","5","정말 너무 유용합니다. 용돈기입장 매일 밀려쓰던 아이가 저절로 관리가 됩니다. 큰아이도 만들어주고싶은데 아이폰이에요ㅠ 4월중에 사용가능하다고 봤는데 언제 될까요?","136b262db519","23.4.1","2","리뷰 감사합니다! 아이폰은 다음주 중에 출시 예정이에요^^ 앞으로 더욱 유용하고 편리한 퍼핀이 되기 위해 최선을 다해 업데이트 해나갈 예정이니 기대해주세요~","2023-04-22","0","0","0","0","0","0","1","","","","정말 너무 유용합니다. 용돈기입장 매일 밀려쓰던 아이가 저절로 관리가 됩니다. 큰아이도 만들어주고싶은데 아이폰이에요ㅠ 4월중에 사용가능하다고 봤는데 언제 될까요?","아이가 경제·금융 지식을 실제로 익혔다는 경험 기반 서술 (핵심 페인포인트에 대한 반증 자료)."
"815","a2531e96-0563-4004-8b12-d07159c30bfb","2023-04-22","5","너무유용하게잘쓰고잇습니다~잔액확인도애들이확인할수도잇고..미션으로용돈도대고~일석이조네요^^","bdc992b87090","","2","리뷰 감사합니다^^ 퍼핀은 편리한 결제 수단과 용돈 관리 기능을 넘어 금융 교육적 목적으로 만들어졌답니다. 앞으로도 가족의 삶에 더욱 도움되는 퍼핀이 되기 위해 최선을 다해 업데이트 해나가겠습니다!!","2023-04-22","0","0","0","0","0","0","0","","","","","6개 항목 어디에도 해당하지 않음 (기능 요청·오류 신고·단순 만족 표현 등)."
"816","ad13d9a9-f478-4b8c-9de4-adcb264b17f0","2023-04-21","5","아이부자에서 갈아탔어요 아이가 쓴 내역 보이는 게 진짜 혁신인 듯.. KB랑 한다니까 믿을 수 있고 뭣보다 브랜드가 딱딱한 금융같지 않고 세련됐어요 아이도 카드가 촌스럽지 않다며 좋아합니다 ㅎㅎ","282255649d3a","","2","리뷰 감사합니다. 퍼핀은 편리한 사용자경험을 최우선으로 하고 있어요. 디자인도 마음에 드셨다니 뿌듯하네요^^ 앞으로 최고의 경험을 위해 다양한 기능과 콘텐츠 업데이트를 꾸준히 해나가도록 하겠습니다!","2023-04-22","0","0","0","0","0","0","0","","","","","6개 항목 어디에도 해당하지 않음 (기능 요청·오류 신고·단순 만족 표현 등)."
"817","0acc8f5c-6855-4f47-aede-81f8e0f24853","2023-04-21","1","과장광고가 너무 심해요 뭐가 메타버스고 뭐가 혁신적인 교육이라는건지","011f9822e025","23.4.1","3","만족스러운 경험을 드리지 못한 것 같아 아쉬운 마음입니다. 가상세계 퍼핀월드는 무엇보다 아이들이 재밌고 자연스럽게 생활 경제와 금융을 익힐 수 있도록 구현되었습니다. 실제 자녀분과 용돈계약 체결 후 꾸준히 사용해보시길 바라며 사용자 경험 속에서 혁신적 교육 효과를 체감하실 수 있도록 순차적인 업데이트들이 예정되어 있으니 기대해주셔도 좋아요!","2023-04-22","0","1","0","0","0","0","0","","간접","부모_체계적_금융학습_확인_부족","과장광고가 너무 심해요 뭐가 메타버스고 뭐가 혁신적인 교육이라는건지","교육의 실체와 체계성 자체에 대한 불신 (1점 리뷰)."
"818","099f1dbe-7653-412a-be73-e55e5ef4459c","2023-04-20","5","너무좋아요..현금이아니라카드..넘편해요","b152e377d3d3","23.4.1","2","리뷰 감사합니다. 퍼핀은 편리한 결제 수단을 넘어 용돈 관리와 금융 교육적 목적으로 만들어졌답니다^^ 앞으로도 더욱 편리하고 도움되는 퍼핀이 되기 위해 최선을 다해 업데이트 해나가겠습니다!!","2023-04-20","0","0","0","0","0","0","0","","","","","6개 항목 어디에도 해당하지 않음 (기능 요청·오류 신고·단순 만족 표현 등)."
"819","e0e04b06-cb46-4e59-90b3-70097cf6a0c5","2023-04-19","5","우연히 웹서핑하다 발견해서 얼릉 신청했답니다. 딸아이가 카드 귀엽다고 하네요. 금융문제도 있고 본인들이 무얼 썼는지 한달후 가족회의 안건으로도 될거 같아요. 은행에서는 무척 복잡했는데 퍼핀은 인증만으로 땡~완전 간편해서 좋아요. 한달 사용 후 후기 올려볼께요","28d4099e97ea","23.4.1","3","리뷰 감사합니다! 디자인이 마음에 들었다니 흐뭇하고 뿌듯하네요^^ 사용내역을 가족이 함께 보며 발전적인 회의가 진행된다면 최고의 가정금융교육이 될 것 같아요. 앞으로 더욱 편리하고 유용한 퍼핀이 되도록 최선을 다해 업데이트 해나가도록 하겠습니다!","2023-04-19","0","0","0","0","0","0","0","","","","","6개 항목 어디에도 해당하지 않음 (기능 요청·오류 신고·단순 만족 표현 등)."
"820","8072d551-4ce6-403c-94ed-cd9ef0f3d83b","2023-04-19","5","하루 이용 금액이 20으로 제한이 되어있는데, 만약 용돈을 쓰지 않아서 모이게 되면 앱에서 은행으로 이체가 가능 한가요?","4461d46b7d91","23.4.1","1","리뷰 감사합니다! 자녀 지갑의 돈은 부모님의 지갑으로 반환 처리가 가능하며, 현금 사고 방지를 위해 타인 또는 타계좌로 송금은 제한하고 있습니다. 부모님께 반환하는 절차 안내는 앱 내 고객센터 1:1문의 통해 드리도록 하겠습니다^^","2023-04-19","0","0","0","0","0","0","0","","","","","6개 항목 어디에도 해당하지 않음 (기능 요청·오류 신고·단순 만족 표현 등)."
"821","06e8f34b-d69a-44f3-9cc2-72acaa40b0c1","2023-04-19","5","다른건 좋은데.. 교통카드 충전하는 방법을 모르겠네요.. 편의점에선 충전이 안되는데 충전방식이 알고싶어요~","1029b3017f36","23.4.1","2","리뷰 감사합니다. 교통카드는 현재 역사 내 충전기 또는 CU, 이마트24, 스토리웨이 편의점에서 현금 충전이 가능해요^^ 교통카드 충전 편리성을 높이기 위한 업데이트도 준비 중이니 조금만 기다려주세요~ 자세한 안내는 퍼핀앱 내 고객센터에서 확인하실 수 있으며 1대1 문의 언제든 가능하니 편히 문의주시길 바랍니다!","2023-04-19","0","0","0","0","0","0","0","","","","","6개 항목 어디에도 해당하지 않음 (기능 요청·오류 신고·단순 만족 표현 등)."
"822","34b1293a-151c-4091-aab2-79a255751e64","2023-04-17","5","부모와 아이가 자신의 휴대폰에서 용돈내역을 확인할 수 있어 좋아요 용돈 관리가 수월해졌어요 금융학습하며 보상도 해주니 아이가 좋아해요","10f6fa1dc41f","23.4.1","2","리뷰 감사합니다^^ 퍼핀은 편리한 용돈 관리와 자녀의 올바른 돈 개념 형성, 경제금융 교육을 돕기 위해 만들어졌어요. 용돈계약을 통해 제한된 정기용돈 생활을 할 수 있도록 제안 드려봅니다^^ 앞으로도 더욱 편리하고 도움되는 퍼핀이 되기 위해 최선을 다해 업데이트 해나가겠습니다!!","2023-04-17","0","0","1","0","1","0","0","긍정","","돈이_학습행동의_동기가_된_경험","부모와 아이가 자신의 휴대폰에서 용돈내역을 확인할 수 있어 좋아요 용돈 관리가 수월해졌어요 금융학습하며 보상도 해주니 아이가 좋아해요","퀴즈·문제풀이와 금전 보상을 연결지어 긍정적으로 서술 — 보상이 학습 행동의 이유로 제시됨."
"823","2f088301-9c2f-47cd-b04a-a06a6c166184","2023-04-17","5","아직 도착 전이라 사용 전이지만 아이들에게나 부모에게나 너무 좋은 카드와 앱인 것 같아요~ 중딩아들도 해주려했는데 아직 아이폰은 안되네요ㅠ 아이폰도 하루 빨리 사용가능하게 부탁드려봅니다--😊","e677335f72d2","23.4.1","1","리뷰 감사합니다. 퍼핀은 편리한 용돈 관리와 자녀의 올바른 돈 개념 형성, 경제금융 교육을 돕기 위해 만들어졌어요. 앞으로도 더욱 편리하고 도움되는 퍼핀이 되기 위해 최선을 다해 업데이트 해나가겠습니다!! 아이폰은 4월말 출시 예정이니 조금만 더 기다려주시길 부탁드려요^^","2023-04-17","0","0","0","0","0","0","0","","","","","6개 항목 어디에도 해당하지 않음 (기능 요청·오류 신고·단순 만족 표현 등)."
"824","caf20652-5987-49d6-9ba1-fb8f9b661010","2023-04-16","5","경제 상식도 알고 아이가 용돈관리를 더 철저히 하네요. 큰애는 이미..가지고 있던 용돈 다 제출하고 넣어달라고...지출후에 지출내역도 작성할수 았다며 너무 좋아해요~^^","23830218e5d1","23.4.1","1","리뷰 감사합니다^^ 퍼핀은 편리한 용돈 관리와 자녀의 올바른 돈 개념 형성, 경제금융 교육을 돕기 위해 만들어졌어요. 용돈계약을 통해 제한된 정기용돈 생활을 할 수 있도록(추가 용돈은 최소한) 제안 드려봅니다^^ 앞으로도 더욱 편리하고 도움되는 퍼핀이 되기 위해 최선을 다해 업데이트 해나가겠습니다!!","2023-04-17","0","0","0","0","0","0","1","","","","경제 상식도 알고 아이가 용돈관리를 더 철저히 하네요. 큰애는 이미..가지고 있던 용돈 다 제출하고 넣어달라고...지출후에 지출내역도 작성할수 았다며 너무 좋아해…","아이가 경제·금융 지식을 실제로 익혔다는 경험 기반 서술 (핵심 페인포인트에 대한 반증 자료)."
"825","5ad508f4-8e0d-4fad-b367-e4402fffe44f","2023-04-15","5","용돈관리 겸 교통카드가 필요해서 시작했는데 생각보다 훨씬 좋은 것 같아요. 금융지식을 익힐 수 있는 것도 좋구요. 조금 더 다양한 편리 기능이 추가되면 좋겠다 싶기도 해요.","7f3cee14f1af","23.4.1","5","리뷰 감사합니다. 퍼핀은 편리한 카드 결제수단의 기능을 넘어 편리한 용돈 관리와 자녀의 올바른 돈 개념 형성, 경제금융 교육을 돕기 위해 만들어졌답니다^^ 앞으로도 더욱 편리하고 도움되는 퍼핀이 되기 위해 최선을 다해 업데이트 해나가겠습니다!!","2023-04-16","0","0","0","0","0","0","1","","","","…요해서 시작했는데 생각보다 훨씬 좋은 것 같아요. 금융지식을 익힐 수 있는 것도 좋구요. 조금 더 다양한 편리 기능이 추가되면 좋겠다 싶기도 해요.","아이가 경제·금융 지식을 실제로 익혔다는 경험 기반 서술 (핵심 페인포인트에 대한 반증 자료)."
"826","ff358853-cfc2-42f3-b14e-3b688c92f6c7","2023-04-14","5","우연히 알게되어 어플깔고 카드신청했는데 아이가 너무 좋아하네요~~카드와서 등록하고 용돈까지 딱 넣어줬어요~ 초등학생이라 아이이름으로 체크카드발급이 안되어서 아쉬었는데 아이도 아이이름의 카드를 받으니 넘 좋아해요 경제교육도 시킬수있고 좋아요~","ac25a0e8039c","23.4.1","4","리뷰 감사합니다. 퍼핀은 편리한 카드 결제수단의 기능을 넘어 편리한 용돈 관리와 자녀의 올바른 돈 개념 형성, 경제금융 교육을 돕기 위해 만들어졌답니다^^ 앞으로도 더욱 편리하고 도움되는 퍼핀이 되기 위해 최선을 다해 업데이트 해나가겠습니다!!","2023-04-15","0","0","0","0","0","0","1","","","","…쉬었는데 아이도 아이이름의 카드를 받으니 넘 좋아해요 경제교육도 시킬수있고 좋아요~","아이가 경제·금융 지식을 실제로 익혔다는 경험 기반 서술 (핵심 페인포인트에 대한 반증 자료)."
"827","cb526770-fd61-4eac-be6b-ea11a6e6a776","2023-04-13","5","광고보고 초4 아이한테 너무 필요할것같아서 다운받았어요. 인증받고 아이 핸드폰에 다운받으려는데 아이폰에는 아직 어플이 안나왔네요ㅠㅠㅋㅋㅋㅋ 앱스토어에도 빨리 출시하길 기다릴게요!!","7685386fd136","23.4.1","5","기다려주셔서 매우 감사합니다^^ 아이폰 앱 출시와 더불어 다양한 이벤트와 더욱 개선된 기능, 컨텐츠들이 많이 준비되어 있으니 기대해주셔도 좋습니다!","2023-04-14","0","0","0","0","0","0","0","","","","","6개 항목 어디에도 해당하지 않음 (기능 요청·오류 신고·단순 만족 표현 등)."
"828","397b7179-befc-45a4-8cc5-c514bb42df0d","2023-04-13","5","아이들이 현금용돈 주다가 카드에 넣어주니 돈을 더 아껴쓰네요^^ 잘 쓰겠습니다 교통카드는 아직 해보지 않았는데 이레일플러스 등록하면 사용할수 있는거 맞지요?","8e5eee625cbc","23.4.1","0","리뷰 감사합니다^^ 계획적이고 합리적인 소비습관을 기를 수 있도록 다양한 기능과 교육콘텐츠를 업데이트 해나갈 예정이에요. 교통카드 어린이청소년 할인등록을 해주시면 할인 적용이 되어요! 관련 문의는 퍼핀앱 고객센터를 통해 확인 부탁드립니다~","2023-04-13","0","0","0","0","0","0","0","","","","","6개 항목 어디에도 해당하지 않음 (기능 요청·오류 신고·단순 만족 표현 등)."
"829","e5fac5a6-4afa-41bc-8034-e0dc13103093","2023-04-12","5","많이 기다렸는데 드디어 출시했네요. 체계적인 퀴즈 학습이 넘 마음에 들어요. 게임하듯이 풀어갈 수 있어서 아이도 마음에 들어하네요! 온라인 결제가 가능한 카드도 굿~! 앞으로 더 많은 좋은 서비스 기대합니다.","728ee7d6cb4b","23.4.1","17","출시 기다려주시고 리뷰도 남겨주셔서 매우 감사드려요^^ 퍼핀월드를 완성하기 위해 최고의 전문가들이 노력했고 앞으로도 계속 확장해나갈 예정이에요. 향후 업데이트 될 다양하고 도움되는 기능 및 컨텐츠들이 대기하고 있으니 꾸준한 사용 부탁드립니다!","2023-04-12","0","0","0","0","1","0","1","긍정","","아이의_학습_지속_흥미_이용의욕","많이 기다렸는데 드디어 출시했네요. 체계적인 퀴즈 학습이 넘 마음에 들어요. 게임하듯이 풀어갈 수 있어서 아이도 마음에 들어하네요! 온라인 결제가 가능한 카드도 …","아이의 학습(퀴즈·투자체험) 흥미·지속·의욕을 언급 (긍정)."
"830","2391a333-43f9-463b-9f8a-14ec049c3c67","2023-04-11","5","아이들과 함께 경제개념을 잡아갈 수 있을 기대가 되네요. 우선 게임같이 아이들이 너무 흥미로워해요 ^^","7452dfc1ddf4","23.4.1","1","리뷰 감사합니다. 경제와 금융에 대한 흥미가 높아지고 개념이 쌓이면 사회를 바라보는 시야도 넓혀지고 삶을 살아가는 태도가 바뀔 수 있지요^^ 퍼핀은 편리한 용돈 관리와 자녀의 올바른 돈 개념 형성, 경제금융 교육을 돕기 위해 만들어졌답니다. 앞으로도 더욱 편리하고 도움되는 퍼핀이 되기 위해 최선을 다해 업데이트 해나가겠습니다!!","2023-04-11","0","0","0","0","1","0","0","긍정","","아이의_학습_지속_흥미_이용의욕","아이들과 함께 경제개념을 잡아갈 수 있을 기대가 되네요. 우선 게임같이 아이들이 너무 흥미로워해요 ^^","아이의 학습(퀴즈·투자체험) 흥미·지속·의욕을 언급 (긍정)."
"831","42573327-bb89-4d4a-97f4-3504ca16f953","2023-04-11","5","아이들 용돈 카드 생겨서 좋아요 어디가 사용했는지 볼수도 있고 선불교통카드 있고 아이들한테 카드가 있어서 좋아요","91c6ce22ccde","23.4.1","1","리뷰 감사합니다. 퍼핀은 편리한 용돈 관리와 자녀의 올바른 돈 개념 형성, 경제금융 교육을 돕기 위해 만들어졌어요. 용돈계약을 통해 보다 주도적인 아이로 성장할 수 있도록 지원 부탁드려봅니다^^ 앞으로도 더욱 편리하고 도움되는 퍼핀이 되기 위해 최선을 다해 업데이트 해나가겠습니다!!","2023-04-11","0","0","0","0","0","0","0","","","","","6개 항목 어디에도 해당하지 않음 (기능 요청·오류 신고·단순 만족 표현 등)."
"832","05bc1c0b-2600-468a-8fc6-41205dc02bd4","2023-04-11","5","안그래도 아이에게 카드를 주고싶었는데 너무 좋네요 요즘 모든 거래가 카드 화 되어가니 현금은 가지고 있는게 불편해 보여서 잘 안주게 되더라구요 현명한 카드 소비 실천하겠습니다","0dc20958edd9","23.4.1","1","리뷰 감사합니다. 현금은 분실 사고도 빈번해서, 즉시 분실신고도 가능하고 내역도 확인할 수 있는 카드가 더욱 안전한 면이 많답니다^^ 퍼핀은 편리한 용돈 관리와 자녀의 올바른 돈 개념 형성, 경제금융 교육을 돕기 위해 만들어졌어요. 용돈계약을 통해 보다 주도적인 아이로 성장할 수 있도록 지원 부탁드려봅니다^^ 앞으로도 더욱 편리하고 도움되는 퍼핀이 되기 위해 최선을 다해 업데이트 해나가겠습니다!!","2023-04-11","0","0","0","0","0","0","0","","","","","6개 항목 어디에도 해당하지 않음 (기능 요청·오류 신고·단순 만족 표현 등)."
"833","95a1181d-bb68-4115-bdb5-8ff0bd042849","2023-04-11","5","아이들에게 현금으로 용돈을 주니 출처나 가계내역을 알 수 없어 작지만 현금흐름이 원할하게 돌아가지 못해 현금카드를 찾다 우연치 않게 퍼핀을 알게되었어요. 디자인도 이쁘고 아이들에게 카드와 휴대폰 케이스 지갑을 선물하니 좋아하네요. 큰 금액도 들어가지 않아 최고의 선택이지 않을까 생각합니다.","58ec94d58d2b","23.4.1","3","리뷰 감사합니다. 카드 선물도 엄청난데 폰케이스 지갑까지 선물 주시는 팩트바웃님은 센스 넘치는 부모님이세요!^^ 퍼핀은 특히 부모님의 보호와 관리가 더욱 필요한 아이들과 안전을 최우선으로 하는 부모님의 목소리를 최대한 담으려고 노력하고 있답니다. 앞으로도 더욱 편리하고 도움되는 퍼핀이 되기 위해 최선을 다해 업데이트 해나가겠습니다!!","2023-04-15","0","0","0","0","0","0","0","","","","","6개 항목 어디에도 해당하지 않음 (기능 요청·오류 신고·단순 만족 표현 등)."
"834","6813c11c-9130-48d7-a0c5-c359edcede3c","2023-04-11","5","아직 받아보진 않았지만 아이랑 함께 설레이며 기다리고 있어요 제꺼 카드를 주면서 썻는데 쓸때마다 잔액이 얼마남았나 확인해달라 할때 번거로움을 느꼈었는데 이젠 퍼핀으로 그런 번거로움을 느끼지 않아도 되서 좋아요!","409b1a9f40a3","23.4.1","1","리뷰 감사합니다! 퍼핀은 편리한 용돈 관리와 결제 기능을 넘어 자녀의 올바른 돈 개념 형성, 경제금융 교육을 돕기 위해 만들어졌어요. 앞으로도 더욱 편리하고 도움되는 퍼핀이 되기 위해 최선을 다해 업데이트 해나가겠습니다!! 카드 배송도 빨리 받아보실 수 있길 바랍니다^^","2023-04-11","0","0","0","0","0","0","0","","","","","6개 항목 어디에도 해당하지 않음 (기능 요청·오류 신고·단순 만족 표현 등)."
"835","3138e390-4340-4d59-b8d8-5148fd2c2baa","2023-04-11","5","너무좋네요. 카드사용할때마다 어디에사용하는지 또. 급할때 바로바로보내줄수 있어. 넘좋네요 아이도. 돈을받고. 얼마썻고 얼마남아있네 하면 나름 계획을가지고 쓰는거 같아요","51d86c092ecc","23.4.1","2","리뷰 감사합니다. 퍼핀은 편리한 용돈 관리와 자녀의 올바른 돈 개념 형성, 경제금융 교육을 돕기 위해 만들어졌어요. 용돈계약을 통해 보다 주도적인 아이로 성장할 수 있도록 지원 부탁드려봅니다^^ 앞으로도 더욱 편리하고 도움되는 퍼핀이 되기 위해 최선을 다해 업데이트 해나가겠습니다!!","2023-04-11","0","0","0","0","0","0","0","","","","","6개 항목 어디에도 해당하지 않음 (기능 요청·오류 신고·단순 만족 표현 등)."
"836","537814b2-1a10-4d01-8b04-1323a1c2c521","2023-04-10","5","만19세까지 사용가능한 카드! 아이들 경제관념 심어줄 수 있는 퀴즈도 있고, 교통카드로도 사용가능하고, 유해업소는 차단해주고, 체크카드처럼 쓸 수 있고, 사용내역도 다 알려주니 너무 유용하고 신세계입니다. 개발해주셔서 감사합니다^^","a901fed9e9e3","23.4.1","9","리뷰 감사합니다! 퍼핀은 편리한 용돈 관리와 결제 기능을 넘어 자녀의 올바른 돈 개념 형성, 경제금융 교육을 돕기 위해 만들어졌어요. 앞으로도 더욱 편리하고 도움되는 퍼핀이 되기 위해 최선을 다해 업데이트 해나가겠습니다!!","2023-04-11","0","0","0","0","0","0","1","","","","만19세까지 사용가능한 카드! 아이들 경제관념 심어줄 수 있는 퀴즈도 있고, 교통카드로도 사용가능하고, 유해업소는 차단해주고, 체크카드처럼 쓸 수 있고, 사용내역…","아이가 경제·금융 지식을 실제로 익혔다는 경험 기반 서술 (핵심 페인포인트에 대한 반증 자료)."
"837","5403283a-bcf7-4bb8-96bc-97b71afb0722","2023-04-10","5","이런 어플이 드디어 나왔네요~ 매일 꾸준히 이론적으로도 학습하고 직접 용돈 사용해보면서 학습하고 유익합니다. 무엇보다 금융에 관심을 갖게되어서 학교밖에서도 관련 이슈들을 스스로 알려고하니 좋아요. 파생되는 배움이 어마어마합니다! 잘 활용해 볼께요!","59346ae8547e","23.4.1","5","리뷰 감사합니다. 경제와 금융에 대한 관심이 높아지고 지식이 쌓이면 사회를 바라보는 시야가 넓혀지고 삶을 살아가는 태도가 바뀔 수 있지요^^ 퍼핀은 편리한 용돈 관리와 자녀의 올바른 돈 개념 형성, 경제금융 교육을 돕기 위해 만들어졌어요. 앞으로도 더욱 편리하고 도움되는 퍼핀이 되기 위해 최선을 다해 업데이트 해나가겠습니다!!","2023-04-10","0","0","0","0","1","0","1","긍정","","아이의_학습_지속_흥미_이용의욕","이런 어플이 드디어 나왔네요~ 매일 꾸준히 이론적으로도 학습하고 직접 용돈 사용해보면서 학습하고 유익합니다. 무엇보다 금융에 관심을 갖게되어서 학교밖에서도 관련 …","아이의 학습(퀴즈·투자체험) 흥미·지속·의욕을 언급 (긍정)."
"838","06a36f2c-6826-41b9-9a1a-37afe661db6b","2023-04-10","4","용돈카드 필요했는데 알람와서 바로 신청했어요 은행카드는 신청절차가 번거롭고 제카드 주니 아이들 스스로 잔액확인이 안되니 스스로는 관리가 안되는거 같아서요 어제 밤에 카드 받아서 아직 제대로 사용 전인데 불편함없이 잘 사용되길 기대해봅니다.","f71b2cf0685b","23.4.1","0","출시 알림 신청과 리뷰 모두 감사합니다! 퍼핀은 편리한 용돈 관리와 자녀의 올바른 돈 개념 형성, 경제금융 교육을 돕기 위해 만들어졌어요. 용돈계약을 통해 보다 주도적인 아이로 성장할 수 있도록 지원 부탁드려봅니다^^ 앞으로도 더욱 편리하고 도움되는 퍼핀이 되기 위해 최선을 다해 업데이트 해나가겠습니다!!","2023-04-10","0","0","0","0","0","0","0","","","","","6개 항목 어디에도 해당하지 않음 (기능 요청·오류 신고·단순 만족 표현 등)."
"839","c273af39-9086-4929-bc4c-0053ced8e23d","2023-04-10","5","오늘 신청했어요! 아직 10세라 현금으로 용돈관리중입니다. 현금으로 오고가는 돈거래를 해봐야할것 같아서 , 매주용돈을 주고 있는데, 아무래도 현금을 가지고 다니니 잃어버릴까 걱정이 살짝 되었어요. 그러던중 퍼핀 어플을 알게되었는데, 생각보다 좋을것같아서 바로 가입했어요! 엄마의 계좌에서 아이의 퍼핀카드에 입금해주고 , 그리고 학습도 하면 1문제당 소액의 보상까지 줄수잇게 설정해놓으니, 저희아들은 엄청 좋아하네요! 부모님들,엄빠카드 쥐어주지마시고 ㅎ 있는돈에서 통제가능한 본인이름이 쓰인 체카 만들어주세요! 돈관리는 어렸을때부터 차근차근 하는게 좋습니다^^👍","f33f90867069","23.4.1","1","자세한 리뷰 매우 감사드립니다! 퍼핀은 편리한 용돈 관리와 자녀의 올바른 돈 개념 형성, 경제금융 교육을 돕기 위해 만들어졌답니다. 특히 부모님의 보호와 관리가 더욱 필요한 아이들과 안전을 최우선으로 하는 부모님의 목소리를 최대한 담으려고 노력했어요^^ 앞으로도 더욱 편리하고 도움되는 퍼핀이 되기 위해 최선을 다해 업데이트 해나가겠습니다!!","2023-04-10","0","0","1","0","1","0","0","긍정","","돈이_학습행동의_동기가_된_경험","…아이의 퍼핀카드에 입금해주고 , 그리고 학습도 하면 1문제당 소액의 보상까지 줄수잇게 설정해놓으니, 저희아들은 엄청 좋아하네요! 부모님들,엄빠카드 쥐어주지마시고 …","퀴즈·문제풀이와 금전 보상을 연결지어 긍정적으로 서술 — 보상이 학습 행동의 이유로 제시됨."
"840","8786e670-41b9-490b-ad78-ad6272209f81","2023-04-09","1","등록다해놓고 계좌연결하려니 가지고있는 계좌가 없어 사용할 수 없어 지웁니다. 이런건 먼저 이야기주셔야는거 아닌가요?","ef7d6c906e5a","23.4.1","9","안녕하세요 회원님, 은행 연결 없이도 가상계좌 입금을 통해 충전이 가능하게 되었습니다^^ 또한 대부분의 은행 연결도 가능하도록 확장되었어요! 최신 앱을 다운받아 이용해보시길 바랍니다! 꼭 다시 찾아주세요 :) 감사합니다.","2024-06-18","0","0","0","0","0","0","0","","","","","6개 항목 어디에도 해당하지 않음 (기능 요청·오류 신고·단순 만족 표현 등)."
"841","fa273195-e59b-4b23-bc04-b1fe2494b4d2","2023-04-09","5","교통카드 할인에 내가 원하는 만큼 날짜 선정하여 용돈 보낼수 잇고 내역도 체크가능하고~ 너무 맘에 들어여 아이에게 알차게 쓰는 방법을 길러주기 좋을 듯요","f9ef8c6f4cec","23.4.1","0","리뷰 감사합니다. 퍼핀은 편리한 용돈 관리와 자녀의 올바른 돈 개념 형성, 경제금융 교육을 돕기 위해 만들어졌답니다^^ 앞으로도 더욱 편리하고 도움되는 퍼핀이 되기 위해 최선을 다해 업데이트 해나가겠습니다!!","2023-04-10","0","0","0","0","0","0","0","","","","","6개 항목 어디에도 해당하지 않음 (기능 요청·오류 신고·단순 만족 표현 등)."
"842","cb276bd0-bd2e-446b-a768-44b83e294824","2023-04-09","5","편해요","60eff1f8dd42","23.4.1","3","리뷰 감사합니다. 초등 아이들도 쉽고 편리하게 사용할 수 있도록 설계하기 위해 많은 노력을 하고 있어요^^ 앞으로도 더욱 편리하고 도움되는 퍼핀이 되기 위해 최선을 다해 업데이트 해나가겠습니다!!","2023-04-10","0","0","0","0","0","0","0","","","","","6개 항목 어디에도 해당하지 않음 (기능 요청·오류 신고·단순 만족 표현 등)."
"843","aa9b14ea-d343-45a1-8e38-1c3a2db7deb7","2023-04-09","4","처음 깔아봅니다 열심히 사용해 보려구요 아이에게 경제와 관련된 지식을 줄수 있다는게 너무 좋은것 같아요","b6b9f101d78f","23.4.1","0","리뷰 감사합니다. 퍼핀은 편리한 용돈 관리와 자녀의 올바른 돈 개념 형성, 경제금융 교육을 돕기 위해 만들어졌답니다^^ 앞으로도 더욱 편리하고 도움되는 퍼핀이 되기 위해 최선을 다해 업데이트 해나가겠습니다!!","2023-04-10","0","0","0","0","0","0","0","","","","","6개 항목 어디에도 해당하지 않음 (기능 요청·오류 신고·단순 만족 표현 등)."
"844","935d84d2-f9a4-4634-844a-c1ee7a2662a5","2023-04-09","4","초5, 초3 남매에게 티머니 교통카드에 충전해서 편의점에서 가능하게 해줬었는데 다른데서는 못 쓰는게 아쉬워서 지역화폐카드를 줬다가 퍼핀을 알게돼서 바로 발급신청해서 주었어요~ 자기 이름이 인쇄되어있으니 진짜 자기카드가 생겼다고 좋아하고 매일 퀴즈를 풀면 용돈보상이 되니까 퀴즈 풀고 용돈모으는 재미가 생겼어요~^^ 덕분에 엄마는 용돈충전해놓기 바쁘네요~^^","c2a814b4ca83","23.4.1","2","리뷰 감사합니다~ 100% 잘 활용해주고 계셔서 매우 뿌듯하네요^^ 꾸준히 퍼핀월드 퀴즈를 풀다보면 지식의 확장 뿐 아니라 세상과 경제에 대한 관심도 늘어날거에요~ 앞으로도 더욱 편리하고 도움되는 퍼핀이 되기 위해 최선을 다해 업데이트 해나가겠습니다!!","2023-04-10","0","0","1","1","1","1","0","긍정","","돈보상의_아쉬움_또는_부작용","매일 퀴즈를 풀면 용돈보상이 되니까 퀴즈 풀고 용돈모으는 재미가 생겼어요~^^ 덕분에 엄마는 용돈충전해놓기 바쁘네요~^^","아이 이용이 늘면서 부모의 충전 부담이 커짐을 언급."
"845","1c30ac3c-aff0-4467-81af-e3b751a0df0e","2023-04-09","5","국민은행을 주거래 은행으로 쓰고 있어서 기다리다가 아이카드 신청했어요~ 선불카드는 연말정산에도 혜택이 있다고하고 기대됩니다","67f2913ff88f","23.4.1","1","리뷰 감사합니다. 연말정산 시 부모님의 소득공제로 적용 가능하며 교통카드 또한 소득공제율 30%로 정산 가능합니다^^ 관련 안내는 연말에 전체 공지 드릴 예정이에요~ 앞으로도 더욱 편리하고 도움되는 퍼핀이 되기 위해 최선을 다해 업데이트 해나가겠습니다!!","2023-04-10","0","0","0","0","0","0","0","","","","","6개 항목 어디에도 해당하지 않음 (기능 요청·오류 신고·단순 만족 표현 등)."
"846","c9d96dcd-f5a3-425d-9e25-3232500d5cdf","2023-04-09","5","아이가 용돈을 요구했는데 마침 퍼핀을 알게되어 바로 신청했어요. 부모가 관리도 할 수 있고 아이도 용돈기입장 용도+미션수행하며 금융지식도 쌓을 수 있는게 맘에 들어요~","7b32507900c2","23.4.1","0","리뷰 감사합니다. 퍼핀은 편리한 용돈 관리와 자녀의 올바른 돈 개념 형성, 경제금융 교육을 돕기 위해 만들어졌답니다^^ 앞으로도 더욱 편리하고 도움되는 퍼핀이 되기 위해 최선을 다해 업데이트 해나가겠습니다!!","2023-04-10","0","0","0","0","0","0","1","","","","… 할 수 있고 아이도 용돈기입장 용도+미션수행하며 금융지식도 쌓을 수 있는게 맘에 들어요~","아이가 경제·금융 지식을 실제로 익혔다는 경험 기반 서술 (핵심 페인포인트에 대한 반증 자료)."
"847","0728cd7d-76d1-4181-a8e7-687adac5560f","2023-04-08","5","어린아이들이 사용할카드가없어서 찾던중 알게되었습니다~~ 아직은 사용중이라~","5767df57e80d","23.4.1","0","리뷰 감사합니다. 퍼핀은 다른 카드들과 달리 아이들의 금융 교육을 최우선으로 하여 설계된 서비스에요^^ 앞으로도 다양하고 유익한 기능들이 업데이트될 예정이니 적극 활용 부탁 드립니다~!","2023-04-10","0","0","0","0","0","0","0","","","","","6개 항목 어디에도 해당하지 않음 (기능 요청·오류 신고·단순 만족 표현 등)."
"848","9dbe7f47-e32c-4506-99e4-bcb94f3ac80b","2023-04-08","5","이 앱을 정말 기다렸는데. 출시가 되서 이것저것 눌러보고 아이와 함께 앱을 탐험(?)해보고 있습니다. 용돈 계약도 하고 함께 퀴즈도 풀고, 같이 금융상식도 올리고 있습니다. 앱 자체도 깔끔하고 잘 만든거 같아요.","af722c564d4e","23.4.1","4","출시를 기다려주시고 리뷰도 남겨주셔서 매우 감사드립니다^^ 앞으로 더욱 편리하고 도움되는 퍼핀이 되기 위해 최선을 다해 업데이트 해나가겠습니다!!","2023-04-10","0","0","0","0","0","0","1","","","","…있습니다. 용돈 계약도 하고 함께 퀴즈도 풀고, 같이 금융상식도 올리고 있습니다. 앱 자체도 깔끔하고 잘 만든거 같아요.","아이가 경제·금융 지식을 실제로 익혔다는 경험 기반 서술 (핵심 페인포인트에 대한 반증 자료)."
"849","fb63550e-9f79-40a8-bfc9-c9de0c0bed86","2023-04-08","5","아이들 용돈관리하기 좋을거 같아서 기대가되네요. 문제로 주는 용돈도 괜찮은 아이디어같아서 좋네요. 카드오길 기다립니다","945748cfbe4d","23.4.1","0","리뷰 감사합니다. 퍼핀은 편리한 용돈 관리와 자녀의 올바른 돈 개념 형성, 경제금융 교육을 돕기 위해 만들어졌답니다. 카드 배송이 빨리 오길 바랍니다^^ 앞으로도 더욱 편리하고 도움되는 퍼핀이 되기 위해 최선을 다해 업데이트 해나갈게요!!","2023-04-10","0","0","0","0","0","0","0","","","","","6개 항목 어디에도 해당하지 않음 (기능 요청·오류 신고·단순 만족 표현 등)."
"850","62ce9ce9-5dbb-48d0-a9cc-bf206f06a0f1","2023-04-08","5","아이가편하게 사용할수 있을 것 같아요.","ae7e1311d964","23.4.1","2","리뷰 감사합니다. 퍼핀은 편리한 용돈 관리와 자녀의 올바른 돈 개념 형성, 경제금융 교육을 돕기 위해 만들어졌답니다. 초등 저학년 학생들도 쉽게 활용할 수 있도록 하고자 많은 노력을 하고 있어요^^ 앞으로도 더욱 편리하고 도움되는 퍼핀이 되기 위해 최선을 다해 업데이트 해나가겠습니다!!","2023-04-10","0","0","0","0","0","0","0","","","","","6개 항목 어디에도 해당하지 않음 (기능 요청·오류 신고·단순 만족 표현 등)."
"851","b7fa1e38-b4fa-4e0c-82a0-85a939d8dc3d","2023-04-08","5","저도 맨날 집안일하며 돈벌었는데 저도 용돈이 생겼어요! 이 앱만드신분에게 감사를 표함니다!","c70d7cdffc27","23.4.1","1","리뷰 감사합니다. 용돈을 계획적이고 합리적으로 사용하실 수 있도록, 더불어 경제금융 지식도 늘려나갈 수 있도록 도움드리겠습니다^^","2023-04-10","0","0","0","0","0","0","0","","","","","6개 항목 어디에도 해당하지 않음 (기능 요청·오류 신고·단순 만족 표현 등)."
"852","f732556c-9da2-4503-aab4-a0ff0c3d5ad6","2023-04-08","5","10살 딸아이 용돈 카드로 쓰려고 받았어요~","a8bed8af7996","23.4.1","1","리뷰 감사합니다! 용돈계약을 통해 한정된 돈을 주시고 퍼핀월드도 꾸준히 해나간다면 돈 개념 형성에 큰 도움이 될 거에요^^ 앞으로 더욱 도움되는 퍼핀이 되기 위해 최선을 다해 업데이트 해나가도록 하겠습니다!","2023-04-08","0","0","0","0","0","0","0","","","","","6개 항목 어디에도 해당하지 않음 (기능 요청·오류 신고·단순 만족 표현 등)."
"853","0e17fe70-0851-42f2-87ca-199b2ebef955","2023-04-08","5","너무 재밌고 제용돈이 늘어나서 너무 기뻐요!","113a7ef22e73","23.4.1","0","리뷰 감사합니다. 늘어나는 용돈만큼 돈에 대한 책임감을 가지고 더욱 계획적이고 합리적인 소비 생활을 해나가길 바랍니다^^ 매일 퍼핀월드에서 퀴즈도 풀면서 지식도 넓혀나가길~~","2023-04-08","0","0","0","0","1","0","0","긍정","","아이의_학습_지속_흥미_이용의욕","너무 재밌고 제용돈이 늘어나서 너무 기뻐요!","아이의 학습(퀴즈·투자체험) 흥미·지속·의욕을 언급 (긍정)."
"854","742fb6ef-eb5d-4fc1-8fb4-06338fdce748","2023-04-08","5","퍼핀앱 출시얘길 듣고 알람해뒀다가 바로 신청했어요ㆍ아이도 체크카드를 원했었지만 이제 11살이라 제 체크카드를 대신 줬었는데 본인이름이 적힌 본인카드가 생긴다하니 너무 좋아하더라구요ㆍ 퀴즈로 경제상식도 넓히고 보상도 받고~~^^ 그야말로 1석2조 아닌가요?? 미리 미리 알아가는 경제생활~!! 퍼핀카드 강추합니다~^^","3b2b43bc1468","23.4.1","3","퍼핀을 기다려주시고 리뷰도 남겨주셔서 감사합니다! 본인의 카드를 갖는 순간 돈에 대한 책임감이 생겨서 보다 계획적이고 주도적인 금융 생활을 해나갈 수 있을 거에요^^ 자녀의 미래를 위해 퍼핀카드를 만들어주신 이지영님도 정말 멋진 엄마에요!! 앞으로 더욱 도움되는 퍼핀이 되기 위해 최선을 다해 업데이트 해나가도록 하겠습니다!","2023-04-08","0","0","1","0","0","0","1","","","돈이_학습행동의_동기가_된_경험","…름이 적힌 본인카드가 생긴다하니 너무 좋아하더라구요ㆍ 퀴즈로 경제상식도 넓히고 보상도 받고~~^^ 그야말로 1석2조 아닌가요?? 미리 미리 알아가는 경제생활~!!…","퀴즈·문제풀이와 금전 보상을 연결지어 긍정적으로 서술 — 보상이 학습 행동의 이유로 제시됨."
"855","cfbfa757-49bc-4c66-a60c-291e1e7c2569","2023-04-07","5","제주도인데 2일신청해서 7일 받았어요 포인트 충전해놔야 퀴즈풀고 용돈받아갈수있어요~ 모르고 고객센터 챗으로 상담했는데 답변도빠르고 너무친절하심ㅜㅜ","9e9137dc8be9","23.4.1","1","리뷰 감사합니다! 앞으로도 궁금하신 부분이나 의견은 언제든 고객센터로 메세지 주세요^^ 더욱 편리하고 도움되는 퍼핀이 되기 위해 최선을 다해 업데이트 해나가겠습니다!!","2023-04-07","0","0","0","0","0","0","0","","","","","6개 항목 어디에도 해당하지 않음 (기능 요청·오류 신고·단순 만족 표현 등)."
"856","8de1012b-758f-470e-9f45-c9bdde305bb6","2023-04-07","5","획기적인 앱같아요. 만 14세 미만 용돈을 부모카드나 현금만 주다가 이제 이렇게 용돈주고 사용처까지 볼 수 있다니. 정말 편하고 좋은 앱 이네요.","e6be8666ad70","23.4.1","1","리뷰 감사합니다. 퍼핀은 편리한 용돈 관리와 자녀의 올바른 돈 개념 형성, 경제금융 교육을 돕기 위해 만들어졌답니다. 특히 부모님의 보호와 관리가 더욱 필요한 아이들과 안전을 최우선으로 하는 부모님의 목소리를 최대한 담으려고 노력했어요^^ 앞으로도 더욱 편리하고 도움되는 퍼핀이 되기 위해 최선을 다해 업데이트 해나가겠습니다!!","2023-04-07","0","0","0","0","0","0","0","","","","","6개 항목 어디에도 해당하지 않음 (기능 요청·오류 신고·단순 만족 표현 등)."
"857","c291743a-4522-4d4d-a179-679e00eb2860","2023-04-07","5","퍼핀은 최고예요 부모님이 용돈 주시는게 더 편해졌어요!!","dd3625f9a766","23.4.1","1","리뷰 감사합니다! 리뷰 남겨주신 민재태현tv님도 최고에요!!^^ 부모님이 주신 용돈을 계획적으로 잘 활용하시길 바라며, 퍼핀월드 퀴즈도 꾸준히 풀어주세요! 앞으로 더욱 편리하고 유용한 퍼핀이 되기 위해 최선을 다하겠습니다.","2023-04-07","0","0","0","0","0","0","0","","","","","6개 항목 어디에도 해당하지 않음 (기능 요청·오류 신고·단순 만족 표현 등)."
"858","60828ce6-d472-46b9-bdd1-9a97a323aa9b","2023-04-06","5","경제교육 시키고 싶던 때 딱 제눈에 들어왔네요. 우리 아이는 카드 디자인이 캐릭터가 없이 어른 카드처럼 생겨서 어른처럼 카드 갖게 될것 같다고 좋아합니다~^^ 저는 개인적으로 캐릭터 과다한 아이카드 아닌 고급 디자인이라서 좋아요~ 캐릭터는 오히려 호불호가 있으니 원하면 스티커 제공이 더 좋을듯 합니다.~","f4e9bc35c900","23.4.1","30","리뷰 감사합니다! 부모님과 아이들 모두가 만족하는 카드 디자인을 하기 위해 많은 조사를 하고 노력했는데 칭찬해주시니 너무나 뿌듯하고 힘이납니다^^ 향후 말씀 주신 스티커 제공도 고려해보도록 하겠습니다. 앞으로 더욱 편리하고 유용한 퍼핀이 되기 위해 최선을 다해 업데이트 해나가겠습니다!","2023-04-07","0","0","0","0","0","0","0","","","","","6개 항목 어디에도 해당하지 않음 (기능 요청·오류 신고·단순 만족 표현 등)."
"859","709eea51-a6dd-4562-a2da-665543a12507","2023-04-06","5","사용하기도 편하고 아이에게 자연스레 경제교육도할 수 있어서 너무 좋아요","ff245707b938","23.4.1","2","리뷰 감사합니다! 퍼핀은 편리한 용돈 관리와 자녀의 올바른 돈 개념 형성, 경제금융 교육을 돕기 위해 만들어졌답니다. 앞으로 더욱 편리하고 도움되는 퍼핀이 되기 위해 최선을 다해 업데이트 해나가겠습니다!!","2023-04-07","0","0","0","0","0","0","1","","","","사용하기도 편하고 아이에게 자연스레 경제교육도할 수 있어서 너무 좋아요","아이가 경제·금융 지식을 실제로 익혔다는 경험 기반 서술 (핵심 페인포인트에 대한 반증 자료)."
"860","39f6fe10-b7a9-4b05-97b5-e50195508b26","2023-04-06","3","초등학생 아이에게 용돈카드로 자녀의 소비.저축.투자교유까지 할수있어서 좋은거 같아요~ 아이들도 넘 좋아하네요~~","84b8b17e567e","23.3.2","3","리뷰 감사합니다! 퍼핀은 편리한 용돈 관리와 자녀의 올바른 돈 개념 형성, 경제금융 교육을 돕기 위해 만들어졌답니다. 아이들이 좋아한다니 더욱 흐뭇하네요^^","2023-04-17","0","0","0","0","0","0","1","","","","초등학생 아이에게 용돈카드로 자녀의 소비.저축.투자교유까지 할수있어서 좋은거 같아요~ 아이들도 넘 좋아하네요~~","아이가 경제·금융 지식을 실제로 익혔다는 경험 기반 서술 (핵심 페인포인트에 대한 반증 자료)."
"861","8879c282-3d05-43ef-81af-3a157fcee313","2023-04-06","5","서비스 출시 알람 신청하고 기다렸어요. 출시됐다는 소식에 설치했는데 아이 휴대폰이 몇년된 구버전이라 지원이 안돼서 낙담하고 문의드렸더니ㅜㅜ 대표님이 직접전화도 주셔서, 소프트웨어 업데이트 해주신다고 약속까지 해주셨어요. 감동이었네요😂 오늘 생각보다 빨리 업데이트됐다고 문자가 와서 방금 아이 휴대폰에 잘 설치했습니다! 약속지켜주셔서 감사해요, 아이가 신나하네요^^ 잘 사용해보겠습니다!","55f4066820e0","23.4.1","50","리뷰 감사합니다. 꼭 사용하고 싶어하는 어머니의 바람에 퍼핀도 감동했답니다^^ 앞으로도 회원님들이 만족을 넘어 감동할 수 있는 서비스로 발전하기 위해 최선을 다해 업데이트 해나가도록 하겠습니다!!","2023-04-06","0","0","0","0","0","0","0","","","","","6개 항목 어디에도 해당하지 않음 (기능 요청·오류 신고·단순 만족 표현 등)."
"862","f4e19d87-2c92-4df7-a58b-83473bcc78fc","2023-04-06","5","아이 카드 만들어주고싶었는데 유연히 알게되서 바로 가입했어요^^ 교통카드까지 되니 더 좋네요! 여러가지 재미있는 기능도 많아보여 기대됩니다. 큰 오류없이 발전했으면 좋겠어요^^","719998694af0","23.4.1","6","리뷰 감사합니다. 퍼핀은 편리한 용돈 관리와 자녀의 올바른 돈 개념 형성, 경제금융 교육을 돕기 위해 만들어졌어요^^ 앞으로도 오류 없이 더욱 유익하고 유용한 퍼핀이 되기 위해 최선을 다해 업데이트 해나가겠습니다!!","2023-04-06","0","0","0","0","0","0","0","","","","","6개 항목 어디에도 해당하지 않음 (기능 요청·오류 신고·단순 만족 표현 등)."
"863","7a3b26ae-d349-4df8-bcb4-0fe03c1e4d9d","2023-04-06","5","아이용돈관리에 좋아요! 흥미롭게 퀴즈도 풀고 교통카드기능까지...굿굿!!!","1400914ce98e","23.3.2","0","리뷰 감사합니다. 퍼핀은 편리한 용돈 관리와 자녀의 올바른 돈 개념 형성, 경제금융 교육을 돕기 위해 만들어졌어요^^ 퍼핀월드 퀴즈 풀이를 꾸준히 해나가면 상식 뿐 아니라 교과 학습에도 도움이 된답니다! 앞으로 더욱 유익하고 유용한 퍼핀이 되기 위해 최선을 다해 업데이트 해나가겠습니다!!","2023-04-06","0","0","0","0","1","0","0","긍정","","아이의_학습_지속_흥미_이용의욕","아이용돈관리에 좋아요! 흥미롭게 퀴즈도 풀고 교통카드기능까지...굿굿!!!","아이의 학습(퀴즈·투자체험) 흥미·지속·의욕을 언급 (긍정)."
"864","11305b09-4b3c-4e95-b0a2-b7905fb7e029","2023-04-06","4","우리아이 초4되어서 이제 용돈의 필요성이 느껴졌는데, 너무나도 기다렸던!!!!! 개념의 용돈카드에요. 우리 아이가 너무나 좋아해요.","a8bda004bdbb","23.3.2","0","출시를 기다려주시고 리뷰도 남겨주셔서 매우 감사합니다. 퍼핀은 편리한 용돈 관리와 자녀의 올바른 돈 개념 형성, 경제금융 교육을 돕기 위해 만들어졌어요^^ 아이가 좋아한다니 더욱 힘이나요~앞으로 더욱 유익하고 유용한 퍼핀이 되기 위해 최선을 다해 업데이트 해나가겠습니다!!","2023-04-06","0","0","0","0","0","0","0","","","","","6개 항목 어디에도 해당하지 않음 (기능 요청·오류 신고·단순 만족 표현 등)."
"865","6b48293b-ec62-407c-be90-37eba896c99f","2023-04-05","5","초등생 용돈관리에 유용할것 같네요..게임하듯 교육도 되고 좋네요","cb0a762e05e9","23.3.2","1","리뷰 감사합니다. 퍼핀은 편리한 용돈 관리와 자녀의 올바른 돈 개념 형성, 경제금융 교육을 돕기 위해 만들어졌어요^^ 앞으로 더욱 유익하고 유용한 퍼핀이 되기 위해 최선을 다해 업데이트 해나가겠습니다!!","2023-04-05","0","0","0","0","0","0","1","","","","초등생 용돈관리에 유용할것 같네요..게임하듯 교육도 되고 좋네요","아이가 경제·금융 지식을 실제로 익혔다는 경험 기반 서술 (핵심 페인포인트에 대한 반증 자료)."
"866","77145ff8-2575-4533-9fe6-b2bab357485f","2023-04-05","5","그동안 초등3학년 아이의 용돈을 줄때 현금이 매번 있는게 아니라, 자꾸 약속을 어기게 되었는데 퍼핀을 통해 신뢰로운 엄마가 될 것 같아 넘 기대됩니다. 아이와 경제에 대한 이야기를 재미있고 의미있게 할 수 있겠어요!","fceeb472a5de","23.3.2","2","리뷰 감사합니다. 자녀와의 약속을 지키기 위해 퍼핀카드를 선물해주시는 이지희님께 존경과 응원의 박수를 보내드리고 싶습니다^^ 퍼핀이 매개가 되어 자녀와 더욱 발전적이고 의미있는 대화들이 오갈 수 있도록 앞으로 최선을 다해 유용한 컨텐츠와 기능들을 업데이트 해나가도록 하겠습니다!!","2023-04-05","0","0","0","0","0","0","0","","","","","6개 항목 어디에도 해당하지 않음 (기능 요청·오류 신고·단순 만족 표현 등)."
"867","b9ae230a-168c-456a-886d-071759f90680","2023-04-04","5","초 4아이 카카오카드 주고 필요할때마다 용돈 주다 체크카드 발급 알아보고있었는데 광고로 퍼핀을 알게 되었어요. 교통카드도 되고, 좋네요^^ 토스나 카뱅은 상납용으로 사용된다고 해서 걱정했는데 이건 아이와 같이 내역 보면서 관리하고 용돈 버는 재미도 있을것같구요^^ 다른분 말 처럼 카드 디자인이 다양 해지고, 카드에 연락처나 문구 같은거 넣을 수 있으면 좋겠어요, 전 카뱅 카드에 제 연락처 넣었는데 아이가 카드 잃어버리니까 주운분이 연락 주시더라구요ㅋ","d78b4202f52c","23.3.2","3","리뷰와 알찬 제안 감사드립니다. 퍼핀의 금융 기능은 부모님들이 최대한 안심할 수 있고 편리하게 관리하실 수 있도록 설계되었어요^^ 카드 디자인은 제안주신 아이디어도 잘 고려해서 선택 가능하도록 준비해보도록 하겠습니다! 앞으로 더욱 편리하고 유용한 퍼핀이 되기 위해 최선을 다해 업데이트 해나갈 예정이니 기대해주세요~","2023-04-05","0","0","0","0","0","0","0","","","","","6개 항목 어디에도 해당하지 않음 (기능 요청·오류 신고·단순 만족 표현 등)."
"868","673e24e4-82c8-4d5b-abf5-8c579141a7a7","2023-04-04","5","초등아이들도 사용가능한 체크카드가 필요했는데 이렇게 만들어주셔서 감사합니다. 아이들도 너무 좋아합니다. 경제교육에도 도움이 많이 될 것 같습니다.^^","16cedf80ade0","23.3.2","4","리뷰 감사합니다. 초등 때부터 금융 습관을 잘 형성해서 경제적 자립을 하루 빨리 이룰 수 있도록 돕는 것이 퍼핀의 목표랍니다^^ 아이들의 첫 카드로 퍼핀을 선택해주셔서 매우 감사드리며 더욱 유용하고 편리한 서비스가 되기 위해 최선을 다해 업데이트 해나가도록 하겠습니다!","2023-04-05","0","0","0","0","0","0","0","","","","","6개 항목 어디에도 해당하지 않음 (기능 요청·오류 신고·단순 만족 표현 등)."
"869","6665c9b6-9292-486f-9bd4-f3414d08f408","2023-04-04","5","용돈을 주고 용돈기입장 쓰라고 하려했는데 퍼핀앱을 만났어요. 사실 절 닮아서 며칠 쓰다가 말겠다싶긴했는데 자동으로 용돈기입이 될테니 걱정없네요. 여러 경제상식도 배울 수 있고 요즘 현금결제 안되는곳도 있는데 아이도 간편하게 카드로 결제할 수 있어서 좋은것같아요. 학교에서 가르치지않는 실생활에서 쓰일법한 경제수업을 받는 느낌이라 돈을 주면서도 뿌듯합니다.","bec59107445f","23.3.2","2","리뷰 감사합니다! 용돈 기입이 더 자세하고 유용하게 기록될 수 있도록 준비하고 있는데 더 큰 만족을 드릴 수 있을 것 같아요^^ 퍼핀은 단순 결제 수단으로서의 카드를 넘어 자녀의 경제금융 교육을 위해 만들어진 서비스랍니다. 아이들이 쉽고 재밌으면서도 진지하게 경제와 돈을 알아갈 수 있도록, 부모님께는 관리의 편의를 더욱 드릴 수 있도록 앞으로 최선을 다해 업데이트 해나가도록 하겠습니다!!","2023-04-04","0","0","0","0","0","0","1","","","","…긴했는데 자동으로 용돈기입이 될테니 걱정없네요. 여러 경제상식도 배울 수 있고 요즘 현금결제 안되는곳도 있는데 아이도 간편하게 카드로 결제할 수 있어서 좋은것같아…","아이가 경제·금융 지식을 실제로 익혔다는 경험 기반 서술 (핵심 페인포인트에 대한 반증 자료)."
"870","5d9ebb05-b352-4fe2-b37f-da4649540ab2","2023-04-04","5","아이들 용돈카드가 필요했는데 때마침 보여서 설치했어요 복잡하게 선류없이 편리하게 설치하고 카드신청했네요. 단순히 카드만이 아니라 금융교육도 포함되서 너무 좋아요 근데 1일 한도는 부모가 설정했음 좋겠어요 그리고 가족미션이라 교육이수시 뭔가 이벤트가 있으면 좋겠어요 저축이나 교육미션 가상투자 이런것도 같이 있음 좋을 듯 앞으로 경제한국을 위한 컨텐츠도 지속적으로 개발부탁드려요","fbce34726f83","23.3.2","7","리뷰와 발전적인 의견들 남겨주셔서 매우 진심으로 감사드립니다^^ 말씀주신 기능과 이벤트 준비를 더욱 빠르게 박차를 가해보도록 하겠습니다! 회원님과 퍼핀이 바라보는 방향과 기대점이 동일하다는 점에 더욱 힘을 얻으며, 앞으로 최선을 다해 업데이트 해나가도록 하겠습니다!!","2023-04-04","0","1","0","0","0","0","0","","간접","부모_체계적_금융학습_확인_부족","앞으로 경제한국을 위한 컨텐츠도 지속적으로 개발부탁드려요","교육 콘텐츠 확충 요구 (간접 근거)."
"871","5519ee71-c5ae-485a-bf33-794b7c2dad69","2023-04-04","5","꼭 필요한 앱이라 언제 출시되나 계속 기다렸네요 아이들이 재미있게 금융 경제생활 할 수 있을 것 같아 기대가 됩니다","c00cff4024a6","23.3.2","1","기다려주셨다니 매우 감동입니다^^ 아이들이 재밌고 쉽지만 진지하게 돈에 대해 이해할 수 있도록, 부모님께는 관리의 편의를 더욱 드릴 수 있도록 앞으로 최선을 다해 업데이트 해나가도록 하겠습니다!!","2023-04-04","0","0","0","0","0","0","0","","","","","6개 항목 어디에도 해당하지 않음 (기능 요청·오류 신고·단순 만족 표현 등)."
"872","d9948a4a-9139-4bef-bc9e-e72b079c7bae","2023-04-03","5","와..지인소개로 가입했는데.. 진짜 기대됩니다. 우리딸 돈개념이 없어서 어떻게할까 고민했는데.. 빨리카드오길 학수고대하고 있습니다. 퍼핀 감사합니다!","bbc4c39e6493","23.3.2","2","리뷰와 기대 감사드립니다! 카드는 영업일 기준 평균 3~4일 이내에 카드전용 배송기사가 직접 연락드린 후 전달드려요. 용돈계약을 통해 한정된 돈을 주시고 퍼핀월드도 꾸준히 해나간다면 돈 개념 형성에 큰 도움이 될 거에요^^ 카드가 빨리 도착하길 바라며, 앞으로 더욱 편리하고 유용한 퍼핀이 되기 위해 최선을 다해 업데이트 해나가겠습니다.","2023-04-04","0","0","0","0","0","0","0","","","","","6개 항목 어디에도 해당하지 않음 (기능 요청·오류 신고·단순 만족 표현 등)."
"873","f7a02c13-3804-4a59-a6f0-7a3104f474e2","2023-04-03","4","아이폰 언제 어플 출시되나요 ㅠㅠ??","ff35d7e054a3","23.3.2","0","별점 리뷰 감사합니다. 아이폰은 4월 말 출시를 예상하고 있어요~ 이용에 불편을 드려 죄송하며 조금만 더 기다려주시면 매우 감사드리겠습니다^^ 앞으로 더욱 편리하고 유용한 퍼핀이 되기 위해 최선을 다해 업데이트 해나가겠습니다!!","2023-04-04","0","0","0","0","0","0","0","","","","","6개 항목 어디에도 해당하지 않음 (기능 요청·오류 신고·단순 만족 표현 등)."
"874","d460fd97-c7ff-4f92-ab67-42da77370cdf","2023-04-03","4","검색하다가 알게된 용돈카드이지만 아이들한테 경제관념도움이 될수 있어서 좋아요. 근데 형제인데 카드이 일괄로서 만들어 헷갈려요 좀더 다양한 색으로 해주면 좋은데 그런점이 아쉬워요.","a1c72f12197b","23.3.2","2","리뷰 감사합니다. 퍼핀은 편리한 용돈 관리와 자녀의 올바른 돈 개념 형성, 경제금융 교육을 돕기 위해 만들어졌어요^^ 카드 디자인은 향후 아이들의 취향에 맞게, 두 자녀가 다르게 선택할 수 있도록 준비해보도록 하겠습니다! 앞으로 더욱 편리하고 유용한 퍼핀이 되기 위해 최선을 다해 업데이트 해나가겠습니다.","2023-04-03","0","0","0","0","0","0","0","","","","","6개 항목 어디에도 해당하지 않음 (기능 요청·오류 신고·단순 만족 표현 등)."
"875","1a07f67b-1f74-435b-961c-64e6f2200816","2023-04-03","5","재밌게 아이와 용돈관리하고 경제관념을 배워갈수 있어 좋네요!","ea3fb20ceb9a","23.3.2","1","리뷰 감사합니다. 퍼핀은 편리한 용돈 관리와 자녀의 올바른 돈 개념 형성, 경제금융 교육을 돕기 위해 만들어졌어요^^ 앞으로 더욱 편리하고 유용한 퍼핀이 되기 위해 최선을 다해 업데이트 해나가겠습니다!","2023-04-03","0","0","0","0","0","0","1","","","","재밌게 아이와 용돈관리하고 경제관념을 배워갈수 있어 좋네요!","아이가 경제·금융 지식을 실제로 익혔다는 경험 기반 서술 (핵심 페인포인트에 대한 반증 자료)."
"876","21540dce-bcf6-46c8-82a2-061917ef8d7b","2023-04-03","5","초등학교 6학년이 된 딸이 얼마전부터 본인의 개인카드가 있으면 좋겠단 이야기를 했었어서 인터넷에 몇차례 찾아봤는데 마땅한걸 못찾고 지나갔는데 오늘 우연히 인별그램 광고로 보게되서 다운 받게 되었어요 ㅎㅎ 모두가 말하는 카드 디자인이 한가지라는게 아쉽지만 교통카드 기능까지 함께 있어서 아이들에게는 너무 좋은 카드 같아요. 더군다나 일정 기간에 자동으로 이체되는 것과 퀴즈를 통해 보너스 용돈을 받는 것들이 신선합니다. 아쉬운 점은 보통 아이들이 가정에서 하는 간단한 심부름 항목도(신발장정리, 분리수거하기, 빨래널기 등) 자율적으로 만들어 추가할 수 있게해서 가정마다 용돈을 주는 방식을 만들어가면 좋을거 같아요^^","047c9788ef49","23.3.2","5","리뷰 감사합니다! 심부름은 아니지만 의미있게 용돈을 벌 수 있는 미션 이벤트들은 준비 중에 있습니다! 카드 디자인도 향후 아이들의 취향에 맞게 선택할 수 있도록 준비해보도록 하겠습니다. 차차 업데이트를 통해 더욱 유용한 퍼핀이 될 예정이니 꾸준한 관심과 이용 부탁드려요^^","2023-04-03","0","0","1","0","0","0","0","","","돈이_학습행동의_동기가_된_경험","…같아요. 더군다나 일정 기간에 자동으로 이체되는 것과 퀴즈를 통해 보너스 용돈을 받는 것들이 신선합니다. 아쉬운 점은 보통 아이들이 가정에서 하는 간단한 심부름 …","퀴즈·문제풀이와 금전 보상을 연결지어 긍정적으로 서술 — 보상이 학습 행동의 이유로 제시됨."
"877","89b9c083-db99-4716-a5a5-ff7fec1d89cc","2023-04-02","5","초등4학년 매번 현금 찾아 용돈주기 번거로웠는데 전용체크카드라니 좋네요. 바로 신청했어요. 아이도 좋아하네요~~^^","d6865b25a9bb","23.3.2","1","리뷰 감사합니다. 현금보다 훨씬 안전할 뿐 아니라 사용 기록도 남길 수 있어 관리 및 교육에도 큰 도움될거에요^^ 배송도 빨리 받아보실 수 있길 바랍니다. 아이의 첫 카드로 퍼핀을 선택해주셔서 감사드리며 앞으로 더욱 편리하고 유용한 퍼핀이 되기 위해 최선을 다해 업데이트 해나가겠습니다!!","2023-04-03","0","0","0","0","0","0","0","","","","","6개 항목 어디에도 해당하지 않음 (기능 요청·오류 신고·단순 만족 표현 등)."
"878","1d166551-fd83-40fa-a238-9f05590a49b0","2023-04-02","5","마침 카드로 용돈주려고 준비중 이었는데 진짜좋은 어플을 발견한것같아요^^ 벌써 500원벌었다고 좋아해요 ㅋㅋㅋ 아이의 용돈관리,소비습관 잡기 넘좋은 어플이예요~!","cc04c5bac4c3","23.3.2","2","리뷰 감사합니다. 퍼핀은 편리한 용돈 관리와 자녀의 올바른 돈 개념 형성, 경제금융 교육을 돕기 위해 만들어졌어요^^ 앞으로 더욱 편리하고 유용한 퍼핀이 되기 위해 최선을 다해 업데이트 해나가겠습니다!!","2023-04-03","0","0","1","0","1","0","0","긍정","","돈이_학습행동의_동기가_된_경험","마침 카드로 용돈주려고 준비중 이었는데 진짜좋은 어플을 발견한것같아요^^ 벌써 500원벌었다고 좋아해요 ㅋㅋㅋ 아이의 용돈관리,소비습관 잡기 넘좋은 어플이예요~!","퀴즈·문제풀이와 금전 보상을 연결지어 긍정적으로 서술 — 보상이 학습 행동의 이유로 제시됨."
"879","95b4266e-b44a-471d-a924-849cfad6edb8","2023-04-02","5","아이들 용돈 관리해보라고 신청했는데 편하고 퀴즈도 풀수있어서 만족스러워요","92ef39e9dcd5","23.3.2","0","리뷰 감사합니다. 용돈계약을 통해 한정된 용돈을 주기적으로 지급하고 관리해주신다면 더욱 효과적일 거에요^^ 앞으로 더욱 편리하고 유용한 퍼핀이 되기 위해 최선을 다해 업데이트 해나가겠습니다!!!","2023-04-03","0","0","0","0","0","0","0","","","","","6개 항목 어디에도 해당하지 않음 (기능 요청·오류 신고·단순 만족 표현 등)."
"880","60a653be-0c4b-492d-8a98-b9726f1b910c","2023-04-02","5","너무 너무 좋은 앱이에요. 저처럼 초딩도 카드를 되게 해주어서 이앱은 강추에요!!!!","6fc6d680b165","23.3.2","2","리뷰 감사합니다. 정기 용돈으로 계획적인 소비 생활과 퀴즈를 통해 경제금융 공부도 꾸준히 해나가면 앞으로 많은 도움이 되실거에요^^ 보상이벤트들도 준비 중이니 조금만 기다려주세요 :) 더욱 편리하고 유용한 퍼핀이 되기 위해 최선을 다해 업데이트 해나가겠습니다!!!","2023-04-03","0","0","0","0","0","0","0","","","","","6개 항목 어디에도 해당하지 않음 (기능 요청·오류 신고·단순 만족 표현 등)."
"881","c5b55570-bce5-43d9-8aa1-2d4e5378c4c1","2023-04-02","5","우연히 인스타광고보고 바로 신청했어요!! 초5학년 우리아이한테 딱 필요한거였거든요 벌써부터 용돈모으기 하고있네요^^ 그리구 세상에 삼성페이까지 된다니!! 기대만발입니다!! 굳이 카드 안갖구 다녀도 되구, 엄마쓸때마다 부러워했는데 ㅎㅎ 아이가 엄청 좋아해요 카드디자인도 남자아이인데 너무 맘에 든다합니다!! 아이가 카드 쓰기시작하면 주변친구들에게 엄청 홍보도 될것같네요 그러니 후딱 보내주세요^^ㅎㅎㅎ","6c28c5b938d4","23.3.2","2","리뷰 감사합니다. 삼성페이 사용을 위해서는 네이버페이에 퍼핀카드 등록을 꼭 해주셔야해요^^ 등록방법은 고객센터 온라인 결제 안내에 동영상으로도 상세히 안내되어 있으니 꼭 참고 부탁드리며 궁금하신 점은 고객센터 1:1채팅을 통해 주시면 언제든 빠르게 답변 드리겠습니다 :) 아드님의 첫 카드로 퍼핀을 선택해주셔서 매우 감사드리며, 앞으로 더욱 편리하고 유용한 퍼핀이 되기 위해 최선을 다해 업데이트 해나가겠습니다!!!","2023-04-03","0","0","0","0","0","0","0","","","","","6개 항목 어디에도 해당하지 않음 (기능 요청·오류 신고·단순 만족 표현 등)."
"882","7891544a-0c9d-465d-b470-46c8342b23d2","2023-04-01","5","아이둘의 용돈을 책임질 퍼핀!! 잘사용해보겠습니다.!","23394bcef883","23.3.2","2","리뷰 감사합니다. 용돈 계약을 통해 한정적인 용돈을 주고 관리해주신다면 경제교육 효과를 크게 얻으실 수 있으실 거에요^^ 아이 둘의 첫 카드로 퍼핀을 선택해주셔서 매우 감사드리며, 앞으로 더욱 편리하고 유용한 퍼핀이 되기 위해 최선을 다해 업데이트 해나가겠습니다!!!","2023-04-03","0","0","0","0","0","0","0","","","","","6개 항목 어디에도 해당하지 않음 (기능 요청·오류 신고·단순 만족 표현 등)."
"883","6fd48ffe-ddff-4af9-9e72-5337892edbba","2023-04-01","5","초등학교 들어가고 용돈때문에 여기저기 찾아보다 알게되어서 알림설정하고 앱설치에 카드까지 신청완료 아이가 돈을가지고 다니지않으니 덜불안하고 필요할때마다 챙겨줄수있어서 좋은것같아요 아이도 자기 카드가생겼다고 너무좋아하네요~ 퀴즈로 경제 상식은 덩~ 경제관념있는 아이로키우기 시작입니당!!","1a6e86d8b53e","23.3.2","2","리뷰 감사합니다. 용돈 계약을 통해 한정적인 용돈을 주고 관리해주신다면 경제교육 효과를 크게 얻으실 수 있으실 거에요^^
아이의 첫 카드로 퍼핀을 선택해주셔서 매우 감사드리며, 앞으로 더욱 편리하고 유용한 퍼핀이 되기 위해 최선을 다해 업데이트 해나가겠습니다!","2023-04-03","0","0","0","0","0","0","1","","","","…요 아이도 자기 카드가생겼다고 너무좋아하네요~ 퀴즈로 경제 상식은 덩~ 경제관념있는 아이로키우기 시작입니당!!","아이가 경제·금융 지식을 실제로 익혔다는 경험 기반 서술 (핵심 페인포인트에 대한 반증 자료)."
"884","f85a7d41-0a51-4723-b0c3-a6160f053f62","2023-04-01","5","용돈관리하기 편하고 교육도 되니 좋네요 다른 엄마가 추천해줘서 본건데 추천할만해요","8ef14dc67d39","23.3.2","1","리뷰 감사합니다. 퍼핀은 편리한 용돈 관리와 자녀의 올바른 돈 개념 형성, 경제금융 교육을 돕기 위해 만들어졌습니다^^ 앞으로 더욱 편리하고 유용한 퍼핀이 되기 위해 최선을 다해 업데이트 해나가겠습니다!","2023-04-03","0","0","0","0","0","0","1","","","","용돈관리하기 편하고 교육도 되니 좋네요 다른 엄마가 추천해줘서 본건데 추천할만해요","아이가 경제·금융 지식을 실제로 익혔다는 경험 기반 서술 (핵심 페인포인트에 대한 반증 자료)."
"885","6843f7cc-6b4a-4885-823c-95b311049646","2023-04-01","5","아이둘다신청하고있어요 본인이돈을 알맞게쓸수있길기대해보며^^","e95afe8fa571","23.3.2","2","리뷰 감사합니다. 카드는 영업일 기준 평균 3~4일 이내에 카드전용 배송기사가 직접 연락드린 후 전달드려요! 빨리 받아보실 수 있길 바랍니다^^ 아이들의 첫 카드로 선택해 주셔서 매우 감사드리며, 더욱 편리하고 유용한 퍼핀이 되기 위해 최선을 다해 업데이트 해나가겠습니다.","2023-04-03","0","0","0","0","0","0","0","","","","","6개 항목 어디에도 해당하지 않음 (기능 요청·오류 신고·단순 만족 표현 등)."
"886","0d2afd98-08bd-4bc1-92d5-b247410571fb","2023-03-31","5","아이용체크카드를 찾고있었는데 딱이네요.잘사용하겠습니다.^ ^","28a9b18d87df","23.3.2","1","리뷰 감사합니다. 퍼핀은 아이들과 부모님을 위해 필요한 기능들과 콘텐츠들로, 무엇보다 사용하기 쉽게 만들었어요^^ 앞으로 더욱 편리하고 유용한 퍼핀이 되기 위해 최선을 다해 업데이트 해나가겠습니다!","2023-04-03","0","0","0","0","0","0","0","","","","","6개 항목 어디에도 해당하지 않음 (기능 요청·오류 신고·단순 만족 표현 등)."
"887","2ae0c1df-eba7-4940-997d-9448b54a1747","2023-03-31","5","아이들에게 경제개념을 알려줄수있어 좋아요!!! 교통카드까지 대박","e06323d00f2e","23.3.2","2","리뷰 감사합니다. 퍼핀은 편리한 용돈 관리와 자녀의 올바른 돈 개념 형성, 경제금융 교육을 돕기 위해 만들어졌습니다^^ 앞으로 더욱 편리하고 유용한 퍼핀이 되기 위해 최선을 다해 업데이트 해나가겠습니다!","2023-04-03","0","0","0","0","0","0","0","","","","","6개 항목 어디에도 해당하지 않음 (기능 요청·오류 신고·단순 만족 표현 등)."
"888","e5f07df5-accf-4a10-b698-55274c878203","2023-03-31","4","아이에게 체크카드 만들어주고 싶었는데 초등저학년도 가능하고 한도도 적절하며 청소년유해업소는 결제가 안되는 것이 좋네요. 거기다 용돈을 얼마정도 설정해야될지가 고민이였는데 아이 나이에 맞춰 평균용돈이 있어 수월하게 정하였습니다. 카드신청하고 본인이름으로 된 첫카드라고 기대하고 있는데 얼른 오길 바랍니다.","cfed6d944698","23.3.2","21","리뷰 감사합니다. 카드는 영업일 기준 평균 3~4일 이내에 카드전용 배송기사가 직접 연락드린 후 전달드려요! 아이의 첫 카드로 선택해 주셔서 매우 감사드리며, 더욱 편리하고 유용한 퍼핀이 되기 위해 최선을 다해 업데이트 해나가겠습니다.","2023-04-03","0","0","0","0","0","0","0","","","","","6개 항목 어디에도 해당하지 않음 (기능 요청·오류 신고·단순 만족 표현 등)."
"889","79d558f9-3013-4437-b91e-658263451a07","2023-03-31","5","다이소에서 처음 사용했어요~^^ 첫카드고 출신된지 얼마 안되서 될까,,,,, 걱정했는데,, 사용 잘 되네요,,, 한달 퀴즈 다 맞추면 추가 용돈 주는것도 좋습니다~^^ 물론 엄마통장에서 나가지만,,,ㅋ첫 카드 잘 선택 한것 같네요 앞으로 좋은 이벤트 많이 하셔서 용돈 팍팍!! 주세요^^","da2bd02df8fd","23.3.2","5","리뷰 감사합니다^^ 퍼핀카드는 KB국민카드 결제 기반이라 모든 곳에서 안전하게 결제가 잘 된답니다! 추가 용돈 벌 수 있는 알찬이벤트도 준비하고 있으니 조금만 기다려주세요~ 첫 카드로 선택해주셔서 감사하며 앞으로 더욱 편리하고 유용한 퍼핀이 되기 위해 최선을 다해 업데이트 팍팍 해나가겠습니다!!","2023-04-03","0","0","1","1","0","1","0","","","돈보상의_아쉬움_또는_부작용","한달 퀴즈 다 맞추면 추가 용돈 주는것도 좋습니다~^^ 물론 엄마통장에서 나가지만,,,ㅋ","보상금이 부모 통장에서 나간다는 점을 언급."
"890","fe9bfd61-ffbf-46c6-9735-0b40a669f453","2023-03-31","5","은행 계좌를 만들기 힘든 어린 자녀들이 사용하기에 편한 카드라고 생각합니다. 앱 계정을 만들어가나 카드를 신청하는데 불편함이 없습니다.","13846fba68d3","23.3.2","3","리뷰 감사합니다. 더욱 편리하고 유용한 퍼핀이 되기 위해 최선을 다해 업데이트 해나가겠습니다!","2023-04-03","0","0","0","0","0","0","0","","","","","6개 항목 어디에도 해당하지 않음 (기능 요청·오류 신고·단순 만족 표현 등)."
"891","d517c2ee-b0e8-4652-a830-b8836094be7b","2023-03-31","4","깔끔한 구성과 게임과 같은 경제교육 프로그램도 잘되어 있어서 괜찮긴한데...한편으로는 미션등을 통해서 실제 경제활동?을 통한 용돈 벌기같은 메뉴도 있었으면 좋겠습니다. 간단한 방청소, 공부, 심부름 등의 기본 미션뿐만 아니라 때에따라 부모가 아이에게 직접 미션을 부여하고 성취도에 따른 용돈 지급 메뉴도 있음 좋지 않을까 합니다. 그리고 카드 디자인 단일화는 좀 아쉽기는 하네요. 오히려 아이들 눈높이에 맞춰서 퍼핀 캐릭터를 이용한 디자인이였으면 하는 아쉬움이...큽니다.","6f8e3d9f3711","23.3.2","34","리뷰와 다양한 의견들 매우 감사합니다. 심부름은 아니지만 용돈을 벌 수 있는 미션 이벤트는 준비 중에 있습니다! 카드 디자인도 향후 아이들의 취향에 맞게 선택할 수 있도록 준비해보도록 하겠습니다. 차차 업데이트를 통해 더욱 유용한 퍼핀이 될 예정이니 꾸준한 관심과 이용 부탁드려요^^","2023-03-31","0","0","0","0","0","0","1","","","","깔끔한 구성과 게임과 같은 경제교육 프로그램도 잘되어 있어서 괜찮긴한데...한편으로는 미션등을 통해서 실제 경제활동?을 통한 용돈 벌기같은 메뉴도 있었으면 좋겠습…","아이가 경제·금융 지식을 실제로 익혔다는 경험 기반 서술 (핵심 페인포인트에 대한 반증 자료)."
"892","64971364-aa10-4df4-b9ae-b029e5af6ee9","2023-03-30","5","자녀의 경제관념이 없어 고민했는데, 너무나 교욱에 유용한 앱입니다. 현금이 아닌 체크카드형식이고 삼성페이도 가능해서 일석이조에요","6a2d68a4d633","23.3.2","1","리뷰 감사합니다. 용돈계약을 시작으로 돈의 가치를 알고 스스로 관리할 수 있도록 꾸준히 지원해주시길 바랍니다^^ 삼성페이 사용 전에는 꼭 네이버페이에 퍼핀카드를 등록해주세요. 더욱 편리하고 유용한 퍼핀이 되기 위해 최선을 다해 업데이트 해나가겠습니다!","2023-03-31","0","0","0","0","0","0","1","","","","자녀의 경제관념이 없어 고민했는데, 너무나 교욱에 유용한 앱입니다. 현금이 아닌 체크카드형식이고 삼성페이도 가능해서 일석이조에요","아이가 경제·금융 지식을 실제로 익혔다는 경험 기반 서술 (핵심 페인포인트에 대한 반증 자료)."
"893","efae2ea7-3fef-4d29-b699-6a8d23706100","2023-03-30","5","너무 필요했던 앱이에요 초등5학년 금융학습도 되고 용돈관리를 위해 바로 카드 신청했어요 활용하기 좋게 구성되어 기대되요","c4c1f2853e8b","23.3.2","0","리뷰 감사합니다. 카드가 하루 빨리 도착하길 바랍니다^^ 더욱 편리하고 유용한 퍼핀이 되기 위해 최선을 다해 업데이트 해나가겠습니다!","2023-03-31","0","0","0","0","0","0","1","","","","너무 필요했던 앱이에요 초등5학년 금융학습도 되고 용돈관리를 위해 바로 카드 신청했어요 활용하기 좋게 구성되어 기대되요","아이가 경제·금융 지식을 실제로 익혔다는 경험 기반 서술 (핵심 페인포인트에 대한 반증 자료)."
"894","dd51ddfc-659d-4bdf-8168-437dfee693c2","2023-03-30","5","엄마가 깔아주셨어요. 어플이용이 쉬운거 같아요.","5edf96a42633","","2","리뷰 감사합니다. 혹시라도 앞으로 사용 중에 질문이나 의견이 생기시면 언제든 퍼핀앱 내 고객센터 1:1문의에 남겨주시길 바랍니다^^","2023-03-31","0","0","0","0","0","0","0","","","","","6개 항목 어디에도 해당하지 않음 (기능 요청·오류 신고·단순 만족 표현 등)."
"895","4b0fd971-ec0e-472d-b32d-17425b3ed802","2023-03-30","5","아이용돈 쉽게 줄수 있어 좋아요 편리하네요","b43c57275d56","23.3.2","0","리뷰 감사합니다. 용돈 계약을 통해 한정적인 용돈을 주고 관리해주신다면 경제교육 효과를 크게 얻으실 수 있으실 거에요^^ 더욱 편리하고 유용한 퍼핀이 되기 위해 최선을 다해 업데이트 해나가겠습니다!","2023-03-31","0","0","0","0","0","0","0","","","","","6개 항목 어디에도 해당하지 않음 (기능 요청·오류 신고·단순 만족 표현 등)."
"896","6b8fce4d-ec0c-43fa-9c14-a37dd392f963","2023-03-30","5","엄마가 새로 깔아 주셨어요. 잘사용해보겠습니다.","f4a6d1961bc7","23.3.2","2","리뷰 감사합니다. 앞으로 사용 중에 질문이나 의견이 생기시면 언제든 퍼핀앱 내 고객센터 1:1문의에 남겨주시길 바랍니다^^","2023-03-31","0","0","0","0","0","0","0","","","","","6개 항목 어디에도 해당하지 않음 (기능 요청·오류 신고·단순 만족 표현 등)."
"897","7f7cded0-300a-446f-b2fa-77c76691a8e3","2023-03-30","5","진짜 퍼핀같은 앱이 있어서 아이들 교육하기도 수월합니다~ 유용하게 사용할게요","1fdfcc867c5d","23.3.2","1","리뷰 감사합니다. 아이들 경제교육에 더욱 도움되고 유용한 서비스로 발전하기 위해 최선을 다하여 업데이트 해나가겠습니다!!","2023-03-31","0","0","0","0","0","0","1","","","","진짜 퍼핀같은 앱이 있어서 아이들 교육하기도 수월합니다~ 유용하게 사용할게요","아이가 경제·금융 지식을 실제로 익혔다는 경험 기반 서술 (핵심 페인포인트에 대한 반증 자료)."
"898","626dea51-44b5-45e7-bd61-e788bfd8827d","2023-03-30","5","아직 카드가 오지 않아 기다리고있어요~^^ 초등저학년이라 티머니로 용돈을 주고있었는데 그건 되는곳보다 안되는곳이 더 많아 고민하던 찰나 퍼핀알게되었어요~~^^ 오늘도 퀴즈풀며 용돈을 더 타가는데 재미들린 아들입니다^^","8930e51bd220","23.3.2","1","리뷰 감사합니다. 카드는 곧 받으실 수 있을 거에요~ 자녀분께 의미 깊은 선물이 되길 바랍니다^^ 퀴즈도 꾸준히 풀면 경제금융 상식 뿐 아니라 사고력도 눈에 띄게 발전되는 것을 체감하실 수 있을 거에요. 앞으로 더욱 유용한 퍼핀이 되기 위해 최선을 다해 업데이트 해나가겠습니다!","2023-03-30","0","0","1","0","1","0","0","긍정","","돈이_학습행동의_동기가_된_경험","…더 많아 고민하던 찰나 퍼핀알게되었어요~~^^ 오늘도 퀴즈풀며 용돈을 더 타가는데 재미들린 아들입니다^^","퀴즈·문제풀이와 금전 보상을 연결지어 긍정적으로 서술 — 보상이 학습 행동의 이유로 제시됨."
"899","00de9875-38ed-4af5-8cdf-9466fefe76f6","2023-03-30","5","지역카드를 용돈카드로 사용중이였는데 아이가 잔액관리 할수없어서 불편했는데 퍼핀으로 바꾸고 아이가 좋아합니다. 아이 스스로 용돈 관리를 할 수 있어서 돈에 대한 개념도 달라졌어요^^","c8044e0dfca0","23.3.2","1","리뷰 감사합니다. 아이가 스스로 사용 내역과 잔액 관리를 하게 되면 돈에 대한 책임 의식이 커지고, 그 만큼 돈에 대한 태도와 개념이 달라진답니다^^ 앞으로 더욱 유용하고 교육적인 기능과 컨텐츠들이 꾸준히 업데이트 될 예정이니 적극 활용 부탁드립니다!","2023-03-30","0","0","0","0","0","0","1","","","","지역카드를 용돈카드로 사용중이였는데 아이가 잔액관리 할수없어서 불편했는데 퍼핀으로 바꾸고 아이가 좋아합니다. 아이 스스로 용돈 관리를 할 수 있어서 돈에 대한 개…","아이가 경제·금융 지식을 실제로 익혔다는 경험 기반 서술 (핵심 페인포인트에 대한 반증 자료)."
"900","db2ebf06-562f-40fd-8732-98d0bd752abf","2023-03-30","5","퍼핀 앱 용돈 관리 하기 아주 편하고 좋아요 ! 용돈 관리 힘드신 분들에게 강추합니다 !","836b6a17052f","23.3.2","2","리뷰 감사합니다. 퍼핀은 편리한 용돈 관리와 자녀의 올바른 돈 개념 형성, 경제금융 교육까지 도움주기 위해 만들어졌습니다^^ 앞으로 더욱 유용한 퍼핀이 될 수 있도록 최선을 다해 업데이트 해나가겠습니다!","2023-03-30","0","0","0","0","0","0","0","","","","","6개 항목 어디에도 해당하지 않음 (기능 요청·오류 신고·단순 만족 표현 등)."
"901","1f45bdd5-43cf-42b1-ae7f-a2f11e2d8e93","2023-03-30","5","돈관리에 대해 기본상식을 알수 있어서 좋더라고요~ 추천합니다","47d8aba8a057","23.3.2","2","리뷰 감사합니다. 퍼핀의 모든 콘텐츠는 초등 4학년도 쉽게 이해할 수 있는 수준으로 구성되어 있답니다. 돈 관리 뿐 아니라 퍼핀월드를 통해 지식과 상식도 체계적으로 얻어갈 수 있으니 적극 활용해주시길 바랍니다^^ 앞으로 더욱 유용한 퍼핀이 될 수 있도록 최선을 다해 업데이트 해나가겠습니다!!","2023-03-30","0","0","0","0","0","0","1","","","","돈관리에 대해 기본상식을 알수 있어서 좋더라고요~ 추천합니다","아이가 경제·금융 지식을 실제로 익혔다는 경험 기반 서술 (핵심 페인포인트에 대한 반증 자료)."
"902","b08a2597-683c-48b8-98ee-a5505a7d29ba","2023-03-29","5","집에서 아이 학습과 전반적인 생활관리를 하며 학원처럼 포인트제를 하고 싶었는데 시각적으로 아기자기하면서 개인이 관리하기 편한 어플이 마땅치않았어요. 그러다 SNS광고를 보고 퍼핀을 알게되었고 아이에게 합의된 용돈을 주면서 금융학습과 과제 및 생활습관 관리를 하기에 적합한 프로그램이라는 걸 확신했습니다. 경제퀴즈를 통해 아이의 경제관념이 쑥쑥 커질 거 같아 기대만땅입니다. 어플이 워낙 취향저격이라 자꾸 손이 갈 것 같아요 :) 근데 아이폰이 부모명의로 되어있으면 가입이 안되는 거 같던데 그 부분이 좀 궁금합니다.","20c588698a65","23.3.2","3","리뷰 감사합니다. 매일 5문제씩 꾸준히 퍼핀월드 퀴즈를 해결해 나가면 기대 그 이상으로 경제 개념을 얻을 수 있을거라 확신합니다^^ 자녀 본인 명의의 휴대폰이어야만 본인 인증 후 카드 발급이 가능합니다. 관련하여 보다 자세한 내용 및 문의는 퍼핀 앱 내 고객센터를 통해 부탁드립니다.","2023-03-30","0","0","0","0","0","0","0","","","","","6개 항목 어디에도 해당하지 않음 (기능 요청·오류 신고·단순 만족 표현 등)."
"903","1361d9ea-d4f7-463b-ba74-f5389384e1ba","2023-03-29","5","초등학교6학년 아이에게 꼭 필요한 앱인것같아요~용돈 넣어주고 경제지식도 쌓고 퀴즈풀면서 재미와 용돈이 생기니 너무 좋아하네요^^다른겜 안하고 퍼핀으로 퀴즈풀고 용돈 번다고하네요~","ebffe6bc3ebe","23.3.2","2","리뷰 감사합니다. 하루에 5문제씩만 풀 수 있어서 자녀분이 다소 아쉬워할 수 도 있을 것 같아요^^ 앞으로 더욱 유용하고 알찬 컨텐츠로 가득한 퍼핀이 되기 위해 최선을 다하겠습니다!","2023-03-30","0","0","1","0","1","0","1","긍정","","돈이_학습행동의_동기가_된_경험","…꼭 필요한 앱인것같아요~용돈 넣어주고 경제지식도 쌓고 퀴즈풀면서 재미와 용돈이 생기니 너무 좋아하네요^^다른겜 안하고 퍼핀으로 퀴즈풀고 용돈 번다고하네요~","퀴즈·문제풀이와 금전 보상을 연결지어 긍정적으로 서술 — 보상이 학습 행동의 이유로 제시됨."
"904","d5c1ad3f-bcfc-433f-9469-fd23f3769009","2023-03-29","5","필요했건건데 좋네요","f907d801a893","23.3.2","2","리뷰 감사합니다. 앞으로 사용 중에 질문이나 의견이 생기시면 언제든 퍼핀앱 내 고객센터 1:1문의에 남겨주시길 바랍니다^^","2023-03-30","0","0","0","0","0","0","0","","","","","6개 항목 어디에도 해당하지 않음 (기능 요청·오류 신고·단순 만족 표현 등)."
"905","11089b37-0d06-4a92-b52c-bc3f9c8903da","2023-03-29","5","좋은앱이네요 ㅎ 용돈관리도되고 퀴즈도 있고 잘 사용해볼게요^^","1e1de6b4264f","23.3.2","1","리뷰 감사합니다. 앞으로 더욱 유용한 퍼핀이 될 수 있도록 최선을 다해 업데이트 해나가겠습니다!!","2023-03-30","0","0","0","0","0","0","0","","","","","6개 항목 어디에도 해당하지 않음 (기능 요청·오류 신고·단순 만족 표현 등)."
"906","26e047b4-2d43-4f2b-aa40-e71766aedf4e","2023-03-29","5","앱 사용성이 깔끔하고 좋네요. 빨리 기능 추가되었으면 좋겠습니다.","112d1df60524","23.3.2","2","리뷰 감사합니다! 앞으로 사용성 뿐 아니라 더욱 유용한 퍼핀이 될 수 있도록 최선을 다해 업데이트 해나가겠습니다.","2023-03-30","0","0","0","0","0","0","0","","","","","6개 항목 어디에도 해당하지 않음 (기능 요청·오류 신고·단순 만족 표현 등)."
"907","43eb53b2-0ea5-4ab3-970e-59ada30f81bf","2023-03-29","4","출시 알람 설정두었다가 바로 받아서 설치, 사용 시작했어요. 아이들이 카드오기만 기다립니다. 카드 디자인이 선택폭이 없어 아이들이 조금 아숴워하네요. 퀴즈를 통해 아이들은 추가로 용돈을 받을 수 있어서 좋고, 부모는 어떤걸 가르쳐야하나 막막했는데 퍼핀이 알아서 가르쳐주니 좋고~일석이조 입니다.^^ 그리고 그동안 직접 작성하던 용돈기입장을 좀 어려워 했는데 이제는 자동으로 입력되고 확인할 수 있다고 하니 너무 편리하다고 좋다고 하네요. 좋은 서비스 만들어주셔서 감사합니다.","7499ad00d463","23.3.2","73","리뷰 감사합니다. 시간이 다소 걸리겠지만 카드디자인을 다양하게 제안드릴 수 있도록 준비해보겠습니다! 더욱 편리한 사용성과 유익한 기능을 제공하기 위해 최선을 다해 노력하겠습니다!","2023-03-29","0","0","1","0","0","0","1","","","돈이_학습행동의_동기가_된_경험","… 디자인이 선택폭이 없어 아이들이 조금 아숴워하네요. 퀴즈를 통해 아이들은 추가로 용돈을 받을 수 있어서 좋고, 부모는 어떤걸 가르쳐야하나 막막했는데 퍼핀이 알아…","퀴즈·문제풀이와 금전 보상을 연결지어 긍정적으로 서술 — 보상이 학습 행동의 이유로 제시됨."
"908","4df0c903-71a2-46e2-80dd-d39ec482836a","2023-03-29","5","용돈주기 너무 편해요 ♡♡","ae5ae066e2f7","23.3.2","3","리뷰 감사합니다. 용돈 주고받기 뿐 아니라 자녀의 교육에도 큰 도움되는 퍼핀이 되기 위해 노력하겠습니다!","2023-03-29","0","0","0","0","0","0","0","","","","","6개 항목 어디에도 해당하지 않음 (기능 요청·오류 신고·단순 만족 표현 등)."
"909","c73175f3-a42b-4eb1-9471-cd47bf2522e3","2023-03-28","5","깔끔 빠름","17b927c5d931","23.3.2","3","리뷰 감사합니다. 쾌적하고 편리한 사용을 넘어 재치있는 퍼핀이 되기 위해 더욱 노력하겠습니다!","2023-03-29","0","0","0","0","0","0","0","","","","","6개 항목 어디에도 해당하지 않음 (기능 요청·오류 신고·단순 만족 표현 등)."
"910","435e2eac-331d-4e6c-9b69-47fb32b1f4f3","2023-03-28","5","초등아이 슬기로운 경제활동이 가능한 방법이 없을까 고민하던중 초등 용돈 맞춤형 퍼핀카드 출시 소식을 접하고 손꼽아 기다리다 바로 신청합니다. 카드 얼른 배송되어오면 좋겠습니다.고맙습니다.","c871277e3236","23.3.2","3","리뷰 감사합니다. 앞으로 사용 중에 질문이나 의견이 생기시면 언제든 퍼핀앱 내 고객센터 1:1문의에 남겨주시길 바랍니다^^","2023-03-29","0","0","0","0","0","0","0","","","","","6개 항목 어디에도 해당하지 않음 (기능 요청·오류 신고·단순 만족 표현 등)."
"911","2739b293-f68c-4fcc-a77f-f8f09fe7f716","2023-03-28","5","초등학생한테 꼭 있었으면 했던 체크카드인데 이렇게 출시되어 너무 좋아요..아이가 어디에 썼는지도 확인할 수 있어서 너무 좋은것 같아요. 선불교통카드기능까지 있다니 좋은것 같아요. 아직 카드가 배송되지않아 사용해보진 않았지만 기대되요. 카드디자인을 선택할 수 있었으면 더 좋을것 같아요.","05b0059d4da1","23.3.2","34","리뷰 감사합니다. 시간이 다소 걸리겠지만 카드디자인을 다양하게 제안드릴 수 있도록 준비해보겠습니다! 사용 중에 질문이나 의견이 생기시면 언제든 퍼핀앱 내 고객센터 1:1문의에 남겨주시길 바랍니다^^","2023-03-29","0","0","0","0","0","0","0","","","","","6개 항목 어디에도 해당하지 않음 (기능 요청·오류 신고·단순 만족 표현 등)."
"912","5476f5bd-cecb-4e1a-b4fa-1878b573c27f","2023-03-28","5","초등학생에게 카드를 만들어주자니 고민되고, 현금을 주긴 불안했는데 필요한 앱을 만들어주셔서 감사합니다.","4a702b4e17fa","23.3.2","2","리뷰 감사합니다. 퍼핀은 부모님의 마음으로, 최대한 안전하고 편리하게 자녀 용돈 관리를 할 수 있도록 지원하고자 합니다. 앞으로도 사용 중에 질문이나 의견이 생기시면 언제든 퍼핀앱 내 고객센터 1:1문의에 남겨주시길 바랍니다^^","2023-03-29","0","0","0","0","0","0","0","","","","","6개 항목 어디에도 해당하지 않음 (기능 요청·오류 신고·단순 만족 표현 등)."
"913","3883d889-e3fb-450f-9156-f6d6110cda5c","2023-03-28","5","우리 아이 첫 카드 입니다. 용돈을 관리할수 있어서 만족합니다.","4407721ee074","23.3.2","3","리뷰 감사합니다. 아이에게도 매우 의미있는 선물이 될 거에요^^ 앞으로도 사용 중에 질문이나 의견이 생기시면 언제든 퍼핀앱 내 고객센터 1:1문의에 남겨주시길 바랍니다^^","2023-03-29","0","0","0","0","0","0","0","","","","","6개 항목 어디에도 해당하지 않음 (기능 요청·오류 신고·단순 만족 표현 등)."
"914","3ae335a8-aed1-4a1c-a762-285fb6de6fc0","2023-03-28","5","내아이의 용돈관리가 쉬워졌어요! 초등학생인 아이에게 용돈을 주거나 어떻게 쓰는지 알기 쉽고 관리하기 쉬워져서 너무 좋은 것 같아요! 교통카드까지 함께 되니까 더욱! 만족스럽네요~","672293bb1274","23.3.2","5","리뷰 감사합니다. 앞으로 더욱 편리하고 유용할 뿐 아니라 자녀 교육에도 큰 도움이 될 수 있는 퍼핀이 되기 위해 최선을 다해 노력하겠습니다!","2023-03-29","0","0","0","0","0","0","0","","","","","6개 항목 어디에도 해당하지 않음 (기능 요청·오류 신고·단순 만족 표현 등)."
"915","5285594d-8c1d-4bf7-8c35-6924efa9b1b0","2023-03-28","5","아이 용돈 일일히 메모해두며 쓰고 있었는데 너무 편리하고 좋네요^^","1080e599d031","23.3.2","1","리뷰 감사합니다. 용돈 기록을 통해 올바른 소비 습관이 형성될 수 있도록 더욱 알찬 기능들을 준비하고 있습니다! 앞으로도 사용 중에 질문이나 의견이 생기시면 언제든 퍼핀앱 내 고객센터 1:1문의에 남겨주시길 바랍니다^^","2023-03-29","0","0","0","0","0","0","0","","","","","6개 항목 어디에도 해당하지 않음 (기능 요청·오류 신고·단순 만족 표현 등)."
"916","9b56f3ed-f72c-4404-af5a-55fca51dea63","2023-03-28","5","드디어 퍼핀이 나왔네요!!제이름으로 체크카드 발급해서 썻는데 이젠 아이이름으로 카드 발급이 되어서 너~무 좋아요.아이가 많이 좋아할꺼 같아요^^","95f957705ce3","23.3.2","2","리뷰 감사합니다. 아이가 본인 이름의 카드를 갖게 되면 돈에 대한 책임감도 더 커질 거에요^^ 앞으로 더 큰 도움이 될 수 있는 퍼핀이 되기 위해 최선을 다해 노력하겠습니다!","2023-03-29","0","0","0","0","0","0","0","","","","","6개 항목 어디에도 해당하지 않음 (기능 요청·오류 신고·단순 만족 표현 등)."
"917","b9ad3f81-af25-4c2c-9878-09478c4a52ef","2023-03-28","5","편리하고 재미있게 잘 만들었네요^^ 자녀 용돈 관리에 이만한 어플이 없을 듯 하네요!!","285148804038","23.3.2","4","리뷰 감사합니다. 앞으로 더욱 유용한 퍼핀이 될 수 있도록 최선을 다해 업데이트 해나가겠습니다.","2023-03-29","0","0","0","0","0","0","0","","","","","6개 항목 어디에도 해당하지 않음 (기능 요청·오류 신고·단순 만족 표현 등)."
"918","358bc74d-dfcd-49b1-a024-7092b2e98b3c","2023-03-28","5","아이가 자꾸 우리집 얼마 벌어? 당근 해서 돈 벌어서 용돈 벌을래 라고 하는데요. 제가 직접 돈교육 하기는 또 어렵더라구요. 쉽고 재미있게 돈감각을 익힐 수 있겠다 싶어서 설치해봅니다.","5adfd81c9214","23.3.2","3","리뷰 감사합니다. 아이들이 대답하기 난감한 돈에 대한 질문을 많이 하지요~ 퍼핀에서 교육 잘 해드릴게요^^ 부모님들께도 도움되는 콘텐츠를 제공해드리니 퍼핀앱 자주 들어와주세요♥","2023-03-29","0","0","0","0","0","0","0","","","","","6개 항목 어디에도 해당하지 않음 (기능 요청·오류 신고·단순 만족 표현 등)."
"919","10c5729c-def4-4a85-9e3c-047dfca2deef","2023-03-28","5","초등 저학년 학부모 입니다. 늘 어떻게 용돈을 줄지 고민이였는데 큰 도움이 될 것 같아요. 아이가 올바른 경제관도 가질 수 있도록 부탁드려요. 감사합니다.","22c53676df40","23.3.2","3","리뷰 감사합니다. 퍼핀은 아이들의 경제금융교육을 위해 만들어진 서비스입니다^^ 무엇보다 돈에 대한 개념을 잘 형성할 수 있도록 최선을 다해 업데이트 해나가도록 하겠습니다!","2023-03-29","0","0","0","0","0","0","0","","","","","6개 항목 어디에도 해당하지 않음 (기능 요청·오류 신고·단순 만족 표현 등)."
"920","02db1dea-3caa-4a76-8956-8560165b0f3c","2023-03-28","5","아이 용돈줄때 고민이 많았는데 한번 써봐야겠네요. 디자인이 예뻐서 아이도 좋아할것 같아요~","5408bfccd3d6","","5","리뷰 감사합니다^^ 디자인이 마음에 드셨군요! 기능적으로도 더욱 도움드릴 수 있는 퍼핀이 되기 위해 최선을 다해 노력할게요.","2023-03-29","0","0","0","0","0","0","0","","","","","6개 항목 어디에도 해당하지 않음 (기능 요청·오류 신고·단순 만족 표현 등)."
"921","dc231676-d217-4d09-bee2-0b09455de155","2023-03-28","5","아이 카드로 용돈 관리랑 금융교육까지 할수있어 좋네요. 이렇게 교육쪽도 잘되어있는건 처음 봅니다.","e332c557d9af","23.3.2","5","리뷰 감사합니다. 퍼핀은 아이들의 경제금융교육을 위해 만들어진 서비스입니다^^ 앞으로 더욱 발전된 용돈 관리와 교육 경험을 드리기 위해 최선을 다해 업데이트 해나가도록 하겠습니다!","2023-03-29","0","0","0","0","0","0","1","","","","아이 카드로 용돈 관리랑 금융교육까지 할수있어 좋네요. 이렇게 교육쪽도 잘되어있는건 처음 봅니다.","아이가 경제·금융 지식을 실제로 익혔다는 경험 기반 서술 (핵심 페인포인트에 대한 반증 자료)."
